WORK=/tmp/go-build29350899
cd /root/research/bettercap
git status --porcelain
cd /root/research/bettercap
git -c log.showsignature=false log -1 --format=%H:%ct
cd /root/research/bettercap; git -c log.showsignature=false log --no-decorate -n1 '--format=format:%H %ct %D' 56fb6166976bc60f0195320f116849a61b231bf0 --
0.002s # cd /root/research/bettercap; git -c log.showsignature=false log --no-decorate -n1 '--format=format:%H %ct %D' 56fb6166976bc60f0195320f116849a61b231bf0 --
cd /root/research/bettercap; git for-each-ref --format %(refname) refs/tags --merged 56fb6166976bc60f0195320f116849a61b231bf0
0.001s # cd /root/research/bettercap; git for-each-ref --format %(refname) refs/tags --merged 56fb6166976bc60f0195320f116849a61b231bf0
cd /root/research/bettercap; git -c log.showsignature=false log --no-decorate -n1 '--format=format:%H %ct %D' 56fb6166976b --
0.001s # cd /root/research/bettercap; git -c log.showsignature=false log --no-decorate -n1 '--format=format:%H %ct %D' 56fb6166976b --
cd /root/research/bettercap; git cat-file blob 56fb6166976bc60f0195320f116849a61b231bf0:go.mod
0.001s # cd /root/research/bettercap; git cat-file blob 56fb6166976bc60f0195320f116849a61b231bf0:go.mod
runtime/cgo
mkdir -p $WORK/b104/
cd /root/go/pkg/mod/golang.org/toolchain@v0.0.1-go1.24.4.linux-amd64/src/runtime/cgo
TERM='dumb' CGO_LDFLAGS='' /root/go/pkg/mod/golang.org/toolchain@v0.0.1-go1.24.4.linux-amd64/pkg/tool/linux_amd64/cgo -objdir $WORK/b104/ -importpath runtime/cgo -import_runtime_cgo=false -import_syscall=false "-ldflags=\"/root/research/libpcap-android/arm64-v8a/21/libpcap.a\" \"-llog\" \"-llog\"" -- -I/root/research/libpcap-android/include -I $WORK/b104/ -I/root/research/libpcap-android/include -Wall -Werror -fno-stack-protector -Wdeclaration-after-statement ./cgo.go
cd $WORK/b104
TERM='dumb' /root/android-ndk/android-ndk-r26d/toolchains/llvm/prebuilt/linux-x86_64/bin/aarch64-linux-android21-clang -I /root/go/pkg/mod/golang.org/toolchain@v0.0.1-go1.24.4.linux-amd64/src/runtime/cgo -fPIC -pthread -fno-caret-diagnostics -Qunused-arguments -Wl,--no-gc-sections -fmessage-length=0 -ffile-prefix-map=$WORK/b104=/tmp/go-build -gno-record-gcc-switches -I/root/research/libpcap-android/include -I $WORK/b104/ -I/root/research/libpcap-android/include -Wall -Werror -fno-stack-protector -Wdeclaration-after-statement -ffile-prefix-map=/root/go/pkg/mod/golang.org/toolchain@v0.0.1-go1.24.4.linux-amd64=/_/GOROOT -frandom-seed=ceqmBViTAg9wdQMrf8sJ -o $WORK/b104/_x001.o -c _cgo_export.c
TERM='dumb' /root/android-ndk/android-ndk-r26d/toolchains/llvm/prebuilt/linux-x86_64/bin/aarch64-linux-android21-clang -I /root/go/pkg/mod/golang.org/toolchain@v0.0.1-go1.24.4.linux-amd64/src/runtime/cgo -fPIC -pthread -fno-caret-diagnostics -Qunused-arguments -Wl,--no-gc-sections -fmessage-length=0 -ffile-prefix-map=$WORK/b104=/tmp/go-build -gno-record-gcc-switches -I/root/research/libpcap-android/include -I $WORK/b104/ -I/root/research/libpcap-android/include -Wall -Werror -fno-stack-protector -Wdeclaration-after-statement -ffile-prefix-map=/root/go/pkg/mod/golang.org/toolchain@v0.0.1-go1.24.4.linux-amd64=/_/GOROOT -frandom-seed=ceqmBViTAg9wdQMrf8sJ -o $WORK/b104/_x002.o -c cgo.cgo2.c
cd /root/go/pkg/mod/golang.org/toolchain@v0.0.1-go1.24.4.linux-amd64/src/runtime/cgo
TERM='dumb' /root/android-ndk/android-ndk-r26d/toolchains/llvm/prebuilt/linux-x86_64/bin/aarch64-linux-android21-clang -I . -fPIC -pthread -fno-caret-diagnostics -Qunused-arguments -Wl,--no-gc-sections -fmessage-length=0 -ffile-prefix-map=$WORK/b104=/tmp/go-build -gno-record-gcc-switches -I/root/research/libpcap-android/include -I $WORK/b104/ -I/root/research/libpcap-android/include -Wall -Werror -fno-stack-protector -Wdeclaration-after-statement -ffile-prefix-map=/root/go/pkg/mod/golang.org/toolchain@v0.0.1-go1.24.4.linux-amd64=/_/GOROOT -frandom-seed=ceqmBViTAg9wdQMrf8sJ -o $WORK/b104/_x003.o -c gcc_android.c
TERM='dumb' /root/android-ndk/android-ndk-r26d/toolchains/llvm/prebuilt/linux-x86_64/bin/aarch64-linux-android21-clang -I . -fPIC -pthread -fno-caret-diagnostics -Qunused-arguments -Wl,--no-gc-sections -fmessage-length=0 -ffile-prefix-map=$WORK/b104=/tmp/go-build -gno-record-gcc-switches -I/root/research/libpcap-android/include -I $WORK/b104/ -I/root/research/libpcap-android/include -Wall -Werror -fno-stack-protector -Wdeclaration-after-statement -ffile-prefix-map=/root/go/pkg/mod/golang.org/toolchain@v0.0.1-go1.24.4.linux-amd64=/_/GOROOT -frandom-seed=ceqmBViTAg9wdQMrf8sJ -o $WORK/b104/_x004.o -c gcc_context.c
TERM='dumb' /root/android-ndk/android-ndk-r26d/toolchains/llvm/prebuilt/linux-x86_64/bin/aarch64-linux-android21-clang -I . -fPIC -pthread -fno-caret-diagnostics -Qunused-arguments -Wl,--no-gc-sections -fmessage-length=0 -ffile-prefix-map=$WORK/b104=/tmp/go-build -gno-record-gcc-switches -I/root/research/libpcap-android/include -I $WORK/b104/ -I/root/research/libpcap-android/include -Wall -Werror -fno-stack-protector -Wdeclaration-after-statement -ffile-prefix-map=/root/go/pkg/mod/golang.org/toolchain@v0.0.1-go1.24.4.linux-amd64=/_/GOROOT -frandom-seed=ceqmBViTAg9wdQMrf8sJ -o $WORK/b104/_x005.o -c gcc_libinit.c
TERM='dumb' /root/android-ndk/android-ndk-r26d/toolchains/llvm/prebuilt/linux-x86_64/bin/aarch64-linux-android21-clang -I . -fPIC -pthread -fno-caret-diagnostics -Qunused-arguments -Wl,--no-gc-sections -fmessage-length=0 -ffile-prefix-map=$WORK/b104=/tmp/go-build -gno-record-gcc-switches -I/root/research/libpcap-android/include -I $WORK/b104/ -I/root/research/libpcap-android/include -Wall -Werror -fno-stack-protector -Wdeclaration-after-statement -ffile-prefix-map=/root/go/pkg/mod/golang.org/toolchain@v0.0.1-go1.24.4.linux-amd64=/_/GOROOT -frandom-seed=ceqmBViTAg9wdQMrf8sJ -o $WORK/b104/_x006.o -c gcc_linux_arm64.c
TERM='dumb' /root/android-ndk/android-ndk-r26d/toolchains/llvm/prebuilt/linux-x86_64/bin/aarch64-linux-android21-clang -I . -fPIC -pthread -fno-caret-diagnostics -Qunused-arguments -Wl,--no-gc-sections -fmessage-length=0 -ffile-prefix-map=$WORK/b104=/tmp/go-build -gno-record-gcc-switches -I/root/research/libpcap-android/include -I $WORK/b104/ -I/root/research/libpcap-android/include -Wall -Werror -fno-stack-protector -Wdeclaration-after-statement -ffile-prefix-map=/root/go/pkg/mod/golang.org/toolchain@v0.0.1-go1.24.4.linux-amd64=/_/GOROOT -frandom-seed=ceqmBViTAg9wdQMrf8sJ -o $WORK/b104/_x007.o -c gcc_mmap.c
TERM='dumb' /root/android-ndk/android-ndk-r26d/toolchains/llvm/prebuilt/linux-x86_64/bin/aarch64-linux-android21-clang -I . -fPIC -pthread -fno-caret-diagnostics -Qunused-arguments -Wl,--no-gc-sections -fmessage-length=0 -ffile-prefix-map=$WORK/b104=/tmp/go-build -gno-record-gcc-switches -I/root/research/libpcap-android/include -I $WORK/b104/ -I/root/research/libpcap-android/include -Wall -Werror -fno-stack-protector -Wdeclaration-after-statement -ffile-prefix-map=/root/go/pkg/mod/golang.org/toolchain@v0.0.1-go1.24.4.linux-amd64=/_/GOROOT -frandom-seed=ceqmBViTAg9wdQMrf8sJ -o $WORK/b104/_x008.o -c gcc_setenv.c
TERM='dumb' /root/android-ndk/android-ndk-r26d/toolchains/llvm/prebuilt/linux-x86_64/bin/aarch64-linux-android21-clang -I . -fPIC -pthread -fno-caret-diagnostics -Qunused-arguments -Wl,--no-gc-sections -fmessage-length=0 -ffile-prefix-map=$WORK/b104=/tmp/go-build -gno-record-gcc-switches -I/root/research/libpcap-android/include -I $WORK/b104/ -I/root/research/libpcap-android/include -Wall -Werror -fno-stack-protector -Wdeclaration-after-statement -ffile-prefix-map=/root/go/pkg/mod/golang.org/toolchain@v0.0.1-go1.24.4.linux-amd64=/_/GOROOT -frandom-seed=ceqmBViTAg9wdQMrf8sJ -o $WORK/b104/_x009.o -c gcc_sigaction.c
TERM='dumb' /root/android-ndk/android-ndk-r26d/toolchains/llvm/prebuilt/linux-x86_64/bin/aarch64-linux-android21-clang -I . -fPIC -pthread -fno-caret-diagnostics -Qunused-arguments -Wl,--no-gc-sections -fmessage-length=0 -ffile-prefix-map=$WORK/b104=/tmp/go-build -gno-record-gcc-switches -I/root/research/libpcap-android/include -I $WORK/b104/ -I/root/research/libpcap-android/include -Wall -Werror -fno-stack-protector -Wdeclaration-after-statement -ffile-prefix-map=/root/go/pkg/mod/golang.org/toolchain@v0.0.1-go1.24.4.linux-amd64=/_/GOROOT -frandom-seed=ceqmBViTAg9wdQMrf8sJ -o $WORK/b104/_x010.o -c gcc_stack_unix.c
TERM='dumb' /root/android-ndk/android-ndk-r26d/toolchains/llvm/prebuilt/linux-x86_64/bin/aarch64-linux-android21-clang -I . -fPIC -pthread -fno-caret-diagnostics -Qunused-arguments -Wl,--no-gc-sections -fmessage-length=0 -ffile-prefix-map=$WORK/b104=/tmp/go-build -gno-record-gcc-switches -I/root/research/libpcap-android/include -I $WORK/b104/ -I/root/research/libpcap-android/include -Wall -Werror -fno-stack-protector -Wdeclaration-after-statement -ffile-prefix-map=/root/go/pkg/mod/golang.org/toolchain@v0.0.1-go1.24.4.linux-amd64=/_/GOROOT -frandom-seed=ceqmBViTAg9wdQMrf8sJ -o $WORK/b104/_x011.o -c gcc_traceback.c
TERM='dumb' /root/android-ndk/android-ndk-r26d/toolchains/llvm/prebuilt/linux-x86_64/bin/aarch64-linux-android21-clang -I . -fPIC -pthread -fno-caret-diagnostics -Qunused-arguments -Wl,--no-gc-sections -fmessage-length=0 -ffile-prefix-map=$WORK/b104=/tmp/go-build -gno-record-gcc-switches -I/root/research/libpcap-android/include -I $WORK/b104/ -I/root/research/libpcap-android/include -Wall -Werror -fno-stack-protector -Wdeclaration-after-statement -ffile-prefix-map=/root/go/pkg/mod/golang.org/toolchain@v0.0.1-go1.24.4.linux-amd64=/_/GOROOT -frandom-seed=ceqmBViTAg9wdQMrf8sJ -o $WORK/b104/_x012.o -c gcc_util.c
TERM='dumb' /root/android-ndk/android-ndk-r26d/toolchains/llvm/prebuilt/linux-x86_64/bin/aarch64-linux-android21-clang -I . -fPIC -pthread -fno-caret-diagnostics -Qunused-arguments -Wl,--no-gc-sections -fmessage-length=0 -ffile-prefix-map=$WORK/b104=/tmp/go-build -gno-record-gcc-switches -I/root/research/libpcap-android/include -I $WORK/b104/ -I/root/research/libpcap-android/include -Wall -Werror -fno-stack-protector -Wdeclaration-after-statement -ffile-prefix-map=/root/go/pkg/mod/golang.org/toolchain@v0.0.1-go1.24.4.linux-amd64=/_/GOROOT -frandom-seed=ceqmBViTAg9wdQMrf8sJ -o $WORK/b104/_x013.o -c linux_syscall.c
TERM='dumb' /root/android-ndk/android-ndk-r26d/toolchains/llvm/prebuilt/linux-x86_64/bin/aarch64-linux-android21-clang -I . -fPIC -pthread -fno-caret-diagnostics -Qunused-arguments -Wl,--no-gc-sections -fmessage-length=0 -ffile-prefix-map=$WORK/b104=/tmp/go-build -gno-record-gcc-switches -I/root/research/libpcap-android/include -I $WORK/b104/ -I/root/research/libpcap-android/include -Wall -Werror -fno-stack-protector -Wdeclaration-after-statement -ffile-prefix-map=/root/go/pkg/mod/golang.org/toolchain@v0.0.1-go1.24.4.linux-amd64=/_/GOROOT -frandom-seed=ceqmBViTAg9wdQMrf8sJ -o $WORK/b104/_x014.o -c gcc_arm64.S
cd $WORK/b104
TERM='dumb' /root/android-ndk/android-ndk-r26d/toolchains/llvm/prebuilt/linux-x86_64/bin/aarch64-linux-android21-clang -I /root/go/pkg/mod/golang.org/toolchain@v0.0.1-go1.24.4.linux-amd64/src/runtime/cgo -fPIC -pthread -fno-caret-diagnostics -Qunused-arguments -Wl,--no-gc-sections -fmessage-length=0 -ffile-prefix-map=$WORK/b104=/tmp/go-build -gno-record-gcc-switches -I/root/research/libpcap-android/include -I $WORK/b104/ -I/root/research/libpcap-android/include -Wall -Werror -fno-stack-protector -Wdeclaration-after-statement -ffile-prefix-map=/root/go/pkg/mod/golang.org/toolchain@v0.0.1-go1.24.4.linux-amd64=/_/GOROOT -frandom-seed=ceqmBViTAg9wdQMrf8sJ -o $WORK/b104/_cgo_main.o -c _cgo_main.c
cd /root/research/bettercap
TERM='dumb' /root/android-ndk/android-ndk-r26d/toolchains/llvm/prebuilt/linux-x86_64/bin/aarch64-linux-android21-clang -I /root/go/pkg/mod/golang.org/toolchain@v0.0.1-go1.24.4.linux-amd64/src/runtime/cgo -fPIC -pthread -fno-caret-diagnostics -Qunused-arguments -Wl,--no-gc-sections -fmessage-length=0 -ffile-prefix-map=$WORK/b104=/tmp/go-build -gno-record-gcc-switches -o $WORK/b104/_cgo_.o $WORK/b104/_cgo_main.o $WORK/b104/_x001.o $WORK/b104/_x002.o $WORK/b104/_x003.o $WORK/b104/_x004.o $WORK/b104/_x005.o $WORK/b104/_x006.o $WORK/b104/_x007.o $WORK/b104/_x008.o $WORK/b104/_x009.o $WORK/b104/_x010.o $WORK/b104/_x011.o $WORK/b104/_x012.o $WORK/b104/_x013.o $WORK/b104/_x014.o /root/research/libpcap-android/arm64-v8a/21/libpcap.a -llog -llog -pie
/root/android-ndk/android-ndk-r26d/toolchains/llvm/prebuilt/linux-x86_64/bin/aarch64-linux-android21-clang -I /root/go/pkg/mod/golang.org/toolchain@v0.0.1-go1.24.4.linux-amd64/src/runtime/cgo -fPIC -pthread -fno-caret-diagnostics -Qunused-arguments -Wl,--no-gc-sections -fmessage-length=0 -ffile-prefix-map=$WORK/b104=/tmp/go-build -gno-record-gcc-switches -o $WORK/b104/_cgo_.o $WORK/b104/_cgo_main.o $WORK/b104/_x001.o $WORK/b104/_x002.o $WORK/b104/_x003.o $WORK/b104/_x004.o $WORK/b104/_x005.o $WORK/b104/_x006.o $WORK/b104/_x007.o $WORK/b104/_x008.o $WORK/b104/_x009.o $WORK/b104/_x010.o $WORK/b104/_x011.o $WORK/b104/_x012.o $WORK/b104/_x013.o $WORK/b104/_x014.o /root/research/libpcap-android/arm64-v8a/21/libpcap.a -llog -llog -pie # test for internal linking errors (failed)
echo -n > $WORK/b104/dynimportfail # internal
echo -n > $WORK/b104/go_asm.h # internal
cd /root/go/pkg/mod/golang.org/toolchain@v0.0.1-go1.24.4.linux-amd64/src/runtime/cgo
/root/go/pkg/mod/golang.org/toolchain@v0.0.1-go1.24.4.linux-amd64/pkg/tool/linux_amd64/asm -p runtime/cgo -trimpath "$WORK/b104=>" -I $WORK/b104/ -I /root/go/pkg/mod/golang.org/toolchain@v0.0.1-go1.24.4.linux-amd64/pkg/include -D GOOS_android -D GOARCH_arm64 -shared -gensymabis -o $WORK/b104/symabis ./asm_arm64.s
cat >/tmp/go-build29350899/b104/importcfg << 'EOF' # internal
# import config
packagefile internal/runtime/sys=/root/.cache/go-build/95/95620527f74c8e6640944ef7653cb17320249bd7761c1bfc2e4996991d887d3b-d
packagefile sync=/root/.cache/go-build/0e/0e1a7f9e3eb922d751c6afb97f22633a331e2bba16bc1bd4e5ba1542c99f7658-d
packagefile sync/atomic=/root/.cache/go-build/bd/bd313e9cacce2e07d790ca0ec028d59e0c24c9770945b7d1fea6e2aa84bb9687-d
EOF
cd /root/research/bettercap
/root/go/pkg/mod/golang.org/toolchain@v0.0.1-go1.24.4.linux-amd64/pkg/tool/linux_amd64/compile -o $WORK/b104/_pkg_.a -trimpath "$WORK/b104=>" -p runtime/cgo -lang=go1.24 -std -buildid ceqmBViTAg9wdQMrf8sJ/ceqmBViTAg9wdQMrf8sJ -goversion go1.24.4 -symabis $WORK/b104/symabis -c=4 -shared -nolocalimports -importcfg $WORK/b104/importcfg -pack -asmhdr $WORK/b104/go_asm.h /root/go/pkg/mod/golang.org/toolchain@v0.0.1-go1.24.4.linux-amd64/src/runtime/cgo/callbacks.go /root/go/pkg/mod/golang.org/toolchain@v0.0.1-go1.24.4.linux-amd64/src/runtime/cgo/callbacks_traceback.go /root/go/pkg/mod/golang.org/toolchain@v0.0.1-go1.24.4.linux-amd64/src/runtime/cgo/handle.go /root/go/pkg/mod/golang.org/toolchain@v0.0.1-go1.24.4.linux-amd64/src/runtime/cgo/iscgo.go /root/go/pkg/mod/golang.org/toolchain@v0.0.1-go1.24.4.linux-amd64/src/runtime/cgo/linux.go /root/go/pkg/mod/golang.org/toolchain@v0.0.1-go1.24.4.linux-amd64/src/runtime/cgo/mmap.go /root/go/pkg/mod/golang.org/toolchain@v0.0.1-go1.24.4.linux-amd64/src/runtime/cgo/setenv.go /root/go/pkg/mod/golang.org/toolchain@v0.0.1-go1.24.4.linux-amd64/src/runtime/cgo/sigaction.go $WORK/b104/_cgo_gotypes.go $WORK/b104/cgo.cgo1.go
cp /root/go/pkg/mod/golang.org/toolchain@v0.0.1-go1.24.4.linux-amd64/src/runtime/cgo/abi_arm64.h $WORK/b104/abi_GOARCH.h
cd /root/go/pkg/mod/golang.org/toolchain@v0.0.1-go1.24.4.linux-amd64/src/runtime/cgo
/root/go/pkg/mod/golang.org/toolchain@v0.0.1-go1.24.4.linux-amd64/pkg/tool/linux_amd64/asm -p runtime/cgo -trimpath "$WORK/b104=>" -I $WORK/b104/ -I /root/go/pkg/mod/golang.org/toolchain@v0.0.1-go1.24.4.linux-amd64/pkg/include -D GOOS_android -D GOARCH_arm64 -shared -o $WORK/b104/asm_arm64.o ./asm_arm64.s
/root/go/pkg/mod/golang.org/toolchain@v0.0.1-go1.24.4.linux-amd64/pkg/tool/linux_amd64/pack r $WORK/b104/_pkg_.a $WORK/b104/asm_arm64.o $WORK/b104/_x001.o $WORK/b104/_x002.o $WORK/b104/_x003.o $WORK/b104/_x004.o $WORK/b104/_x005.o $WORK/b104/_x006.o $WORK/b104/_x007.o $WORK/b104/_x008.o $WORK/b104/_x009.o $WORK/b104/_x010.o $WORK/b104/_x011.o $WORK/b104/_x012.o $WORK/b104/_x013.o $WORK/b104/_x014.o $WORK/b104/dynimportfail # internal
/root/go/pkg/mod/golang.org/toolchain@v0.0.1-go1.24.4.linux-amd64/pkg/tool/linux_amd64/buildid -w $WORK/b104/_pkg_.a # internal
cp $WORK/b104/_pkg_.a /root/.cache/go-build/38/38c0580b3e3e60d3790c3e4d9d18066312d0aa7c06b985b2be2e74d0f9074af1-d # internal
github.com/google/gousb
mkdir -p $WORK/b334/
plugin
mkdir -p $WORK/b366/
cd /root/go/pkg/mod/github.com/google/gousb@v1.1.3
pkg-config --cflags -- libusb-1.0
cd /root/go/pkg/mod/golang.org/toolchain@v0.0.1-go1.24.4.linux-amd64/src/plugin
TERM='dumb' CGO_LDFLAGS='' /root/go/pkg/mod/golang.org/toolchain@v0.0.1-go1.24.4.linux-amd64/pkg/tool/linux_amd64/cgo -objdir $WORK/b366/ -importpath plugin "-ldflags=\"/root/research/libpcap-android/arm64-v8a/21/libpcap.a\" \"-llog\" \"-ldl\"" -- -I/root/research/libpcap-android/include -I $WORK/b366/ -I/root/research/libpcap-android/include ./plugin_dlopen.go
net
mkdir -p $WORK/b097/
cd /root/go/pkg/mod/golang.org/toolchain@v0.0.1-go1.24.4.linux-amd64/src/net
TERM='dumb' CGO_LDFLAGS='' /root/go/pkg/mod/golang.org/toolchain@v0.0.1-go1.24.4.linux-amd64/pkg/tool/linux_amd64/cgo -objdir $WORK/b097/ -importpath net "-ldflags=\"/root/research/libpcap-android/arm64-v8a/21/libpcap.a\" \"-llog\"" -- -I/root/research/libpcap-android/include -I $WORK/b097/ -I/root/research/libpcap-android/include -fno-stack-protector ./cgo_android.go ./cgo_resold.go ./cgo_socknew.go ./cgo_unix_cgo.go ./cgo_unix_cgo_res.go
cd /root/go/pkg/mod/github.com/google/gousb@v1.1.3
pkg-config --libs -- libusb-1.0
TERM='dumb' CGO_LDFLAGS='' /root/go/pkg/mod/golang.org/toolchain@v0.0.1-go1.24.4.linux-amd64/pkg/tool/linux_amd64/cgo -objdir $WORK/b334/ -importpath github.com/google/gousb "-ldflags=\"/root/research/libpcap-android/arm64-v8a/21/libpcap.a\" \"-llog\" \"-lusb-1.0\"" -- -I/root/research/libpcap-android/include -I/usr/include/libusb-1.0 -I $WORK/b334/ -I/root/research/libpcap-android/include ./constants.go ./error.go ./libusb.go
cd $WORK/b366
TERM='dumb' /root/android-ndk/android-ndk-r26d/toolchains/llvm/prebuilt/linux-x86_64/bin/aarch64-linux-android21-clang -I /root/go/pkg/mod/golang.org/toolchain@v0.0.1-go1.24.4.linux-amd64/src/plugin -fPIC -pthread -fno-caret-diagnostics -Qunused-arguments -Wl,--no-gc-sections -fmessage-length=0 -ffile-prefix-map=$WORK/b366=/tmp/go-build -gno-record-gcc-switches -I/root/research/libpcap-android/include -I $WORK/b366/ -I/root/research/libpcap-android/include -ffile-prefix-map=/root/go/pkg/mod/golang.org/toolchain@v0.0.1-go1.24.4.linux-amd64=/_/GOROOT -frandom-seed=WG4VbIRim2vGDEyQZ3pY -o $WORK/b366/_x001.o -c _cgo_export.c
TERM='dumb' /root/android-ndk/android-ndk-r26d/toolchains/llvm/prebuilt/linux-x86_64/bin/aarch64-linux-android21-clang -I /root/go/pkg/mod/golang.org/toolchain@v0.0.1-go1.24.4.linux-amd64/src/plugin -fPIC -pthread -fno-caret-diagnostics -Qunused-arguments -Wl,--no-gc-sections -fmessage-length=0 -ffile-prefix-map=$WORK/b366=/tmp/go-build -gno-record-gcc-switches -I/root/research/libpcap-android/include -I $WORK/b366/ -I/root/research/libpcap-android/include -ffile-prefix-map=/root/go/pkg/mod/golang.org/toolchain@v0.0.1-go1.24.4.linux-amd64=/_/GOROOT -frandom-seed=WG4VbIRim2vGDEyQZ3pY -o $WORK/b366/_x002.o -c plugin_dlopen.cgo2.c
TERM='dumb' /root/android-ndk/android-ndk-r26d/toolchains/llvm/prebuilt/linux-x86_64/bin/aarch64-linux-android21-clang -I /root/go/pkg/mod/golang.org/toolchain@v0.0.1-go1.24.4.linux-amd64/src/plugin -fPIC -pthread -fno-caret-diagnostics -Qunused-arguments -Wl,--no-gc-sections -fmessage-length=0 -ffile-prefix-map=$WORK/b366=/tmp/go-build -gno-record-gcc-switches -I/root/research/libpcap-android/include -I $WORK/b366/ -I/root/research/libpcap-android/include -ffile-prefix-map=/root/go/pkg/mod/golang.org/toolchain@v0.0.1-go1.24.4.linux-amd64=/_/GOROOT -frandom-seed=WG4VbIRim2vGDEyQZ3pY -o $WORK/b366/_cgo_main.o -c _cgo_main.c
cd /root/research/bettercap
TERM='dumb' /root/android-ndk/android-ndk-r26d/toolchains/llvm/prebuilt/linux-x86_64/bin/aarch64-linux-android21-clang -I /root/go/pkg/mod/golang.org/toolchain@v0.0.1-go1.24.4.linux-amd64/src/plugin -fPIC -pthread -fno-caret-diagnostics -Qunused-arguments -Wl,--no-gc-sections -fmessage-length=0 -ffile-prefix-map=$WORK/b366=/tmp/go-build -gno-record-gcc-switches -o $WORK/b366/_cgo_.o $WORK/b366/_cgo_main.o $WORK/b366/_x001.o $WORK/b366/_x002.o /root/research/libpcap-android/arm64-v8a/21/libpcap.a -llog -ldl -pie
/root/android-ndk/android-ndk-r26d/toolchains/llvm/prebuilt/linux-x86_64/bin/aarch64-linux-android21-clang -I /root/go/pkg/mod/golang.org/toolchain@v0.0.1-go1.24.4.linux-amd64/src/plugin -fPIC -pthread -fno-caret-diagnostics -Qunused-arguments -Wl,--no-gc-sections -fmessage-length=0 -ffile-prefix-map=$WORK/b366=/tmp/go-build -gno-record-gcc-switches -o $WORK/b366/_cgo_.o $WORK/b366/_cgo_main.o $WORK/b366/_x001.o $WORK/b366/_x002.o /root/research/libpcap-android/arm64-v8a/21/libpcap.a -llog -ldl -pie # test for internal linking errors (failed)
echo -n > $WORK/b366/dynimportfail # internal
cat >/tmp/go-build29350899/b366/importcfg << 'EOF' # internal
# import config
packagefile errors=/root/.cache/go-build/ef/ef2239267842d9814a8ed571225e5bd1dfefbc9f7396b17f96ded4ca80bb6e0d-d
packagefile sync=/root/.cache/go-build/0e/0e1a7f9e3eb922d751c6afb97f22633a331e2bba16bc1bd4e5ba1542c99f7658-d
packagefile runtime/cgo=/tmp/go-build29350899/b104/_pkg_.a
packagefile syscall=/root/.cache/go-build/9f/9fbc2784e052e081f7bb71ca8dc1412d78e1f7096e7638e201fe827884545be6-d
EOF
/root/go/pkg/mod/golang.org/toolchain@v0.0.1-go1.24.4.linux-amd64/pkg/tool/linux_amd64/compile -o $WORK/b366/_pkg_.a -trimpath "$WORK/b366=>" -p plugin -lang=go1.24 -std -buildid WG4VbIRim2vGDEyQZ3pY/WG4VbIRim2vGDEyQZ3pY -goversion go1.24.4 -c=4 -shared -nolocalimports -importcfg $WORK/b366/importcfg -pack /root/go/pkg/mod/golang.org/toolchain@v0.0.1-go1.24.4.linux-amd64/src/plugin/plugin.go $WORK/b366/_cgo_gotypes.go $WORK/b366/plugin_dlopen.cgo1.go
cd /root/go/pkg/mod/golang.org/toolchain@v0.0.1-go1.24.4.linux-amd64/src/plugin
/root/go/pkg/mod/golang.org/toolchain@v0.0.1-go1.24.4.linux-amd64/pkg/tool/linux_amd64/pack r $WORK/b366/_pkg_.a $WORK/b366/_x001.o $WORK/b366/_x002.o $WORK/b366/dynimportfail # internal
/root/go/pkg/mod/golang.org/toolchain@v0.0.1-go1.24.4.linux-amd64/pkg/tool/linux_amd64/buildid -w $WORK/b366/_pkg_.a # internal
cp $WORK/b366/_pkg_.a /root/.cache/go-build/8e/8ee52d56214093520d6a2578e1e6bc7f3e25c50fd7e619fd0847a24f2a3d3ec5-d # internal
cd $WORK/b334
TERM='dumb' /root/android-ndk/android-ndk-r26d/toolchains/llvm/prebuilt/linux-x86_64/bin/aarch64-linux-android21-clang -I /root/go/pkg/mod/github.com/google/gousb@v1.1.3 -fPIC -pthread -fno-caret-diagnostics -Qunused-arguments -Wl,--no-gc-sections -fmessage-length=0 -ffile-prefix-map=$WORK/b334=/tmp/go-build -gno-record-gcc-switches -I/root/research/libpcap-android/include -I/usr/include/libusb-1.0 -I $WORK/b334/ -I/root/research/libpcap-android/include -frandom-seed=CPR0VWbwXQtdbjOiKZe2 -o $WORK/b334/_x001.o -c _cgo_export.c
TERM='dumb' /root/android-ndk/android-ndk-r26d/toolchains/llvm/prebuilt/linux-x86_64/bin/aarch64-linux-android21-clang -I /root/go/pkg/mod/github.com/google/gousb@v1.1.3 -fPIC -pthread -fno-caret-diagnostics -Qunused-arguments -Wl,--no-gc-sections -fmessage-length=0 -ffile-prefix-map=$WORK/b334=/tmp/go-build -gno-record-gcc-switches -I/root/research/libpcap-android/include -I/usr/include/libusb-1.0 -I $WORK/b334/ -I/root/research/libpcap-android/include -frandom-seed=CPR0VWbwXQtdbjOiKZe2 -o $WORK/b334/_x002.o -c constants.cgo2.c
cd $WORK/b097
TERM='dumb' /root/android-ndk/android-ndk-r26d/toolchains/llvm/prebuilt/linux-x86_64/bin/aarch64-linux-android21-clang -I /root/go/pkg/mod/golang.org/toolchain@v0.0.1-go1.24.4.linux-amd64/src/net -fPIC -pthread -fno-caret-diagnostics -Qunused-arguments -Wl,--no-gc-sections -fmessage-length=0 -ffile-prefix-map=$WORK/b097=/tmp/go-build -gno-record-gcc-switches -I/root/research/libpcap-android/include -I $WORK/b097/ -I/root/research/libpcap-android/include -fno-stack-protector -ffile-prefix-map=/root/go/pkg/mod/golang.org/toolchain@v0.0.1-go1.24.4.linux-amd64=/_/GOROOT -frandom-seed=IREO8vuC8J-eYamuZDn1 -o $WORK/b097/_x001.o -c _cgo_export.c
cd $WORK/b334
TERM='dumb' /root/android-ndk/android-ndk-r26d/toolchains/llvm/prebuilt/linux-x86_64/bin/aarch64-linux-android21-clang -I /root/go/pkg/mod/github.com/google/gousb@v1.1.3 -fPIC -pthread -fno-caret-diagnostics -Qunused-arguments -Wl,--no-gc-sections -fmessage-length=0 -ffile-prefix-map=$WORK/b334=/tmp/go-build -gno-record-gcc-switches -I/root/research/libpcap-android/include -I/usr/include/libusb-1.0 -I $WORK/b334/ -I/root/research/libpcap-android/include -frandom-seed=CPR0VWbwXQtdbjOiKZe2 -o $WORK/b334/_x003.o -c error.cgo2.c
cd $WORK/b097
TERM='dumb' /root/android-ndk/android-ndk-r26d/toolchains/llvm/prebuilt/linux-x86_64/bin/aarch64-linux-android21-clang -I /root/go/pkg/mod/golang.org/toolchain@v0.0.1-go1.24.4.linux-amd64/src/net -fPIC -pthread -fno-caret-diagnostics -Qunused-arguments -Wl,--no-gc-sections -fmessage-length=0 -ffile-prefix-map=$WORK/b097=/tmp/go-build -gno-record-gcc-switches -I/root/research/libpcap-android/include -I $WORK/b097/ -I/root/research/libpcap-android/include -fno-stack-protector -ffile-prefix-map=/root/go/pkg/mod/golang.org/toolchain@v0.0.1-go1.24.4.linux-amd64=/_/GOROOT -frandom-seed=IREO8vuC8J-eYamuZDn1 -o $WORK/b097/_x002.o -c cgo_android.cgo2.c
cd $WORK/b334
TERM='dumb' /root/android-ndk/android-ndk-r26d/toolchains/llvm/prebuilt/linux-x86_64/bin/aarch64-linux-android21-clang -I /root/go/pkg/mod/github.com/google/gousb@v1.1.3 -fPIC -pthread -fno-caret-diagnostics -Qunused-arguments -Wl,--no-gc-sections -fmessage-length=0 -ffile-prefix-map=$WORK/b334=/tmp/go-build -gno-record-gcc-switches -I/root/research/libpcap-android/include -I/usr/include/libusb-1.0 -I $WORK/b334/ -I/root/research/libpcap-android/include -frandom-seed=CPR0VWbwXQtdbjOiKZe2 -o $WORK/b334/_x004.o -c libusb.cgo2.c
cd $WORK/b097
TERM='dumb' /root/android-ndk/android-ndk-r26d/toolchains/llvm/prebuilt/linux-x86_64/bin/aarch64-linux-android21-clang -I /root/go/pkg/mod/golang.org/toolchain@v0.0.1-go1.24.4.linux-amd64/src/net -fPIC -pthread -fno-caret-diagnostics -Qunused-arguments -Wl,--no-gc-sections -fmessage-length=0 -ffile-prefix-map=$WORK/b097=/tmp/go-build -gno-record-gcc-switches -I/root/research/libpcap-android/include -I $WORK/b097/ -I/root/research/libpcap-android/include -fno-stack-protector -ffile-prefix-map=/root/go/pkg/mod/golang.org/toolchain@v0.0.1-go1.24.4.linux-amd64=/_/GOROOT -frandom-seed=IREO8vuC8J-eYamuZDn1 -o $WORK/b097/_x003.o -c cgo_resold.cgo2.c
TERM='dumb' /root/android-ndk/android-ndk-r26d/toolchains/llvm/prebuilt/linux-x86_64/bin/aarch64-linux-android21-clang -I /root/go/pkg/mod/golang.org/toolchain@v0.0.1-go1.24.4.linux-amd64/src/net -fPIC -pthread -fno-caret-diagnostics -Qunused-arguments -Wl,--no-gc-sections -fmessage-length=0 -ffile-prefix-map=$WORK/b097=/tmp/go-build -gno-record-gcc-switches -I/root/research/libpcap-android/include -I $WORK/b097/ -I/root/research/libpcap-android/include -fno-stack-protector -ffile-prefix-map=/root/go/pkg/mod/golang.org/toolchain@v0.0.1-go1.24.4.linux-amd64=/_/GOROOT -frandom-seed=IREO8vuC8J-eYamuZDn1 -o $WORK/b097/_x004.o -c cgo_socknew.cgo2.c
cd /root/go/pkg/mod/github.com/google/gousb@v1.1.3
TERM='dumb' /root/android-ndk/android-ndk-r26d/toolchains/llvm/prebuilt/linux-x86_64/bin/aarch64-linux-android21-clang -I . -fPIC -pthread -fno-caret-diagnostics -Qunused-arguments -Wl,--no-gc-sections -fmessage-length=0 -ffile-prefix-map=$WORK/b334=/tmp/go-build -gno-record-gcc-switches -I/root/research/libpcap-android/include -I/usr/include/libusb-1.0 -I $WORK/b334/ -I/root/research/libpcap-android/include -frandom-seed=CPR0VWbwXQtdbjOiKZe2 -o $WORK/b334/_x005.o -c transfer.c
cd $WORK/b097
TERM='dumb' /root/android-ndk/android-ndk-r26d/toolchains/llvm/prebuilt/linux-x86_64/bin/aarch64-linux-android21-clang -I /root/go/pkg/mod/golang.org/toolchain@v0.0.1-go1.24.4.linux-amd64/src/net -fPIC -pthread -fno-caret-diagnostics -Qunused-arguments -Wl,--no-gc-sections -fmessage-length=0 -ffile-prefix-map=$WORK/b097=/tmp/go-build -gno-record-gcc-switches -I/root/research/libpcap-android/include -I $WORK/b097/ -I/root/research/libpcap-android/include -fno-stack-protector -ffile-prefix-map=/root/go/pkg/mod/golang.org/toolchain@v0.0.1-go1.24.4.linux-amd64=/_/GOROOT -frandom-seed=IREO8vuC8J-eYamuZDn1 -o $WORK/b097/_x005.o -c cgo_unix_cgo.cgo2.c
cd /root/go/pkg/mod/github.com/google/gousb@v1.1.3
TERM='dumb' /root/android-ndk/android-ndk-r26d/toolchains/llvm/prebuilt/linux-x86_64/bin/aarch64-linux-android21-clang -I . -fPIC -pthread -fno-caret-diagnostics -Qunused-arguments -Wl,--no-gc-sections -fmessage-length=0 -ffile-prefix-map=$WORK/b334=/tmp/go-build -gno-record-gcc-switches -I/root/research/libpcap-android/include -I/usr/include/libusb-1.0 -I $WORK/b334/ -I/root/research/libpcap-android/include -frandom-seed=CPR0VWbwXQtdbjOiKZe2 -o $WORK/b334/_x006.o -c usb.c
cd $WORK/b097
TERM='dumb' /root/android-ndk/android-ndk-r26d/toolchains/llvm/prebuilt/linux-x86_64/bin/aarch64-linux-android21-clang -I /root/go/pkg/mod/golang.org/toolchain@v0.0.1-go1.24.4.linux-amd64/src/net -fPIC -pthread -fno-caret-diagnostics -Qunused-arguments -Wl,--no-gc-sections -fmessage-length=0 -ffile-prefix-map=$WORK/b097=/tmp/go-build -gno-record-gcc-switches -I/root/research/libpcap-android/include -I $WORK/b097/ -I/root/research/libpcap-android/include -fno-stack-protector -ffile-prefix-map=/root/go/pkg/mod/golang.org/toolchain@v0.0.1-go1.24.4.linux-amd64=/_/GOROOT -frandom-seed=IREO8vuC8J-eYamuZDn1 -o $WORK/b097/_x006.o -c cgo_unix_cgo_res.cgo2.c
cd $WORK/b334
TERM='dumb' /root/android-ndk/android-ndk-r26d/toolchains/llvm/prebuilt/linux-x86_64/bin/aarch64-linux-android21-clang -I /root/go/pkg/mod/github.com/google/gousb@v1.1.3 -fPIC -pthread -fno-caret-diagnostics -Qunused-arguments -Wl,--no-gc-sections -fmessage-length=0 -ffile-prefix-map=$WORK/b334=/tmp/go-build -gno-record-gcc-switches -I/root/research/libpcap-android/include -I/usr/include/libusb-1.0 -I $WORK/b334/ -I/root/research/libpcap-android/include -frandom-seed=CPR0VWbwXQtdbjOiKZe2 -o $WORK/b334/_cgo_main.o -c _cgo_main.c
cd $WORK/b097
TERM='dumb' /root/android-ndk/android-ndk-r26d/toolchains/llvm/prebuilt/linux-x86_64/bin/aarch64-linux-android21-clang -I /root/go/pkg/mod/golang.org/toolchain@v0.0.1-go1.24.4.linux-amd64/src/net -fPIC -pthread -fno-caret-diagnostics -Qunused-arguments -Wl,--no-gc-sections -fmessage-length=0 -ffile-prefix-map=$WORK/b097=/tmp/go-build -gno-record-gcc-switches -I/root/research/libpcap-android/include -I $WORK/b097/ -I/root/research/libpcap-android/include -fno-stack-protector -ffile-prefix-map=/root/go/pkg/mod/golang.org/toolchain@v0.0.1-go1.24.4.linux-amd64=/_/GOROOT -frandom-seed=IREO8vuC8J-eYamuZDn1 -o $WORK/b097/_cgo_main.o -c _cgo_main.c
cd /root/research/bettercap
TERM='dumb' /root/android-ndk/android-ndk-r26d/toolchains/llvm/prebuilt/linux-x86_64/bin/aarch64-linux-android21-clang -I /root/go/pkg/mod/github.com/google/gousb@v1.1.3 -fPIC -pthread -fno-caret-diagnostics -Qunused-arguments -Wl,--no-gc-sections -fmessage-length=0 -ffile-prefix-map=$WORK/b334=/tmp/go-build -gno-record-gcc-switches -o $WORK/b334/_cgo_.o $WORK/b334/_cgo_main.o $WORK/b334/_x001.o $WORK/b334/_x002.o $WORK/b334/_x003.o $WORK/b334/_x004.o $WORK/b334/_x005.o $WORK/b334/_x006.o /root/research/libpcap-android/arm64-v8a/21/libpcap.a -llog -lusb-1.0 -pie
TERM='dumb' /root/android-ndk/android-ndk-r26d/toolchains/llvm/prebuilt/linux-x86_64/bin/aarch64-linux-android21-clang -I /root/go/pkg/mod/golang.org/toolchain@v0.0.1-go1.24.4.linux-amd64/src/net -fPIC -pthread -fno-caret-diagnostics -Qunused-arguments -Wl,--no-gc-sections -fmessage-length=0 -ffile-prefix-map=$WORK/b097=/tmp/go-build -gno-record-gcc-switches -o $WORK/b097/_cgo_.o $WORK/b097/_cgo_main.o $WORK/b097/_x001.o $WORK/b097/_x002.o $WORK/b097/_x003.o $WORK/b097/_x004.o $WORK/b097/_x005.o $WORK/b097/_x006.o /root/research/libpcap-android/arm64-v8a/21/libpcap.a -llog -pie
/root/android-ndk/android-ndk-r26d/toolchains/llvm/prebuilt/linux-x86_64/bin/aarch64-linux-android21-clang -I /root/go/pkg/mod/github.com/google/gousb@v1.1.3 -fPIC -pthread -fno-caret-diagnostics -Qunused-arguments -Wl,--no-gc-sections -fmessage-length=0 -ffile-prefix-map=$WORK/b334=/tmp/go-build -gno-record-gcc-switches -o $WORK/b334/_cgo_.o $WORK/b334/_cgo_main.o $WORK/b334/_x001.o $WORK/b334/_x002.o $WORK/b334/_x003.o $WORK/b334/_x004.o $WORK/b334/_x005.o $WORK/b334/_x006.o /root/research/libpcap-android/arm64-v8a/21/libpcap.a -llog -lusb-1.0 -pie # test for internal linking errors (failed)
echo -n > $WORK/b334/dynimportfail # internal
cat >/tmp/go-build29350899/b334/importcfg << 'EOF' # internal
# import config
packagefile context=/root/.cache/go-build/3e/3e6ab3e7831dc084ecf1e13f2cdb3a9b0c120bd0b859895935cc0b4283700dbb-d
packagefile errors=/root/.cache/go-build/ef/ef2239267842d9814a8ed571225e5bd1dfefbc9f7396b17f96ded4ca80bb6e0d-d
packagefile fmt=/root/.cache/go-build/49/4968b44b691d284d426af1baebb3b3d5752072363ef1bee827ed0f740d3a8c7e-d
packagefile io=/root/.cache/go-build/19/194487409864eb31dab0c57813b847117386f5d18b4d7d5f2ce9a1639c147f14-d
packagefile io/ioutil=/root/.cache/go-build/15/153a4cb81e2ea154a1d11ab9f2da899742fd42fec6165b372bb8d49a69bb32df-d
packagefile log=/root/.cache/go-build/c4/c4bc63ea92c3c25584ec4fa5395e2d0fbd6315c3a8c220e5814f726d6d98a452-d
packagefile os=/root/.cache/go-build/a7/a7bbbbd3ff27efca31bc0028bd35c5d6308c277bde7022d8aa2046ab49d7742f-d
packagefile reflect=/root/.cache/go-build/c1/c157025f0d3204241798c68cf155e24730c4a7972ff6725bbc244c2067fbb71f-d
packagefile runtime=/root/.cache/go-build/09/097865b8e64b1a60e49616b48422bd25c113108e6a4232284431b2b83b82d091-d
packagefile sort=/root/.cache/go-build/ae/aeccec3e3d3df27feaee072f8da3b09c5242572fdb98b11f4cd1d3ffd1718418-d
packagefile strconv=/root/.cache/go-build/e5/e5bd11f9b8c60d4473dcb1923861ef465c38a079680d0f4755d3533985e61a72-d
packagefile strings=/root/.cache/go-build/a9/a97f8a8181a9c583fc013703f277d8f35d080bc38f4420b3e9d5d5ed67b9aa42-d
packagefile sync=/root/.cache/go-build/0e/0e1a7f9e3eb922d751c6afb97f22633a331e2bba16bc1bd4e5ba1542c99f7658-d
packagefile time=/root/.cache/go-build/82/8293c45673dea5a2afe9dcfcf5d2fe013cbf1ce1f5df0b1b9feb6b7ffcc7af39-d
packagefile runtime/cgo=/tmp/go-build29350899/b104/_pkg_.a
packagefile syscall=/root/.cache/go-build/9f/9fbc2784e052e081f7bb71ca8dc1412d78e1f7096e7638e201fe827884545be6-d
EOF
/root/go/pkg/mod/golang.org/toolchain@v0.0.1-go1.24.4.linux-amd64/pkg/tool/linux_amd64/compile -o $WORK/b334/_pkg_.a -trimpath "$WORK/b334=>" -p github.com/google/gousb -lang=go1.16 -buildid CPR0VWbwXQtdbjOiKZe2/CPR0VWbwXQtdbjOiKZe2 -goversion go1.24.4 -c=4 -shared -nolocalimports -importcfg $WORK/b334/importcfg -pack /root/go/pkg/mod/github.com/google/gousb@v1.1.3/config.go /root/go/pkg/mod/github.com/google/gousb@v1.1.3/debug.go /root/go/pkg/mod/github.com/google/gousb@v1.1.3/device.go /root/go/pkg/mod/github.com/google/gousb@v1.1.3/endpoint.go /root/go/pkg/mod/github.com/google/gousb@v1.1.3/endpoint_stream.go /root/go/pkg/mod/github.com/google/gousb@v1.1.3/fakelibusb_devices.go /root/go/pkg/mod/github.com/google/gousb@v1.1.3/interface.go /root/go/pkg/mod/github.com/google/gousb@v1.1.3/misc.go /root/go/pkg/mod/github.com/google/gousb@v1.1.3/transfer.go /root/go/pkg/mod/github.com/google/gousb@v1.1.3/transfer_stream.go /root/go/pkg/mod/github.com/google/gousb@v1.1.3/usb.go $WORK/b334/_cgo_gotypes.go $WORK/b334/constants.cgo1.go $WORK/b334/error.cgo1.go $WORK/b334/libusb.cgo1.go
/root/android-ndk/android-ndk-r26d/toolchains/llvm/prebuilt/linux-x86_64/bin/aarch64-linux-android21-clang -I /root/go/pkg/mod/golang.org/toolchain@v0.0.1-go1.24.4.linux-amd64/src/net -fPIC -pthread -fno-caret-diagnostics -Qunused-arguments -Wl,--no-gc-sections -fmessage-length=0 -ffile-prefix-map=$WORK/b097=/tmp/go-build -gno-record-gcc-switches -o $WORK/b097/_cgo_.o $WORK/b097/_cgo_main.o $WORK/b097/_x001.o $WORK/b097/_x002.o $WORK/b097/_x003.o $WORK/b097/_x004.o $WORK/b097/_x005.o $WORK/b097/_x006.o /root/research/libpcap-android/arm64-v8a/21/libpcap.a -llog -pie # test for internal linking errors (failed)
echo -n > $WORK/b097/dynimportfail # internal
cat >/tmp/go-build29350899/b097/importcfg << 'EOF' # internal
# import config
importmap golang.org/x/net/dns/dnsmessage=vendor/golang.org/x/net/dns/dnsmessage
packagefile cmp=/root/.cache/go-build/90/90612a2515affbb19a988cfe41017fe362acc32d5f48c9c6d189ea39efbf5bc7-d
packagefile context=/root/.cache/go-build/3e/3e6ab3e7831dc084ecf1e13f2cdb3a9b0c120bd0b859895935cc0b4283700dbb-d
packagefile errors=/root/.cache/go-build/ef/ef2239267842d9814a8ed571225e5bd1dfefbc9f7396b17f96ded4ca80bb6e0d-d
packagefile vendor/golang.org/x/net/dns/dnsmessage=/root/.cache/go-build/7d/7d92d1a8b1a7a72f0562899d1905e3b5b9bbf5b569570c4c167cb155fc9bcd16-d
packagefile internal/bytealg=/root/.cache/go-build/1c/1cdeeb2f925916985711f991aa1f7dfe370c8b27912cfa9a2aa895a41db462b2-d
packagefile internal/godebug=/root/.cache/go-build/c9/c9f29a458a254c07bdc46b3461d2938d20bab3ad3c1176228686c307059f8f25-d
packagefile internal/itoa=/root/.cache/go-build/e7/e72e6da6becf04db4e1fba3261ab364f18e11ecd8ab9ad092369859afd00ed48-d
packagefile internal/nettrace=/root/.cache/go-build/5f/5fe27055b4ecfe7ba0e197b101bfc559023d883a137ecd5070961faedd5566c5-d
packagefile internal/poll=/root/.cache/go-build/e6/e6b396a83b7c453d9bca787979e5d778bb84c5d299805f1364029c1cc234c7f5-d
packagefile internal/singleflight=/root/.cache/go-build/0a/0a69ea1449c7a3b5b63e6672f3ec7d10daf5451dca15539a6dbc6a3f6286e1ec-d
packagefile internal/stringslite=/root/.cache/go-build/af/af8f7a513005bc8ce56273900cdfe2ad4687161ea0a74da11a73769506b99660-d
packagefile internal/syscall/unix=/root/.cache/go-build/33/33785ad927c1b167cb3564e0cad95af21e3dd14a86e55103420971c475b58868-d
packagefile io=/root/.cache/go-build/19/194487409864eb31dab0c57813b847117386f5d18b4d7d5f2ce9a1639c147f14-d
packagefile io/fs=/root/.cache/go-build/e8/e83c2ce9c200dbec04b741d4a2b9e323e610216d7962f2e3c5bdd7e004b75fab-d
packagefile net/netip=/root/.cache/go-build/c2/c2684a58f74f7ed7492bb395d29f3f52080f5e9d67f1bac60c976541ba21470d-d
packagefile os=/root/.cache/go-build/a7/a7bbbbd3ff27efca31bc0028bd35c5d6308c277bde7022d8aa2046ab49d7742f-d
packagefile runtime=/root/.cache/go-build/09/097865b8e64b1a60e49616b48422bd25c113108e6a4232284431b2b83b82d091-d
packagefile slices=/root/.cache/go-build/42/42290b4014724d4b79544a9a096f9279665cbc3d64e4232979eccc89e6ef9b07-d
packagefile sync=/root/.cache/go-build/0e/0e1a7f9e3eb922d751c6afb97f22633a331e2bba16bc1bd4e5ba1542c99f7658-d
packagefile sync/atomic=/root/.cache/go-build/bd/bd313e9cacce2e07d790ca0ec028d59e0c24c9770945b7d1fea6e2aa84bb9687-d
packagefile syscall=/root/.cache/go-build/9f/9fbc2784e052e081f7bb71ca8dc1412d78e1f7096e7638e201fe827884545be6-d
packagefile time=/root/.cache/go-build/82/8293c45673dea5a2afe9dcfcf5d2fe013cbf1ce1f5df0b1b9feb6b7ffcc7af39-d
packagefile runtime/cgo=/tmp/go-build29350899/b104/_pkg_.a
EOF
/root/go/pkg/mod/golang.org/toolchain@v0.0.1-go1.24.4.linux-amd64/pkg/tool/linux_amd64/compile -o $WORK/b097/_pkg_.a -trimpath "$WORK/b097=>" -p net -lang=go1.24 -std -buildid IREO8vuC8J-eYamuZDn1/IREO8vuC8J-eYamuZDn1 -goversion go1.24.4 -c=4 -shared -nolocalimports -importcfg $WORK/b097/importcfg -pack /root/go/pkg/mod/golang.org/toolchain@v0.0.1-go1.24.4.linux-amd64/src/net/addrselect.go /root/go/pkg/mod/golang.org/toolchain@v0.0.1-go1.24.4.linux-amd64/src/net/cgo_unix.go /root/go/pkg/mod/golang.org/toolchain@v0.0.1-go1.24.4.linux-amd64/src/net/conf.go /root/go/pkg/mod/golang.org/toolchain@v0.0.1-go1.24.4.linux-amd64/src/net/dial.go /root/go/pkg/mod/golang.org/toolchain@v0.0.1-go1.24.4.linux-amd64/src/net/dnsclient.go /root/go/pkg/mod/golang.org/toolchain@v0.0.1-go1.24.4.linux-amd64/src/net/dnsclient_unix.go /root/go/pkg/mod/golang.org/toolchain@v0.0.1-go1.24.4.linux-amd64/src/net/dnsconfig.go /root/go/pkg/mod/golang.org/toolchain@v0.0.1-go1.24.4.linux-amd64/src/net/dnsconfig_unix.go /root/go/pkg/mod/golang.org/toolchain@v0.0.1-go1.24.4.linux-amd64/src/net/error_posix.go /root/go/pkg/mod/golang.org/toolchain@v0.0.1-go1.24.4.linux-amd64/src/net/error_unix.go /root/go/pkg/mod/golang.org/toolchain@v0.0.1-go1.24.4.linux-amd64/src/net/fd_posix.go /root/go/pkg/mod/golang.org/toolchain@v0.0.1-go1.24.4.linux-amd64/src/net/fd_unix.go /root/go/pkg/mod/golang.org/toolchain@v0.0.1-go1.24.4.linux-amd64/src/net/file.go /root/go/pkg/mod/golang.org/toolchain@v0.0.1-go1.24.4.linux-amd64/src/net/file_unix.go /root/go/pkg/mod/golang.org/toolchain@v0.0.1-go1.24.4.linux-amd64/src/net/hook.go /root/go/pkg/mod/golang.org/toolchain@v0.0.1-go1.24.4.linux-amd64/src/net/hook_unix.go /root/go/pkg/mod/golang.org/toolchain@v0.0.1-go1.24.4.linux-amd64/src/net/hosts.go /root/go/pkg/mod/golang.org/toolchain@v0.0.1-go1.24.4.linux-amd64/src/net/interface.go /root/go/pkg/mod/golang.org/toolchain@v0.0.1-go1.24.4.linux-amd64/src/net/interface_linux.go /root/go/pkg/mod/golang.org/toolchain@v0.0.1-go1.24.4.linux-amd64/src/net/ip.go /root/go/pkg/mod/golang.org/toolchain@v0.0.1-go1.24.4.linux-amd64/src/net/iprawsock.go /root/go/pkg/mod/golang.org/toolchain@v0.0.1-go1.24.4.linux-amd64/src/net/iprawsock_posix.go /root/go/pkg/mod/golang.org/toolchain@v0.0.1-go1.24.4.linux-amd64/src/net/ipsock.go /root/go/pkg/mod/golang.org/toolchain@v0.0.1-go1.24.4.linux-amd64/src/net/ipsock_posix.go /root/go/pkg/mod/golang.org/toolchain@v0.0.1-go1.24.4.linux-amd64/src/net/lookup.go /root/go/pkg/mod/golang.org/toolchain@v0.0.1-go1.24.4.linux-amd64/src/net/lookup_unix.go /root/go/pkg/mod/golang.org/toolchain@v0.0.1-go1.24.4.linux-amd64/src/net/mac.go /root/go/pkg/mod/golang.org/toolchain@v0.0.1-go1.24.4.linux-amd64/src/net/mptcpsock_linux.go /root/go/pkg/mod/golang.org/toolchain@v0.0.1-go1.24.4.linux-amd64/src/net/net.go /root/go/pkg/mod/golang.org/toolchain@v0.0.1-go1.24.4.linux-amd64/src/net/netcgo_off.go /root/go/pkg/mod/golang.org/toolchain@v0.0.1-go1.24.4.linux-amd64/src/net/netgo_off.go /root/go/pkg/mod/golang.org/toolchain@v0.0.1-go1.24.4.linux-amd64/src/net/nss.go /root/go/pkg/mod/golang.org/toolchain@v0.0.1-go1.24.4.linux-amd64/src/net/parse.go /root/go/pkg/mod/golang.org/toolchain@v0.0.1-go1.24.4.linux-amd64/src/net/pipe.go /root/go/pkg/mod/golang.org/toolchain@v0.0.1-go1.24.4.linux-amd64/src/net/port.go /root/go/pkg/mod/golang.org/toolchain@v0.0.1-go1.24.4.linux-amd64/src/net/port_unix.go /root/go/pkg/mod/golang.org/toolchain@v0.0.1-go1.24.4.linux-amd64/src/net/rawconn.go /root/go/pkg/mod/golang.org/toolchain@v0.0.1-go1.24.4.linux-amd64/src/net/rlimit_unix.go /root/go/pkg/mod/golang.org/toolchain@v0.0.1-go1.24.4.linux-amd64/src/net/sendfile_linux.go /root/go/pkg/mod/golang.org/toolchain@v0.0.1-go1.24.4.linux-amd64/src/net/sock_cloexec.go /root/go/pkg/mod/golang.org/toolchain@v0.0.1-go1.24.4.linux-amd64/src/net/sock_linux.go /root/go/pkg/mod/golang.org/toolchain@v0.0.1-go1.24.4.linux-amd64/src/net/sock_posix.go /root/go/pkg/mod/golang.org/toolchain@v0.0.1-go1.24.4.linux-amd64/src/net/sockaddr_posix.go /root/go/pkg/mod/golang.org/toolchain@v0.0.1-go1.24.4.linux-amd64/src/net/sockopt_linux.go /root/go/pkg/mod/golang.org/toolchain@v0.0.1-go1.24.4.linux-amd64/src/net/sockopt_posix.go /root/go/pkg/mod/golang.org/toolchain@v0.0.1-go1.24.4.linux-amd64/src/net/sockoptip_linux.go /root/go/pkg/mod/golang.org/toolchain@v0.0.1-go1.24.4.linux-amd64/src/net/sockoptip_posix.go /root/go/pkg/mod/golang.org/toolchain@v0.0.1-go1.24.4.linux-amd64/src/net/splice_linux.go /root/go/pkg/mod/golang.org/toolchain@v0.0.1-go1.24.4.linux-amd64/src/net/tcpsock.go /root/go/pkg/mod/golang.org/toolchain@v0.0.1-go1.24.4.linux-amd64/src/net/tcpsock_posix.go /root/go/pkg/mod/golang.org/toolchain@v0.0.1-go1.24.4.linux-amd64/src/net/tcpsock_unix.go /root/go/pkg/mod/golang.org/toolchain@v0.0.1-go1.24.4.linux-amd64/src/net/tcpsockopt_posix.go /root/go/pkg/mod/golang.org/toolchain@v0.0.1-go1.24.4.linux-amd64/src/net/tcpsockopt_unix.go /root/go/pkg/mod/golang.org/toolchain@v0.0.1-go1.24.4.linux-amd64/src/net/udpsock.go /root/go/pkg/mod/golang.org/toolchain@v0.0.1-go1.24.4.linux-amd64/src/net/udpsock_posix.go /root/go/pkg/mod/golang.org/toolchain@v0.0.1-go1.24.4.linux-amd64/src/net/unixsock.go /root/go/pkg/mod/golang.org/toolchain@v0.0.1-go1.24.4.linux-amd64/src/net/unixsock_posix.go /root/go/pkg/mod/golang.org/toolchain@v0.0.1-go1.24.4.linux-amd64/src/net/unixsock_readmsg_cmsg_cloexec.go /root/go/pkg/mod/golang.org/toolchain@v0.0.1-go1.24.4.linux-amd64/src/net/writev_unix.go $WORK/b097/_cgo_gotypes.go $WORK/b097/cgo_android.cgo1.go $WORK/b097/cgo_resold.cgo1.go $WORK/b097/cgo_socknew.cgo1.go $WORK/b097/cgo_unix_cgo.cgo1.go $WORK/b097/cgo_unix_cgo_res.cgo1.go
cd /root/go/pkg/mod/github.com/google/gousb@v1.1.3
/root/go/pkg/mod/golang.org/toolchain@v0.0.1-go1.24.4.linux-amd64/pkg/tool/linux_amd64/pack r $WORK/b334/_pkg_.a $WORK/b334/_x001.o $WORK/b334/_x002.o $WORK/b334/_x003.o $WORK/b334/_x004.o $WORK/b334/_x005.o $WORK/b334/_x006.o $WORK/b334/dynimportfail # internal
/root/go/pkg/mod/golang.org/toolchain@v0.0.1-go1.24.4.linux-amd64/pkg/tool/linux_amd64/buildid -w $WORK/b334/_pkg_.a # internal
cp $WORK/b334/_pkg_.a /root/.cache/go-build/bd/bd9bbc4b68cc8495d6c152180759dfc5e351b17cd96c7f0cf0156cf49613fcb9-d # internal
github.com/bettercap/nrf24
mkdir -p $WORK/b333/
cat >/tmp/go-build29350899/b333/importcfg << 'EOF' # internal
# import config
packagefile encoding/hex=/root/.cache/go-build/88/8894c4977c5ac399a7df03ea49c420d6455b77825225b9d8ef6024dbcba4a317-d
packagefile fmt=/root/.cache/go-build/49/4968b44b691d284d426af1baebb3b3d5752072363ef1bee827ed0f740d3a8c7e-d
packagefile github.com/google/gousb=/tmp/go-build29350899/b334/_pkg_.a
packagefile regexp=/root/.cache/go-build/be/bed3b499ba0d1d4d2732e9b3e9e1170f062c76346a6050691d11fac54018c80e-d
packagefile strings=/root/.cache/go-build/a9/a97f8a8181a9c583fc013703f277d8f35d080bc38f4420b3e9d5d5ed67b9aa42-d
EOF
cd /root/research/bettercap
/root/go/pkg/mod/golang.org/toolchain@v0.0.1-go1.24.4.linux-amd64/pkg/tool/linux_amd64/compile -o $WORK/b333/_pkg_.a -trimpath "$WORK/b333=>" -p github.com/bettercap/nrf24 -lang=go1.16 -complete -buildid 2XY8Bkt_4vYNKDYRvuWm/2XY8Bkt_4vYNKDYRvuWm -goversion go1.24.4 -c=4 -shared -nolocalimports -importcfg $WORK/b333/importcfg -pack /root/go/pkg/mod/github.com/bettercap/nrf24@v0.0.0-20190219153547-aa37e6d0e0eb/const.go /root/go/pkg/mod/github.com/bettercap/nrf24@v0.0.0-20190219153547-aa37e6d0e0eb/doc.go /root/go/pkg/mod/github.com/bettercap/nrf24@v0.0.0-20190219153547-aa37e6d0e0eb/dongle.go /root/go/pkg/mod/github.com/bettercap/nrf24@v0.0.0-20190219153547-aa37e6d0e0eb/utils.go
/root/go/pkg/mod/golang.org/toolchain@v0.0.1-go1.24.4.linux-amd64/pkg/tool/linux_amd64/buildid -w $WORK/b333/_pkg_.a # internal
cp $WORK/b333/_pkg_.a /root/.cache/go-build/6e/6e5c0bcba55d6e7b08215644121abbf260c757f90e747d8befb941de85d67cf5-d # internal
cd /root/go/pkg/mod/golang.org/toolchain@v0.0.1-go1.24.4.linux-amd64/src/net
/root/go/pkg/mod/golang.org/toolchain@v0.0.1-go1.24.4.linux-amd64/pkg/tool/linux_amd64/pack r $WORK/b097/_pkg_.a $WORK/b097/_x001.o $WORK/b097/_x002.o $WORK/b097/_x003.o $WORK/b097/_x004.o $WORK/b097/_x005.o $WORK/b097/_x006.o $WORK/b097/dynimportfail # internal
/root/go/pkg/mod/golang.org/toolchain@v0.0.1-go1.24.4.linux-amd64/pkg/tool/linux_amd64/buildid -w $WORK/b097/_pkg_.a # internal
cp $WORK/b097/_pkg_.a /root/.cache/go-build/cc/cc8e7b94bbd08e293b1397f5f818e916c4f0a509dd06d5c3e21047ceca56cabc-d # internal
github.com/malfunkt/iprange
mkdir -p $WORK/b122/
github.com/gopacket/gopacket
mkdir -p $WORK/b112/
cat >/tmp/go-build29350899/b122/importcfg << 'EOF' # internal
# import config
packagefile bytes=/root/.cache/go-build/8c/8c78606d7559108bcee9cc2c220ab1acb975eb468c7c2ffdcbe7f8fbfde5e0f2-d
packagefile encoding/binary=/root/.cache/go-build/84/84f4871c348bfb24281f74a785fe339aa588228b38344877384662a8e800c694-d
packagefile errors=/root/.cache/go-build/ef/ef2239267842d9814a8ed571225e5bd1dfefbc9f7396b17f96ded4ca80bb6e0d-d
packagefile fmt=/root/.cache/go-build/49/4968b44b691d284d426af1baebb3b3d5752072363ef1bee827ed0f740d3a8c7e-d
packagefile github.com/pkg/errors=/root/.cache/go-build/09/0910c3e3d7f3ce24ab34f956748095d6b7b6eab3e290dea79701e3f439d9fbe8-d
packagefile log=/root/.cache/go-build/c4/c4bc63ea92c3c25584ec4fa5395e2d0fbd6315c3a8c220e5814f726d6d98a452-d
packagefile math/big=/root/.cache/go-build/4b/4b278e857b15e204f2798394105096e24c2649346d393a37ae6ec1526be164d0-d
packagefile net=/tmp/go-build29350899/b097/_pkg_.a
packagefile sort=/root/.cache/go-build/ae/aeccec3e3d3df27feaee072f8da3b09c5242572fdb98b11f4cd1d3ffd1718418-d
packagefile strconv=/root/.cache/go-build/e5/e5bd11f9b8c60d4473dcb1923861ef465c38a079680d0f4755d3533985e61a72-d
packagefile unicode/utf8=/root/.cache/go-build/b8/b8468dd4529156a244170639361b027a5ea4805ab3931117dd393d38c56539f3-d
EOF
crypto/x509
mkdir -p $WORK/b221/
cd /root/research/bettercap
/root/go/pkg/mod/golang.org/toolchain@v0.0.1-go1.24.4.linux-amd64/pkg/tool/linux_amd64/compile -o $WORK/b122/_pkg_.a -trimpath "$WORK/b122=>" -p github.com/malfunkt/iprange -lang=go1.16 -complete -buildid Hc-aeGyhyiLss_ly8uqX/Hc-aeGyhyiLss_ly8uqX -goversion go1.24.4 -c=4 -shared -nolocalimports -importcfg $WORK/b122/importcfg -pack /root/go/pkg/mod/github.com/malfunkt/iprange@v0.9.0/funcs.go /root/go/pkg/mod/github.com/malfunkt/iprange@v0.9.0/iprange.go /root/go/pkg/mod/github.com/malfunkt/iprange@v0.9.0/lex.go /root/go/pkg/mod/github.com/malfunkt/iprange@v0.9.0/sortip.go /root/go/pkg/mod/github.com/malfunkt/iprange@v0.9.0/y.go
cat >/tmp/go-build29350899/b112/importcfg << 'EOF' # internal
# import config
packagefile bytes=/root/.cache/go-build/8c/8c78606d7559108bcee9cc2c220ab1acb975eb468c7c2ffdcbe7f8fbfde5e0f2-d
packagefile context=/root/.cache/go-build/3e/3e6ab3e7831dc084ecf1e13f2cdb3a9b0c120bd0b859895935cc0b4283700dbb-d
packagefile encoding/hex=/root/.cache/go-build/88/8894c4977c5ac399a7df03ea49c420d6455b77825225b9d8ef6024dbcba4a317-d
packagefile errors=/root/.cache/go-build/ef/ef2239267842d9814a8ed571225e5bd1dfefbc9f7396b17f96ded4ca80bb6e0d-d
packagefile fmt=/root/.cache/go-build/49/4968b44b691d284d426af1baebb3b3d5752072363ef1bee827ed0f740d3a8c7e-d
packagefile io=/root/.cache/go-build/19/194487409864eb31dab0c57813b847117386f5d18b4d7d5f2ce9a1639c147f14-d
packagefile math=/root/.cache/go-build/7c/7c38be7a01778ab9303105d335c8729cf15159d637fa5b94ec313585a9bda2b2-d
packagefile net=/tmp/go-build29350899/b097/_pkg_.a
packagefile os=/root/.cache/go-build/a7/a7bbbbd3ff27efca31bc0028bd35c5d6308c277bde7022d8aa2046ab49d7742f-d
packagefile reflect=/root/.cache/go-build/c1/c157025f0d3204241798c68cf155e24730c4a7972ff6725bbc244c2067fbb71f-d
packagefile runtime/debug=/root/.cache/go-build/b2/b2b2ca4245b0b1b70124750839f71d0d758cd14633af6fd672ef397092042595-d
packagefile strconv=/root/.cache/go-build/e5/e5bd11f9b8c60d4473dcb1923861ef465c38a079680d0f4755d3533985e61a72-d
packagefile strings=/root/.cache/go-build/a9/a97f8a8181a9c583fc013703f277d8f35d080bc38f4420b3e9d5d5ed67b9aa42-d
packagefile sync=/root/.cache/go-build/0e/0e1a7f9e3eb922d751c6afb97f22633a331e2bba16bc1bd4e5ba1542c99f7658-d
packagefile syscall=/root/.cache/go-build/9f/9fbc2784e052e081f7bb71ca8dc1412d78e1f7096e7638e201fe827884545be6-d
packagefile time=/root/.cache/go-build/82/8293c45673dea5a2afe9dcfcf5d2fe013cbf1ce1f5df0b1b9feb6b7ffcc7af39-d
EOF
/root/go/pkg/mod/golang.org/toolchain@v0.0.1-go1.24.4.linux-amd64/pkg/tool/linux_amd64/compile -o $WORK/b112/_pkg_.a -trimpath "$WORK/b112=>" -p github.com/gopacket/gopacket -lang=go1.22 -complete -buildid O9VYZNTnC7tJ8mRoBqNz/O9VYZNTnC7tJ8mRoBqNz -goversion go1.24.4 -c=4 -shared -nolocalimports -importcfg $WORK/b112/importcfg -pack /root/go/pkg/mod/github.com/gopacket/gopacket@v1.3.1/base.go /root/go/pkg/mod/github.com/gopacket/gopacket@v1.3.1/checksum.go /root/go/pkg/mod/github.com/gopacket/gopacket@v1.3.1/decode.go /root/go/pkg/mod/github.com/gopacket/gopacket@v1.3.1/doc.go /root/go/pkg/mod/github.com/gopacket/gopacket@v1.3.1/flows.go /root/go/pkg/mod/github.com/gopacket/gopacket@v1.3.1/layerclass.go /root/go/pkg/mod/github.com/gopacket/gopacket@v1.3.1/layers_decoder.go /root/go/pkg/mod/github.com/gopacket/gopacket@v1.3.1/layertype.go /root/go/pkg/mod/github.com/gopacket/gopacket@v1.3.1/packet.go /root/go/pkg/mod/github.com/gopacket/gopacket@v1.3.1/parser.go /root/go/pkg/mod/github.com/gopacket/gopacket@v1.3.1/time.go /root/go/pkg/mod/github.com/gopacket/gopacket@v1.3.1/writer.go
cat >/tmp/go-build29350899/b221/importcfg << 'EOF' # internal
# import config
importmap golang.org/x/crypto/cryptobyte=vendor/golang.org/x/crypto/cryptobyte
importmap golang.org/x/crypto/cryptobyte/asn1=vendor/golang.org/x/crypto/cryptobyte/asn1
packagefile bytes=/root/.cache/go-build/8c/8c78606d7559108bcee9cc2c220ab1acb975eb468c7c2ffdcbe7f8fbfde5e0f2-d
packagefile crypto=/root/.cache/go-build/fc/fc9fc6286a8e658c42e890d44a21b9181dbaf9e752c5edb387dbc9457841addf-d
packagefile crypto/aes=/root/.cache/go-build/b0/b00dce10e39c3764808f5a1e06006bcc8ffca3624cfd9d9500f29809850e2e79-d
packagefile crypto/cipher=/root/.cache/go-build/77/77751da199b0835accf8150350a251457b8ca457219181103079ed648a072d11-d
packagefile crypto/des=/root/.cache/go-build/06/0623ca7c8f11be0fd74f250cbb5cee92adeabb4c8b2075e822c6c042798c4a43-d
packagefile crypto/dsa=/root/.cache/go-build/69/6932954883cab9d68b7285657ef31e9af53f90b9e9a909ee8a2e5c1287c132ae-d
packagefile crypto/ecdh=/root/.cache/go-build/9b/9b8f634920fd4d06be84fa37bb8d07cb53dccdf69a08bba0922901d98825adaa-d
packagefile crypto/ecdsa=/root/.cache/go-build/75/75c4621bb9e1ee36ab6144fea83a0035ed7e41c1e78ee7dd1582fedf27a279f2-d
packagefile crypto/ed25519=/root/.cache/go-build/6a/6a7d44aebfe8151aea5bdb5101b207a1714ce44765dbbaea652547b66139ca80-d
packagefile crypto/elliptic=/root/.cache/go-build/94/9425f04fc4e8e905bf14baf88002bf1b4b7263660e570f16a2bc358d545af11a-d
packagefile crypto/md5=/root/.cache/go-build/a2/a22a2317bc155412d37740b678a99bc311e4244848a0734b0ed38d4f4bf111a4-d
packagefile crypto/rand=/root/.cache/go-build/5e/5ef4cc951e1562697e369f6a88e941b670182ebbded7ead645aa8b805c507f4b-d
packagefile crypto/rsa=/root/.cache/go-build/3f/3fb18ac52ab1f115968784c955ced2973661b1db2cb216d8d3032bf196656c05-d
packagefile crypto/sha1=/root/.cache/go-build/cd/cdf27802b7b602540eb0375edc0866e49db7b8c8e7afeaa39ca4a25728d991e6-d
packagefile crypto/sha256=/root/.cache/go-build/45/457fb4f65b0bfd9a22662d6c3324f7001b7b632b1a90d45d28f6a1dd4c85d577-d
packagefile crypto/sha512=/root/.cache/go-build/88/887b85b96ea1f849c2d617c8f00b318706578abbaaea75fc2b5656477c5091b5-d
packagefile crypto/x509/pkix=/root/.cache/go-build/c9/c97dc62964ec412ea2cd82a95c6c5070e08d227d9816596153c6d733e32e00e1-d
packagefile encoding/asn1=/root/.cache/go-build/7d/7d279d60d2e00b4b4f5e1ec1e86b80d7bc6c7656eae034c79a4bf7b5eb4b4319-d
packagefile encoding/hex=/root/.cache/go-build/88/8894c4977c5ac399a7df03ea49c420d6455b77825225b9d8ef6024dbcba4a317-d
packagefile encoding/pem=/root/.cache/go-build/ec/ec0df3f41d2f61c883af5d48974b80bf057d48bb5b77788cffc55956f925186f-d
packagefile errors=/root/.cache/go-build/ef/ef2239267842d9814a8ed571225e5bd1dfefbc9f7396b17f96ded4ca80bb6e0d-d
packagefile fmt=/root/.cache/go-build/49/4968b44b691d284d426af1baebb3b3d5752072363ef1bee827ed0f740d3a8c7e-d
packagefile vendor/golang.org/x/crypto/cryptobyte=/root/.cache/go-build/94/94122f79ef193f64fc911c8846db4e900ac7542dd24381bdd5520492dfabe521-d
packagefile vendor/golang.org/x/crypto/cryptobyte/asn1=/root/.cache/go-build/f5/f5898b9ed3fc924aed086a8e2106f9449fef701ec0ae443cdbb7a52d9fd3aafe-d
packagefile internal/godebug=/root/.cache/go-build/c9/c9f29a458a254c07bdc46b3461d2938d20bab3ad3c1176228686c307059f8f25-d
packagefile internal/goos=/root/.cache/go-build/6c/6cd6cce78a7063e1b4d441c52318f28579da025001aee78534cbc8e6407b0050-d
packagefile io=/root/.cache/go-build/19/194487409864eb31dab0c57813b847117386f5d18b4d7d5f2ce9a1639c147f14-d
packagefile io/fs=/root/.cache/go-build/e8/e83c2ce9c200dbec04b741d4a2b9e323e610216d7962f2e3c5bdd7e004b75fab-d
packagefile iter=/root/.cache/go-build/55/557cc023c906dfac6e82a728f51503fb5e29b0dfaa81534b1f73082755833ec0-d
packagefile maps=/root/.cache/go-build/01/01fdd79c5e8694f1fc6f1bdeed3a0dbf679611c1d1a408b6dda690ff101d3c63-d
packagefile math=/root/.cache/go-build/7c/7c38be7a01778ab9303105d335c8729cf15159d637fa5b94ec313585a9bda2b2-d
packagefile math/big=/root/.cache/go-build/4b/4b278e857b15e204f2798394105096e24c2649346d393a37ae6ec1526be164d0-d
packagefile math/bits=/root/.cache/go-build/d8/d8d34bab9d6048fb5e5e48532b1b58f59017c900346a68ad3a2fd8ef9c1af6ca-d
packagefile net=/tmp/go-build29350899/b097/_pkg_.a
packagefile net/netip=/root/.cache/go-build/c2/c2684a58f74f7ed7492bb395d29f3f52080f5e9d67f1bac60c976541ba21470d-d
packagefile net/url=/root/.cache/go-build/14/14fe89de715018175cfd277768407d0fcd44b22f6463eda49c2a4883a6036b90-d
packagefile os=/root/.cache/go-build/a7/a7bbbbd3ff27efca31bc0028bd35c5d6308c277bde7022d8aa2046ab49d7742f-d
packagefile path/filepath=/root/.cache/go-build/fb/fb1423b2ddb6a228c5af3670265ac57b0d320637ba764d90e94882b0b0decb7d-d
packagefile reflect=/root/.cache/go-build/c1/c157025f0d3204241798c68cf155e24730c4a7972ff6725bbc244c2067fbb71f-d
packagefile runtime=/root/.cache/go-build/09/097865b8e64b1a60e49616b48422bd25c113108e6a4232284431b2b83b82d091-d
packagefile strconv=/root/.cache/go-build/e5/e5bd11f9b8c60d4473dcb1923861ef465c38a079680d0f4755d3533985e61a72-d
packagefile strings=/root/.cache/go-build/a9/a97f8a8181a9c583fc013703f277d8f35d080bc38f4420b3e9d5d5ed67b9aa42-d
packagefile sync=/root/.cache/go-build/0e/0e1a7f9e3eb922d751c6afb97f22633a331e2bba16bc1bd4e5ba1542c99f7658-d
packagefile time=/root/.cache/go-build/82/8293c45673dea5a2afe9dcfcf5d2fe013cbf1ce1f5df0b1b9feb6b7ffcc7af39-d
packagefile unicode=/root/.cache/go-build/33/33010f55a9863f8654d91f8a4702796b544460f4f813746f9e93b2ac1fda7a7b-d
packagefile unicode/utf16=/root/.cache/go-build/56/569632c62743144652e54a00bbf9d361c101009f92c4c1e0e66bf1564b04dd20-d
packagefile unicode/utf8=/root/.cache/go-build/b8/b8468dd4529156a244170639361b027a5ea4805ab3931117dd393d38c56539f3-d
EOF
vendor/golang.org/x/net/http/httpproxy
mkdir -p $WORK/b232/
/root/go/pkg/mod/golang.org/toolchain@v0.0.1-go1.24.4.linux-amd64/pkg/tool/linux_amd64/compile -o $WORK/b221/_pkg_.a -trimpath "$WORK/b221=>" -p crypto/x509 -lang=go1.24 -std -complete -buildid TRlKIQm-CmqBLhQrFJlJ/TRlKIQm-CmqBLhQrFJlJ -goversion go1.24.4 -c=4 -shared -nolocalimports -importcfg $WORK/b221/importcfg -pack /root/go/pkg/mod/golang.org/toolchain@v0.0.1-go1.24.4.linux-amd64/src/crypto/x509/cert_pool.go /root/go/pkg/mod/golang.org/toolchain@v0.0.1-go1.24.4.linux-amd64/src/crypto/x509/oid.go /root/go/pkg/mod/golang.org/toolchain@v0.0.1-go1.24.4.linux-amd64/src/crypto/x509/parser.go /root/go/pkg/mod/golang.org/toolchain@v0.0.1-go1.24.4.linux-amd64/src/crypto/x509/pem_decrypt.go /root/go/pkg/mod/golang.org/toolchain@v0.0.1-go1.24.4.linux-amd64/src/crypto/x509/pkcs1.go /root/go/pkg/mod/golang.org/toolchain@v0.0.1-go1.24.4.linux-amd64/src/crypto/x509/pkcs8.go /root/go/pkg/mod/golang.org/toolchain@v0.0.1-go1.24.4.linux-amd64/src/crypto/x509/root.go /root/go/pkg/mod/golang.org/toolchain@v0.0.1-go1.24.4.linux-amd64/src/crypto/x509/root_linux.go /root/go/pkg/mod/golang.org/toolchain@v0.0.1-go1.24.4.linux-amd64/src/crypto/x509/root_unix.go /root/go/pkg/mod/golang.org/toolchain@v0.0.1-go1.24.4.linux-amd64/src/crypto/x509/sec1.go /root/go/pkg/mod/golang.org/toolchain@v0.0.1-go1.24.4.linux-amd64/src/crypto/x509/verify.go /root/go/pkg/mod/golang.org/toolchain@v0.0.1-go1.24.4.linux-amd64/src/crypto/x509/x509.go
net/textproto
mkdir -p $WORK/b231/
cat >/tmp/go-build29350899/b232/importcfg << 'EOF' # internal
# import config
importmap golang.org/x/net/idna=vendor/golang.org/x/net/idna
packagefile errors=/root/.cache/go-build/ef/ef2239267842d9814a8ed571225e5bd1dfefbc9f7396b17f96ded4ca80bb6e0d-d
packagefile fmt=/root/.cache/go-build/49/4968b44b691d284d426af1baebb3b3d5752072363ef1bee827ed0f740d3a8c7e-d
packagefile vendor/golang.org/x/net/idna=/root/.cache/go-build/9c/9c71dc441c2e274d3af764ff40786275d426d8b66c0352767fe208607d281d13-d
packagefile net=/tmp/go-build29350899/b097/_pkg_.a
packagefile net/netip=/root/.cache/go-build/c2/c2684a58f74f7ed7492bb395d29f3f52080f5e9d67f1bac60c976541ba21470d-d
packagefile net/url=/root/.cache/go-build/14/14fe89de715018175cfd277768407d0fcd44b22f6463eda49c2a4883a6036b90-d
packagefile os=/root/.cache/go-build/a7/a7bbbbd3ff27efca31bc0028bd35c5d6308c277bde7022d8aa2046ab49d7742f-d
packagefile strings=/root/.cache/go-build/a9/a97f8a8181a9c583fc013703f277d8f35d080bc38f4420b3e9d5d5ed67b9aa42-d
packagefile unicode/utf8=/root/.cache/go-build/b8/b8468dd4529156a244170639361b027a5ea4805ab3931117dd393d38c56539f3-d
EOF
/root/go/pkg/mod/golang.org/toolchain@v0.0.1-go1.24.4.linux-amd64/pkg/tool/linux_amd64/compile -o $WORK/b232/_pkg_.a -trimpath "$WORK/b232=>" -p vendor/golang.org/x/net/http/httpproxy -lang=go1.24 -std -complete -buildid G1LK9J7R0yrQaHPClFrD/G1LK9J7R0yrQaHPClFrD -goversion go1.24.4 -c=4 -shared -nolocalimports -importcfg $WORK/b232/importcfg -pack /root/go/pkg/mod/golang.org/toolchain@v0.0.1-go1.24.4.linux-amd64/src/vendor/golang.org/x/net/http/httpproxy/proxy.go
github.com/mitchellh/mapstructure
mkdir -p $WORK/b271/
cat >/tmp/go-build29350899/b271/importcfg << 'EOF' # internal
# import config
packagefile encoding=/root/.cache/go-build/c9/c9d4eb0ce97a8516502ff11ba662205cdf5788a23c2ec3496c7fdfc16f9436df-d
packagefile encoding/json=/root/.cache/go-build/bd/bde971ea3855d832695652a556a597377b978eacbde032d003254128a1f19cc4-d
packagefile errors=/root/.cache/go-build/ef/ef2239267842d9814a8ed571225e5bd1dfefbc9f7396b17f96ded4ca80bb6e0d-d
packagefile fmt=/root/.cache/go-build/49/4968b44b691d284d426af1baebb3b3d5752072363ef1bee827ed0f740d3a8c7e-d
packagefile net=/tmp/go-build29350899/b097/_pkg_.a
packagefile reflect=/root/.cache/go-build/c1/c157025f0d3204241798c68cf155e24730c4a7972ff6725bbc244c2067fbb71f-d
packagefile sort=/root/.cache/go-build/ae/aeccec3e3d3df27feaee072f8da3b09c5242572fdb98b11f4cd1d3ffd1718418-d
packagefile strconv=/root/.cache/go-build/e5/e5bd11f9b8c60d4473dcb1923861ef465c38a079680d0f4755d3533985e61a72-d
packagefile strings=/root/.cache/go-build/a9/a97f8a8181a9c583fc013703f277d8f35d080bc38f4420b3e9d5d5ed67b9aa42-d
packagefile time=/root/.cache/go-build/82/8293c45673dea5a2afe9dcfcf5d2fe013cbf1ce1f5df0b1b9feb6b7ffcc7af39-d
EOF
/root/go/pkg/mod/golang.org/toolchain@v0.0.1-go1.24.4.linux-amd64/pkg/tool/linux_amd64/compile -o $WORK/b271/_pkg_.a -trimpath "$WORK/b271=>" -p github.com/mitchellh/mapstructure -lang=go1.14 -complete -buildid MTOWFyXtBXUCz1lA9sD-/MTOWFyXtBXUCz1lA9sD- -goversion go1.24.4 -c=4 -shared -nolocalimports -importcfg $WORK/b271/importcfg -pack /root/go/pkg/mod/github.com/mitchellh/mapstructure@v1.5.0/decode_hooks.go /root/go/pkg/mod/github.com/mitchellh/mapstructure@v1.5.0/error.go /root/go/pkg/mod/github.com/mitchellh/mapstructure@v1.5.0/mapstructure.go
cat >/tmp/go-build29350899/b231/importcfg << 'EOF' # internal
# import config
packagefile bufio=/root/.cache/go-build/29/2913c6577785ada18c0d7f976d489b11544551a3c94b873634ed6654c1acfdf1-d
packagefile bytes=/root/.cache/go-build/8c/8c78606d7559108bcee9cc2c220ab1acb975eb468c7c2ffdcbe7f8fbfde5e0f2-d
packagefile errors=/root/.cache/go-build/ef/ef2239267842d9814a8ed571225e5bd1dfefbc9f7396b17f96ded4ca80bb6e0d-d
packagefile fmt=/root/.cache/go-build/49/4968b44b691d284d426af1baebb3b3d5752072363ef1bee827ed0f740d3a8c7e-d
packagefile io=/root/.cache/go-build/19/194487409864eb31dab0c57813b847117386f5d18b4d7d5f2ce9a1639c147f14-d
packagefile math=/root/.cache/go-build/7c/7c38be7a01778ab9303105d335c8729cf15159d637fa5b94ec313585a9bda2b2-d
packagefile net=/tmp/go-build29350899/b097/_pkg_.a
packagefile strconv=/root/.cache/go-build/e5/e5bd11f9b8c60d4473dcb1923861ef465c38a079680d0f4755d3533985e61a72-d
packagefile strings=/root/.cache/go-build/a9/a97f8a8181a9c583fc013703f277d8f35d080bc38f4420b3e9d5d5ed67b9aa42-d
packagefile sync=/root/.cache/go-build/0e/0e1a7f9e3eb922d751c6afb97f22633a331e2bba16bc1bd4e5ba1542c99f7658-d
EOF
/root/go/pkg/mod/golang.org/toolchain@v0.0.1-go1.24.4.linux-amd64/pkg/tool/linux_amd64/compile -o $WORK/b231/_pkg_.a -trimpath "$WORK/b231=>" -p net/textproto -lang=go1.24 -std -complete -buildid NIChrTlMoAQg0YS4qA8Z/NIChrTlMoAQg0YS4qA8Z -goversion go1.24.4 -c=4 -shared -nolocalimports -importcfg $WORK/b231/importcfg -pack /root/go/pkg/mod/golang.org/toolchain@v0.0.1-go1.24.4.linux-amd64/src/net/textproto/header.go /root/go/pkg/mod/golang.org/toolchain@v0.0.1-go1.24.4.linux-amd64/src/net/textproto/pipeline.go /root/go/pkg/mod/golang.org/toolchain@v0.0.1-go1.24.4.linux-amd64/src/net/textproto/reader.go /root/go/pkg/mod/golang.org/toolchain@v0.0.1-go1.24.4.linux-amd64/src/net/textproto/textproto.go /root/go/pkg/mod/golang.org/toolchain@v0.0.1-go1.24.4.linux-amd64/src/net/textproto/writer.go
github.com/bettercap/readline
mkdir -p $WORK/b244/
cat >/tmp/go-build29350899/b244/importcfg << 'EOF' # internal
# import config
packagefile bufio=/root/.cache/go-build/29/2913c6577785ada18c0d7f976d489b11544551a3c94b873634ed6654c1acfdf1-d
packagefile bytes=/root/.cache/go-build/8c/8c78606d7559108bcee9cc2c220ab1acb975eb468c7c2ffdcbe7f8fbfde5e0f2-d
packagefile container/list=/root/.cache/go-build/b9/b98d04b47bb53c16af6a732b7b2219ed12e8d95209b51fe075f79a9a1e1034c2-d
packagefile encoding/binary=/root/.cache/go-build/84/84f4871c348bfb24281f74a785fe339aa588228b38344877384662a8e800c694-d
packagefile errors=/root/.cache/go-build/ef/ef2239267842d9814a8ed571225e5bd1dfefbc9f7396b17f96ded4ca80bb6e0d-d
packagefile fmt=/root/.cache/go-build/49/4968b44b691d284d426af1baebb3b3d5752072363ef1bee827ed0f740d3a8c7e-d
packagefile io=/root/.cache/go-build/19/194487409864eb31dab0c57813b847117386f5d18b4d7d5f2ce9a1639c147f14-d
packagefile net=/tmp/go-build29350899/b097/_pkg_.a
packagefile os=/root/.cache/go-build/a7/a7bbbbd3ff27efca31bc0028bd35c5d6308c277bde7022d8aa2046ab49d7742f-d
packagefile os/signal=/root/.cache/go-build/8c/8cd8562fcb6028e30e4fc77394f60559889996f833bc32ca3fa74aedddbf167f-d
packagefile strconv=/root/.cache/go-build/e5/e5bd11f9b8c60d4473dcb1923861ef465c38a079680d0f4755d3533985e61a72-d
packagefile strings=/root/.cache/go-build/a9/a97f8a8181a9c583fc013703f277d8f35d080bc38f4420b3e9d5d5ed67b9aa42-d
packagefile sync=/root/.cache/go-build/0e/0e1a7f9e3eb922d751c6afb97f22633a331e2bba16bc1bd4e5ba1542c99f7658-d
packagefile sync/atomic=/root/.cache/go-build/bd/bd313e9cacce2e07d790ca0ec028d59e0c24c9770945b7d1fea6e2aa84bb9687-d
packagefile syscall=/root/.cache/go-build/9f/9fbc2784e052e081f7bb71ca8dc1412d78e1f7096e7638e201fe827884545be6-d
packagefile time=/root/.cache/go-build/82/8293c45673dea5a2afe9dcfcf5d2fe013cbf1ce1f5df0b1b9feb6b7ffcc7af39-d
packagefile unicode=/root/.cache/go-build/33/33010f55a9863f8654d91f8a4702796b544460f4f813746f9e93b2ac1fda7a7b-d
packagefile unicode/utf8=/root/.cache/go-build/b8/b8468dd4529156a244170639361b027a5ea4805ab3931117dd393d38c56539f3-d
EOF
/root/go/pkg/mod/golang.org/toolchain@v0.0.1-go1.24.4.linux-amd64/pkg/tool/linux_amd64/compile -o $WORK/b244/_pkg_.a -trimpath "$WORK/b244=>" -p github.com/bettercap/readline -lang=go1.16 -complete -buildid ilDyF-L2FTa8AfHwSlhL/ilDyF-L2FTa8AfHwSlhL -goversion go1.24.4 -c=4 -shared -nolocalimports -importcfg $WORK/b244/importcfg -pack /root/go/pkg/mod/github.com/bettercap/readline@v0.0.0-20210228151553-655e48bcb7bf/complete.go /root/go/pkg/mod/github.com/bettercap/readline@v0.0.0-20210228151553-655e48bcb7bf/complete_helper.go /root/go/pkg/mod/github.com/bettercap/readline@v0.0.0-20210228151553-655e48bcb7bf/complete_segment.go /root/go/pkg/mod/github.com/bettercap/readline@v0.0.0-20210228151553-655e48bcb7bf/history.go /root/go/pkg/mod/github.com/bettercap/readline@v0.0.0-20210228151553-655e48bcb7bf/operation.go /root/go/pkg/mod/github.com/bettercap/readline@v0.0.0-20210228151553-655e48bcb7bf/password.go /root/go/pkg/mod/github.com/bettercap/readline@v0.0.0-20210228151553-655e48bcb7bf/readline.go /root/go/pkg/mod/github.com/bettercap/readline@v0.0.0-20210228151553-655e48bcb7bf/remote.go /root/go/pkg/mod/github.com/bettercap/readline@v0.0.0-20210228151553-655e48bcb7bf/runebuf.go /root/go/pkg/mod/github.com/bettercap/readline@v0.0.0-20210228151553-655e48bcb7bf/runes.go /root/go/pkg/mod/github.com/bettercap/readline@v0.0.0-20210228151553-655e48bcb7bf/search.go /root/go/pkg/mod/github.com/bettercap/readline@v0.0.0-20210228151553-655e48bcb7bf/std.go /root/go/pkg/mod/github.com/bettercap/readline@v0.0.0-20210228151553-655e48bcb7bf/term.go /root/go/pkg/mod/github.com/bettercap/readline@v0.0.0-20210228151553-655e48bcb7bf/term_linux.go /root/go/pkg/mod/github.com/bettercap/readline@v0.0.0-20210228151553-655e48bcb7bf/term_unix.go /root/go/pkg/mod/github.com/bettercap/readline@v0.0.0-20210228151553-655e48bcb7bf/terminal.go /root/go/pkg/mod/github.com/bettercap/readline@v0.0.0-20210228151553-655e48bcb7bf/utils.go /root/go/pkg/mod/github.com/bettercap/readline@v0.0.0-20210228151553-655e48bcb7bf/utils_unix.go /root/go/pkg/mod/github.com/bettercap/readline@v0.0.0-20210228151553-655e48bcb7bf/vim.go
github.com/bettercap/gatt
mkdir -p $WORK/b082/
cat >/tmp/go-build29350899/b082/importcfg << 'EOF' # internal
# import config
packagefile bytes=/root/.cache/go-build/8c/8c78606d7559108bcee9cc2c220ab1acb975eb468c7c2ffdcbe7f8fbfde5e0f2-d
packagefile encoding/binary=/root/.cache/go-build/84/84f4871c348bfb24281f74a785fe339aa588228b38344877384662a8e800c694-d
packagefile encoding/hex=/root/.cache/go-build/88/8894c4977c5ac399a7df03ea49c420d6455b77825225b9d8ef6024dbcba4a317-d
packagefile errors=/root/.cache/go-build/ef/ef2239267842d9814a8ed571225e5bd1dfefbc9f7396b17f96ded4ca80bb6e0d-d
packagefile fmt=/root/.cache/go-build/49/4968b44b691d284d426af1baebb3b3d5752072363ef1bee827ed0f740d3a8c7e-d
packagefile github.com/bettercap/gatt/linux=/root/.cache/go-build/bd/bd8f04c1911dcbf649cf652540491e8c4d2dc013276329c0f1c87c04134f1c26-d
packagefile github.com/bettercap/gatt/linux/cmd=/root/.cache/go-build/05/053e719ce9fb0e8f6e7a0270b74e998f77659cfb232d97b8582b849b4fc0464b-d
packagefile io=/root/.cache/go-build/19/194487409864eb31dab0c57813b847117386f5d18b4d7d5f2ce9a1639c147f14-d
packagefile log=/root/.cache/go-build/c4/c4bc63ea92c3c25584ec4fa5395e2d0fbd6315c3a8c220e5814f726d6d98a452-d
packagefile net=/tmp/go-build29350899/b097/_pkg_.a
packagefile strings=/root/.cache/go-build/a9/a97f8a8181a9c583fc013703f277d8f35d080bc38f4420b3e9d5d5ed67b9aa42-d
packagefile sync=/root/.cache/go-build/0e/0e1a7f9e3eb922d751c6afb97f22633a331e2bba16bc1bd4e5ba1542c99f7658-d
EOF
/root/go/pkg/mod/golang.org/toolchain@v0.0.1-go1.24.4.linux-amd64/pkg/tool/linux_amd64/compile -o $WORK/b082/_pkg_.a -trimpath "$WORK/b082=>" -p github.com/bettercap/gatt -lang=go1.13 -complete -buildid Kd2oijnR5LA6kfkreEft/Kd2oijnR5LA6kfkreEft -goversion go1.24.4 -c=4 -shared -nolocalimports -importcfg $WORK/b082/importcfg -pack /root/go/pkg/mod/github.com/bettercap/gatt@v0.0.0-20240808115956-ec4935e8c4a0/adv.go /root/go/pkg/mod/github.com/bettercap/gatt@v0.0.0-20240808115956-ec4935e8c4a0/attr.go /root/go/pkg/mod/github.com/bettercap/gatt@v0.0.0-20240808115956-ec4935e8c4a0/central.go /root/go/pkg/mod/github.com/bettercap/gatt@v0.0.0-20240808115956-ec4935e8c4a0/central_linux.go /root/go/pkg/mod/github.com/bettercap/gatt@v0.0.0-20240808115956-ec4935e8c4a0/common.go /root/go/pkg/mod/github.com/bettercap/gatt@v0.0.0-20240808115956-ec4935e8c4a0/const.go /root/go/pkg/mod/github.com/bettercap/gatt@v0.0.0-20240808115956-ec4935e8c4a0/device.go /root/go/pkg/mod/github.com/bettercap/gatt@v0.0.0-20240808115956-ec4935e8c4a0/device_linux.go /root/go/pkg/mod/github.com/bettercap/gatt@v0.0.0-20240808115956-ec4935e8c4a0/doc.go /root/go/pkg/mod/github.com/bettercap/gatt@v0.0.0-20240808115956-ec4935e8c4a0/known_uuid.go /root/go/pkg/mod/github.com/bettercap/gatt@v0.0.0-20240808115956-ec4935e8c4a0/l2cap_writer_linux.go /root/go/pkg/mod/github.com/bettercap/gatt@v0.0.0-20240808115956-ec4935e8c4a0/option_linux.go /root/go/pkg/mod/github.com/bettercap/gatt@v0.0.0-20240808115956-ec4935e8c4a0/peripheral.go /root/go/pkg/mod/github.com/bettercap/gatt@v0.0.0-20240808115956-ec4935e8c4a0/peripheral_linux.go /root/go/pkg/mod/github.com/bettercap/gatt@v0.0.0-20240808115956-ec4935e8c4a0/sim_device.go /root/go/pkg/mod/github.com/bettercap/gatt@v0.0.0-20240808115956-ec4935e8c4a0/uuid.go
/root/go/pkg/mod/golang.org/toolchain@v0.0.1-go1.24.4.linux-amd64/pkg/tool/linux_amd64/buildid -w $WORK/b232/_pkg_.a # internal
cp $WORK/b232/_pkg_.a /root/.cache/go-build/ab/ab7d15c0a39a278d239c5f6fb3f7aad23d23583ecfd8ffd2887fbd67220c34c6-d # internal
golang.org/x/net/internal/socket
mkdir -p $WORK/b281/
cat >/tmp/go-build29350899/b281/importcfg << 'EOF' # internal
# import config
packagefile encoding/binary=/root/.cache/go-build/84/84f4871c348bfb24281f74a785fe339aa588228b38344877384662a8e800c694-d
packagefile errors=/root/.cache/go-build/ef/ef2239267842d9814a8ed571225e5bd1dfefbc9f7396b17f96ded4ca80bb6e0d-d
packagefile golang.org/x/sys/unix=/root/.cache/go-build/84/84db2e1bbceed4d33f43fec75e38ff45c6cf709015321aeb367c586ff98707cf-d
packagefile net=/tmp/go-build29350899/b097/_pkg_.a
packagefile os=/root/.cache/go-build/a7/a7bbbbd3ff27efca31bc0028bd35c5d6308c277bde7022d8aa2046ab49d7742f-d
packagefile runtime=/root/.cache/go-build/09/097865b8e64b1a60e49616b48422bd25c113108e6a4232284431b2b83b82d091-d
packagefile strconv=/root/.cache/go-build/e5/e5bd11f9b8c60d4473dcb1923861ef465c38a079680d0f4755d3533985e61a72-d
packagefile sync=/root/.cache/go-build/0e/0e1a7f9e3eb922d751c6afb97f22633a331e2bba16bc1bd4e5ba1542c99f7658-d
packagefile syscall=/root/.cache/go-build/9f/9fbc2784e052e081f7bb71ca8dc1412d78e1f7096e7638e201fe827884545be6-d
packagefile time=/root/.cache/go-build/82/8293c45673dea5a2afe9dcfcf5d2fe013cbf1ce1f5df0b1b9feb6b7ffcc7af39-d
EOF
/root/go/pkg/mod/golang.org/toolchain@v0.0.1-go1.24.4.linux-amd64/pkg/tool/linux_amd64/compile -o $WORK/b281/_pkg_.a -trimpath "$WORK/b281=>" -p golang.org/x/net/internal/socket -lang=go1.23 -complete -buildid 096KzWCrEPeIcipAsKgG/096KzWCrEPeIcipAsKgG -goversion go1.24.4 -c=4 -shared -nolocalimports -importcfg $WORK/b281/importcfg -pack /root/go/pkg/mod/golang.org/x/net@v0.42.0/internal/socket/cmsghdr.go /root/go/pkg/mod/golang.org/x/net@v0.42.0/internal/socket/cmsghdr_linux_64bit.go /root/go/pkg/mod/golang.org/x/net@v0.42.0/internal/socket/cmsghdr_unix.go /root/go/pkg/mod/golang.org/x/net@v0.42.0/internal/socket/complete_dontwait.go /root/go/pkg/mod/golang.org/x/net@v0.42.0/internal/socket/error_unix.go /root/go/pkg/mod/golang.org/x/net@v0.42.0/internal/socket/iovec_64bit.go /root/go/pkg/mod/golang.org/x/net@v0.42.0/internal/socket/mmsghdr_unix.go /root/go/pkg/mod/golang.org/x/net@v0.42.0/internal/socket/msghdr_linux.go /root/go/pkg/mod/golang.org/x/net@v0.42.0/internal/socket/msghdr_linux_64bit.go /root/go/pkg/mod/golang.org/x/net@v0.42.0/internal/socket/norace.go /root/go/pkg/mod/golang.org/x/net@v0.42.0/internal/socket/rawconn.go /root/go/pkg/mod/golang.org/x/net@v0.42.0/internal/socket/rawconn_mmsg.go /root/go/pkg/mod/golang.org/x/net@v0.42.0/internal/socket/rawconn_msg.go /root/go/pkg/mod/golang.org/x/net@v0.42.0/internal/socket/socket.go /root/go/pkg/mod/golang.org/x/net@v0.42.0/internal/socket/sys.go /root/go/pkg/mod/golang.org/x/net@v0.42.0/internal/socket/sys_const_unix.go /root/go/pkg/mod/golang.org/x/net@v0.42.0/internal/socket/sys_linux.go /root/go/pkg/mod/golang.org/x/net@v0.42.0/internal/socket/sys_linux_arm64.go /root/go/pkg/mod/golang.org/x/net@v0.42.0/internal/socket/sys_posix.go /root/go/pkg/mod/golang.org/x/net@v0.42.0/internal/socket/sys_unix.go /root/go/pkg/mod/golang.org/x/net@v0.42.0/internal/socket/zsys_linux_arm64.go
/root/go/pkg/mod/golang.org/toolchain@v0.0.1-go1.24.4.linux-amd64/pkg/tool/linux_amd64/buildid -w $WORK/b122/_pkg_.a # internal
cp $WORK/b122/_pkg_.a /root/.cache/go-build/af/aff100aa419ebb03d3f69c5c2da73791a85ef2e5d02a140cb9fce80f3629292f-d # internal
golang.org/x/net/nettest
mkdir -p $WORK/b282/
cat >/tmp/go-build29350899/b282/importcfg << 'EOF' # internal
# import config
packagefile bytes=/root/.cache/go-build/8c/8c78606d7559108bcee9cc2c220ab1acb975eb468c7c2ffdcbe7f8fbfde5e0f2-d
packagefile encoding/binary=/root/.cache/go-build/84/84f4871c348bfb24281f74a785fe339aa588228b38344877384662a8e800c694-d
packagefile errors=/root/.cache/go-build/ef/ef2239267842d9814a8ed571225e5bd1dfefbc9f7396b17f96ded4ca80bb6e0d-d
packagefile fmt=/root/.cache/go-build/49/4968b44b691d284d426af1baebb3b3d5752072363ef1bee827ed0f740d3a8c7e-d
packagefile io=/root/.cache/go-build/19/194487409864eb31dab0c57813b847117386f5d18b4d7d5f2ce9a1639c147f14-d
packagefile math/rand=/root/.cache/go-build/2c/2c6d12b5eefb56d9543e4c2c22b1e72638c82f52a4aec905cc6d450c5a3322b3-d
packagefile net=/tmp/go-build29350899/b097/_pkg_.a
packagefile os=/root/.cache/go-build/a7/a7bbbbd3ff27efca31bc0028bd35c5d6308c277bde7022d8aa2046ab49d7742f-d
packagefile os/exec=/root/.cache/go-build/2b/2bc1cf68dbf34bbed7e72bf5d54618f44c6d9b9da48868b6de6cae6e09f431ad-d
packagefile runtime=/root/.cache/go-build/09/097865b8e64b1a60e49616b48422bd25c113108e6a4232284431b2b83b82d091-d
packagefile strconv=/root/.cache/go-build/e5/e5bd11f9b8c60d4473dcb1923861ef465c38a079680d0f4755d3533985e61a72-d
packagefile strings=/root/.cache/go-build/a9/a97f8a8181a9c583fc013703f277d8f35d080bc38f4420b3e9d5d5ed67b9aa42-d
packagefile sync=/root/.cache/go-build/0e/0e1a7f9e3eb922d751c6afb97f22633a331e2bba16bc1bd4e5ba1542c99f7658-d
packagefile syscall=/root/.cache/go-build/9f/9fbc2784e052e081f7bb71ca8dc1412d78e1f7096e7638e201fe827884545be6-d
packagefile testing=/root/.cache/go-build/bc/bce8f05331c24e973499d2f50e729afbbcd193a279f4cf43e983fd5a7b9722ef-d
packagefile time=/root/.cache/go-build/82/8293c45673dea5a2afe9dcfcf5d2fe013cbf1ce1f5df0b1b9feb6b7ffcc7af39-d
EOF
/root/go/pkg/mod/golang.org/toolchain@v0.0.1-go1.24.4.linux-amd64/pkg/tool/linux_amd64/compile -o $WORK/b282/_pkg_.a -trimpath "$WORK/b282=>" -p golang.org/x/net/nettest -lang=go1.23 -complete -buildid uqAlrpkmfWPkAdXZdWs3/uqAlrpkmfWPkAdXZdWs3 -goversion go1.24.4 -c=4 -shared -nolocalimports -importcfg $WORK/b282/importcfg -pack /root/go/pkg/mod/golang.org/x/net@v0.42.0/nettest/conntest.go /root/go/pkg/mod/golang.org/x/net@v0.42.0/nettest/nettest.go /root/go/pkg/mod/golang.org/x/net@v0.42.0/nettest/nettest_unix.go
/root/go/pkg/mod/golang.org/toolchain@v0.0.1-go1.24.4.linux-amd64/pkg/tool/linux_amd64/buildid -w $WORK/b231/_pkg_.a # internal
cp $WORK/b231/_pkg_.a /root/.cache/go-build/83/83566cb4deffcc99c98b122e3315b601ba37700fb2397aae8eeb70639524fcb2-d # internal
vendor/golang.org/x/net/http/httpguts
mkdir -p $WORK/b225/
cat >/tmp/go-build29350899/b225/importcfg << 'EOF' # internal
# import config
importmap golang.org/x/net/idna=vendor/golang.org/x/net/idna
packagefile vendor/golang.org/x/net/idna=/root/.cache/go-build/9c/9c71dc441c2e274d3af764ff40786275d426d8b66c0352767fe208607d281d13-d
packagefile net=/tmp/go-build29350899/b097/_pkg_.a
packagefile net/textproto=/tmp/go-build29350899/b231/_pkg_.a
packagefile strings=/root/.cache/go-build/a9/a97f8a8181a9c583fc013703f277d8f35d080bc38f4420b3e9d5d5ed67b9aa42-d
packagefile unicode/utf8=/root/.cache/go-build/b8/b8468dd4529156a244170639361b027a5ea4805ab3931117dd393d38c56539f3-d
EOF
/root/go/pkg/mod/golang.org/toolchain@v0.0.1-go1.24.4.linux-amd64/pkg/tool/linux_amd64/compile -o $WORK/b225/_pkg_.a -trimpath "$WORK/b225=>" -p vendor/golang.org/x/net/http/httpguts -lang=go1.24 -std -complete -buildid A6mhzcMIGPP745vFNWne/A6mhzcMIGPP745vFNWne -goversion go1.24.4 -c=4 -shared -nolocalimports -importcfg $WORK/b225/importcfg -pack /root/go/pkg/mod/golang.org/toolchain@v0.0.1-go1.24.4.linux-amd64/src/vendor/golang.org/x/net/http/httpguts/guts.go /root/go/pkg/mod/golang.org/toolchain@v0.0.1-go1.24.4.linux-amd64/src/vendor/golang.org/x/net/http/httpguts/httplex.go
/root/go/pkg/mod/golang.org/toolchain@v0.0.1-go1.24.4.linux-amd64/pkg/tool/linux_amd64/buildid -w $WORK/b225/_pkg_.a # internal
cp $WORK/b225/_pkg_.a /root/.cache/go-build/15/15a53a4f9ffe18a41c7e5b455072d594fb403ca8137e972356404af5a3cd26f3-d # internal
golang.org/x/net/internal/socks
mkdir -p $WORK/b308/
cat >/tmp/go-build29350899/b308/importcfg << 'EOF' # internal
# import config
packagefile context=/root/.cache/go-build/3e/3e6ab3e7831dc084ecf1e13f2cdb3a9b0c120bd0b859895935cc0b4283700dbb-d
packagefile errors=/root/.cache/go-build/ef/ef2239267842d9814a8ed571225e5bd1dfefbc9f7396b17f96ded4ca80bb6e0d-d
packagefile io=/root/.cache/go-build/19/194487409864eb31dab0c57813b847117386f5d18b4d7d5f2ce9a1639c147f14-d
packagefile net=/tmp/go-build29350899/b097/_pkg_.a
packagefile strconv=/root/.cache/go-build/e5/e5bd11f9b8c60d4473dcb1923861ef465c38a079680d0f4755d3533985e61a72-d
packagefile time=/root/.cache/go-build/82/8293c45673dea5a2afe9dcfcf5d2fe013cbf1ce1f5df0b1b9feb6b7ffcc7af39-d
EOF
/root/go/pkg/mod/golang.org/toolchain@v0.0.1-go1.24.4.linux-amd64/pkg/tool/linux_amd64/compile -o $WORK/b308/_pkg_.a -trimpath "$WORK/b308=>" -p golang.org/x/net/internal/socks -lang=go1.23 -complete -buildid 5j4G3MeJvCFAWnSxn5SM/5j4G3MeJvCFAWnSxn5SM -goversion go1.24.4 -c=4 -shared -nolocalimports -importcfg $WORK/b308/importcfg -pack /root/go/pkg/mod/golang.org/x/net@v0.42.0/internal/socks/client.go /root/go/pkg/mod/golang.org/x/net@v0.42.0/internal/socks/socks.go
/root/go/pkg/mod/golang.org/toolchain@v0.0.1-go1.24.4.linux-amd64/pkg/tool/linux_amd64/buildid -w $WORK/b271/_pkg_.a # internal
/root/go/pkg/mod/golang.org/toolchain@v0.0.1-go1.24.4.linux-amd64/pkg/tool/linux_amd64/buildid -w $WORK/b308/_pkg_.a # internal
cp $WORK/b308/_pkg_.a /root/.cache/go-build/69/69d51bb0dd9ecd812ee47236dc8ea1553cd5bc09d0a4153408c1b48799c5ead4-d # internal
golang.org/x/net/proxy
mkdir -p $WORK/b307/
cat >/tmp/go-build29350899/b307/importcfg << 'EOF' # internal
# import config
packagefile context=/root/.cache/go-build/3e/3e6ab3e7831dc084ecf1e13f2cdb3a9b0c120bd0b859895935cc0b4283700dbb-d
packagefile errors=/root/.cache/go-build/ef/ef2239267842d9814a8ed571225e5bd1dfefbc9f7396b17f96ded4ca80bb6e0d-d
packagefile golang.org/x/net/internal/socks=/tmp/go-build29350899/b308/_pkg_.a
packagefile net=/tmp/go-build29350899/b097/_pkg_.a
packagefile net/netip=/root/.cache/go-build/c2/c2684a58f74f7ed7492bb395d29f3f52080f5e9d67f1bac60c976541ba21470d-d
packagefile net/url=/root/.cache/go-build/14/14fe89de715018175cfd277768407d0fcd44b22f6463eda49c2a4883a6036b90-d
packagefile os=/root/.cache/go-build/a7/a7bbbbd3ff27efca31bc0028bd35c5d6308c277bde7022d8aa2046ab49d7742f-d
packagefile strings=/root/.cache/go-build/a9/a97f8a8181a9c583fc013703f277d8f35d080bc38f4420b3e9d5d5ed67b9aa42-d
packagefile sync=/root/.cache/go-build/0e/0e1a7f9e3eb922d751c6afb97f22633a331e2bba16bc1bd4e5ba1542c99f7658-d
EOF
/root/go/pkg/mod/golang.org/toolchain@v0.0.1-go1.24.4.linux-amd64/pkg/tool/linux_amd64/compile -o $WORK/b307/_pkg_.a -trimpath "$WORK/b307=>" -p golang.org/x/net/proxy -lang=go1.23 -complete -buildid VfqEPhyi6nayYPaQatK8/VfqEPhyi6nayYPaQatK8 -goversion go1.24.4 -c=4 -shared -nolocalimports -importcfg $WORK/b307/importcfg -pack /root/go/pkg/mod/golang.org/x/net@v0.42.0/proxy/dial.go /root/go/pkg/mod/golang.org/x/net@v0.42.0/proxy/direct.go /root/go/pkg/mod/golang.org/x/net@v0.42.0/proxy/per_host.go /root/go/pkg/mod/golang.org/x/net@v0.42.0/proxy/proxy.go /root/go/pkg/mod/golang.org/x/net@v0.42.0/proxy/socks5.go
cp $WORK/b271/_pkg_.a /root/.cache/go-build/0d/0d4b3a1bd454d4122b0bc67d0ec0b0051d97b8e39b3ef1b929a14c729fd95f8e-d # internal
github.com/mdlayher/dhcp6/dhcp6opts
mkdir -p $WORK/b316/
cat >/tmp/go-build29350899/b316/importcfg << 'EOF' # internal
# import config
packagefile encoding=/root/.cache/go-build/c9/c9d4eb0ce97a8516502ff11ba662205cdf5788a23c2ec3496c7fdfc16f9436df-d
packagefile errors=/root/.cache/go-build/ef/ef2239267842d9814a8ed571225e5bd1dfefbc9f7396b17f96ded4ca80bb6e0d-d
packagefile fmt=/root/.cache/go-build/49/4968b44b691d284d426af1baebb3b3d5752072363ef1bee827ed0f740d3a8c7e-d
packagefile github.com/mdlayher/dhcp6=/root/.cache/go-build/a1/a12cb980a2c189adaa4c83358390430473decb264dc9ddedfe8cfc1a21e697c0-d
packagefile github.com/mdlayher/dhcp6/internal/buffer=/root/.cache/go-build/a4/a414ad569ce0b98d557816bfac047935d3d080ca5b6778049218b7b3f0c26e01-d
packagefile io=/root/.cache/go-build/19/194487409864eb31dab0c57813b847117386f5d18b4d7d5f2ce9a1639c147f14-d
packagefile math=/root/.cache/go-build/7c/7c38be7a01778ab9303105d335c8729cf15159d637fa5b94ec313585a9bda2b2-d
packagefile net=/tmp/go-build29350899/b097/_pkg_.a
packagefile net/url=/root/.cache/go-build/14/14fe89de715018175cfd277768407d0fcd44b22f6463eda49c2a4883a6036b90-d
packagefile time=/root/.cache/go-build/82/8293c45673dea5a2afe9dcfcf5d2fe013cbf1ce1f5df0b1b9feb6b7ffcc7af39-d
EOF
/root/go/pkg/mod/golang.org/toolchain@v0.0.1-go1.24.4.linux-amd64/pkg/tool/linux_amd64/compile -o $WORK/b316/_pkg_.a -trimpath "$WORK/b316=>" -p github.com/mdlayher/dhcp6/dhcp6opts -lang=go1.12 -complete -buildid S7sJmjLj5_BhmRz9ODaf/S7sJmjLj5_BhmRz9ODaf -goversion go1.24.4 -c=4 -shared -nolocalimports -importcfg $WORK/b316/importcfg -pack /root/go/pkg/mod/github.com/mdlayher/dhcp6@v0.0.0-20190311162359-2a67805d7d0b/dhcp6opts/authentication.go /root/go/pkg/mod/github.com/mdlayher/dhcp6@v0.0.0-20190311162359-2a67805d7d0b/dhcp6opts/const.go /root/go/pkg/mod/github.com/mdlayher/dhcp6@v0.0.0-20190311162359-2a67805d7d0b/dhcp6opts/duid.go /root/go/pkg/mod/github.com/mdlayher/dhcp6@v0.0.0-20190311162359-2a67805d7d0b/dhcp6opts/iaaddr.go /root/go/pkg/mod/github.com/mdlayher/dhcp6@v0.0.0-20190311162359-2a67805d7d0b/dhcp6opts/iana.go /root/go/pkg/mod/github.com/mdlayher/dhcp6@v0.0.0-20190311162359-2a67805d7d0b/dhcp6opts/iapd.go /root/go/pkg/mod/github.com/mdlayher/dhcp6@v0.0.0-20190311162359-2a67805d7d0b/dhcp6opts/iaprefix.go /root/go/pkg/mod/github.com/mdlayher/dhcp6@v0.0.0-20190311162359-2a67805d7d0b/dhcp6opts/iata.go /root/go/pkg/mod/github.com/mdlayher/dhcp6@v0.0.0-20190311162359-2a67805d7d0b/dhcp6opts/miscoptions.go /root/go/pkg/mod/github.com/mdlayher/dhcp6@v0.0.0-20190311162359-2a67805d7d0b/dhcp6opts/options.go /root/go/pkg/mod/github.com/mdlayher/dhcp6@v0.0.0-20190311162359-2a67805d7d0b/dhcp6opts/opts.go /root/go/pkg/mod/github.com/mdlayher/dhcp6@v0.0.0-20190311162359-2a67805d7d0b/dhcp6opts/relaymessage.go /root/go/pkg/mod/github.com/mdlayher/dhcp6@v0.0.0-20190311162359-2a67805d7d0b/dhcp6opts/remoteid.go /root/go/pkg/mod/github.com/mdlayher/dhcp6@v0.0.0-20190311162359-2a67805d7d0b/dhcp6opts/statuscode.go /root/go/pkg/mod/github.com/mdlayher/dhcp6@v0.0.0-20190311162359-2a67805d7d0b/dhcp6opts/string.go /root/go/pkg/mod/github.com/mdlayher/dhcp6@v0.0.0-20190311162359-2a67805d7d0b/dhcp6opts/vendorclass.go /root/go/pkg/mod/github.com/mdlayher/dhcp6@v0.0.0-20190311162359-2a67805d7d0b/dhcp6opts/vendoropts.go
/root/go/pkg/mod/golang.org/toolchain@v0.0.1-go1.24.4.linux-amd64/pkg/tool/linux_amd64/buildid -w $WORK/b282/_pkg_.a # internal
cp $WORK/b282/_pkg_.a /root/.cache/go-build/8d/8d335d4a5cc63124e7d6ae4e84dbc60f6c78ef7003137deeb6fea566fdbd3ec7-d # internal
github.com/stratoberry/go-gpsd
mkdir -p $WORK/b329/
cat >/tmp/go-build29350899/b329/importcfg << 'EOF' # internal
# import config
packagefile bufio=/root/.cache/go-build/29/2913c6577785ada18c0d7f976d489b11544551a3c94b873634ed6654c1acfdf1-d
packagefile encoding/json=/root/.cache/go-build/bd/bde971ea3855d832695652a556a597377b978eacbde032d003254128a1f19cc4-d
packagefile errors=/root/.cache/go-build/ef/ef2239267842d9814a8ed571225e5bd1dfefbc9f7396b17f96ded4ca80bb6e0d-d
packagefile fmt=/root/.cache/go-build/49/4968b44b691d284d426af1baebb3b3d5752072363ef1bee827ed0f740d3a8c7e-d
packagefile io=/root/.cache/go-build/19/194487409864eb31dab0c57813b847117386f5d18b4d7d5f2ce9a1639c147f14-d
packagefile net=/tmp/go-build29350899/b097/_pkg_.a
packagefile time=/root/.cache/go-build/82/8293c45673dea5a2afe9dcfcf5d2fe013cbf1ce1f5df0b1b9feb6b7ffcc7af39-d
EOF
/root/go/pkg/mod/golang.org/toolchain@v0.0.1-go1.24.4.linux-amd64/pkg/tool/linux_amd64/compile -o $WORK/b329/_pkg_.a -trimpath "$WORK/b329=>" -p github.com/stratoberry/go-gpsd -lang=go1.18 -complete -buildid tflR2ACGPN4jPAkoUk4t/tflR2ACGPN4jPAkoUk4t -goversion go1.24.4 -c=4 -shared -nolocalimports -importcfg $WORK/b329/importcfg -pack /root/go/pkg/mod/github.com/stratoberry/go-gpsd@v1.3.0/gpsd.go
/root/go/pkg/mod/golang.org/toolchain@v0.0.1-go1.24.4.linux-amd64/pkg/tool/linux_amd64/buildid -w $WORK/b281/_pkg_.a # internal
cp $WORK/b281/_pkg_.a /root/.cache/go-build/6f/6f55055be19ff8de3a11476ddc6db34ff68ad875330a08c42a234758bc43f424-d # internal
golang.org/x/net/ipv4
mkdir -p $WORK/b279/
cat >/tmp/go-build29350899/b279/importcfg << 'EOF' # internal
# import config
packagefile encoding/binary=/root/.cache/go-build/84/84f4871c348bfb24281f74a785fe339aa588228b38344877384662a8e800c694-d
packagefile errors=/root/.cache/go-build/ef/ef2239267842d9814a8ed571225e5bd1dfefbc9f7396b17f96ded4ca80bb6e0d-d
packagefile fmt=/root/.cache/go-build/49/4968b44b691d284d426af1baebb3b3d5752072363ef1bee827ed0f740d3a8c7e-d
packagefile golang.org/x/net/bpf=/root/.cache/go-build/31/31192538c55d7673d181773cd1f1d160f8696f76810248b645699e1aefb2dbbf-d
packagefile golang.org/x/net/internal/iana=/root/.cache/go-build/5c/5c6f35fd9621dc8efc345f5849c83dbac1e601d0bb66bc77874f081e9a8fc1f2-d
packagefile golang.org/x/net/internal/socket=/tmp/go-build29350899/b281/_pkg_.a
packagefile golang.org/x/sys/unix=/root/.cache/go-build/84/84db2e1bbceed4d33f43fec75e38ff45c6cf709015321aeb367c586ff98707cf-d
packagefile net=/tmp/go-build29350899/b097/_pkg_.a
packagefile runtime=/root/.cache/go-build/09/097865b8e64b1a60e49616b48422bd25c113108e6a4232284431b2b83b82d091-d
packagefile sync=/root/.cache/go-build/0e/0e1a7f9e3eb922d751c6afb97f22633a331e2bba16bc1bd4e5ba1542c99f7658-d
packagefile syscall=/root/.cache/go-build/9f/9fbc2784e052e081f7bb71ca8dc1412d78e1f7096e7638e201fe827884545be6-d
packagefile time=/root/.cache/go-build/82/8293c45673dea5a2afe9dcfcf5d2fe013cbf1ce1f5df0b1b9feb6b7ffcc7af39-d
EOF
/root/go/pkg/mod/golang.org/toolchain@v0.0.1-go1.24.4.linux-amd64/pkg/tool/linux_amd64/compile -o $WORK/b279/_pkg_.a -trimpath "$WORK/b279=>" -p golang.org/x/net/ipv4 -lang=go1.23 -complete -buildid 7KhKfbm8N2uymjAuFRxj/7KhKfbm8N2uymjAuFRxj -goversion go1.24.4 -c=4 -shared -nolocalimports -importcfg $WORK/b279/importcfg -pack /root/go/pkg/mod/golang.org/x/net@v0.42.0/ipv4/batch.go /root/go/pkg/mod/golang.org/x/net@v0.42.0/ipv4/control.go /root/go/pkg/mod/golang.org/x/net@v0.42.0/ipv4/control_pktinfo.go /root/go/pkg/mod/golang.org/x/net@v0.42.0/ipv4/control_unix.go /root/go/pkg/mod/golang.org/x/net@v0.42.0/ipv4/dgramopt.go /root/go/pkg/mod/golang.org/x/net@v0.42.0/ipv4/doc.go /root/go/pkg/mod/golang.org/x/net@v0.42.0/ipv4/endpoint.go /root/go/pkg/mod/golang.org/x/net@v0.42.0/ipv4/genericopt.go /root/go/pkg/mod/golang.org/x/net@v0.42.0/ipv4/header.go /root/go/pkg/mod/golang.org/x/net@v0.42.0/ipv4/helper.go /root/go/pkg/mod/golang.org/x/net@v0.42.0/ipv4/iana.go /root/go/pkg/mod/golang.org/x/net@v0.42.0/ipv4/icmp.go /root/go/pkg/mod/golang.org/x/net@v0.42.0/ipv4/icmp_linux.go /root/go/pkg/mod/golang.org/x/net@v0.42.0/ipv4/packet.go /root/go/pkg/mod/golang.org/x/net@v0.42.0/ipv4/payload.go /root/go/pkg/mod/golang.org/x/net@v0.42.0/ipv4/payload_cmsg.go /root/go/pkg/mod/golang.org/x/net@v0.42.0/ipv4/sockopt.go /root/go/pkg/mod/golang.org/x/net@v0.42.0/ipv4/sockopt_posix.go /root/go/pkg/mod/golang.org/x/net@v0.42.0/ipv4/sys_asmreq_stub.go /root/go/pkg/mod/golang.org/x/net@v0.42.0/ipv4/sys_asmreqn.go /root/go/pkg/mod/golang.org/x/net@v0.42.0/ipv4/sys_bpf.go /root/go/pkg/mod/golang.org/x/net@v0.42.0/ipv4/sys_linux.go /root/go/pkg/mod/golang.org/x/net@v0.42.0/ipv4/sys_ssmreq.go /root/go/pkg/mod/golang.org/x/net@v0.42.0/ipv4/zsys_linux_arm64.go
/root/go/pkg/mod/golang.org/toolchain@v0.0.1-go1.24.4.linux-amd64/pkg/tool/linux_amd64/buildid -w $WORK/b112/_pkg_.a # internal
cp $WORK/b112/_pkg_.a /root/.cache/go-build/7f/7f32999b523df1b0c518b125a4a78ce43ecb28ef8b1c8b3b0669ffbc1f6d39f4-d # internal
github.com/gopacket/gopacket/layers
mkdir -p $WORK/b113/
cat >/tmp/go-build29350899/b113/importcfg << 'EOF' # internal
# import config
packagefile bytes=/root/.cache/go-build/8c/8c78606d7559108bcee9cc2c220ab1acb975eb468c7c2ffdcbe7f8fbfde5e0f2-d
packagefile encoding/binary=/root/.cache/go-build/84/84f4871c348bfb24281f74a785fe339aa588228b38344877384662a8e800c694-d
packagefile encoding/hex=/root/.cache/go-build/88/8894c4977c5ac399a7df03ea49c420d6455b77825225b9d8ef6024dbcba4a317-d
packagefile errors=/root/.cache/go-build/ef/ef2239267842d9814a8ed571225e5bd1dfefbc9f7396b17f96ded4ca80bb6e0d-d
packagefile fmt=/root/.cache/go-build/49/4968b44b691d284d426af1baebb3b3d5752072363ef1bee827ed0f740d3a8c7e-d
packagefile github.com/gopacket/gopacket=/tmp/go-build29350899/b112/_pkg_.a
packagefile hash/crc32=/root/.cache/go-build/84/84a9b1b0719074f178b1a6de19957e3b9a61fcfe43aec2b274fcb633a4c80f01-d
packagefile io=/root/.cache/go-build/19/194487409864eb31dab0c57813b847117386f5d18b4d7d5f2ce9a1639c147f14-d
packagefile math=/root/.cache/go-build/7c/7c38be7a01778ab9303105d335c8729cf15159d637fa5b94ec313585a9bda2b2-d
packagefile net=/tmp/go-build29350899/b097/_pkg_.a
packagefile reflect=/root/.cache/go-build/c1/c157025f0d3204241798c68cf155e24730c4a7972ff6725bbc244c2067fbb71f-d
packagefile runtime=/root/.cache/go-build/09/097865b8e64b1a60e49616b48422bd25c113108e6a4232284431b2b83b82d091-d
packagefile strconv=/root/.cache/go-build/e5/e5bd11f9b8c60d4473dcb1923861ef465c38a079680d0f4755d3533985e61a72-d
packagefile strings=/root/.cache/go-build/a9/a97f8a8181a9c583fc013703f277d8f35d080bc38f4420b3e9d5d5ed67b9aa42-d
packagefile time=/root/.cache/go-build/82/8293c45673dea5a2afe9dcfcf5d2fe013cbf1ce1f5df0b1b9feb6b7ffcc7af39-d
EOF
/root/go/pkg/mod/golang.org/toolchain@v0.0.1-go1.24.4.linux-amd64/pkg/tool/linux_amd64/compile -o $WORK/b113/_pkg_.a -trimpath "$WORK/b113=>" -p github.com/gopacket/gopacket/layers -lang=go1.22 -complete -buildid WK7ImSFQO2DCiBxGzFCi/WK7ImSFQO2DCiBxGzFCi -goversion go1.24.4 -c=4 -shared -nolocalimports -importcfg $WORK/b113/importcfg -pack /root/go/pkg/mod/github.com/gopacket/gopacket@v1.3.1/layers/arp.go /root/go/pkg/mod/github.com/gopacket/gopacket@v1.3.1/layers/asf.go /root/go/pkg/mod/github.com/gopacket/gopacket@v1.3.1/layers/asf_presencepong.go /root/go/pkg/mod/github.com/gopacket/gopacket@v1.3.1/layers/base.go /root/go/pkg/mod/github.com/gopacket/gopacket@v1.3.1/layers/bfd.go /root/go/pkg/mod/github.com/gopacket/gopacket@v1.3.1/layers/bitfield.go /root/go/pkg/mod/github.com/gopacket/gopacket@v1.3.1/layers/cdp.go /root/go/pkg/mod/github.com/gopacket/gopacket@v1.3.1/layers/ctp.go /root/go/pkg/mod/github.com/gopacket/gopacket@v1.3.1/layers/dhcpv4.go /root/go/pkg/mod/github.com/gopacket/gopacket@v1.3.1/layers/dhcpv6.go /root/go/pkg/mod/github.com/gopacket/gopacket@v1.3.1/layers/dhcpv6_options.go /root/go/pkg/mod/github.com/gopacket/gopacket@v1.3.1/layers/dns.go /root/go/pkg/mod/github.com/gopacket/gopacket@v1.3.1/layers/doc.go /root/go/pkg/mod/github.com/gopacket/gopacket@v1.3.1/layers/dot11.go /root/go/pkg/mod/github.com/gopacket/gopacket@v1.3.1/layers/dot1q.go /root/go/pkg/mod/github.com/gopacket/gopacket@v1.3.1/layers/eap.go /root/go/pkg/mod/github.com/gopacket/gopacket@v1.3.1/layers/eapol.go /root/go/pkg/mod/github.com/gopacket/gopacket@v1.3.1/layers/endpoints.go /root/go/pkg/mod/github.com/gopacket/gopacket@v1.3.1/layers/enums.go /root/go/pkg/mod/github.com/gopacket/gopacket@v1.3.1/layers/enums_generated.go /root/go/pkg/mod/github.com/gopacket/gopacket@v1.3.1/layers/erspan2.go /root/go/pkg/mod/github.com/gopacket/gopacket@v1.3.1/layers/etherip.go /root/go/pkg/mod/github.com/gopacket/gopacket@v1.3.1/layers/ethernet.go /root/go/pkg/mod/github.com/gopacket/gopacket@v1.3.1/layers/fddi.go /root/go/pkg/mod/github.com/gopacket/gopacket@v1.3.1/layers/fuzz_layer.go /root/go/pkg/mod/github.com/gopacket/gopacket@v1.3.1/layers/geneve.go /root/go/pkg/mod/github.com/gopacket/gopacket@v1.3.1/layers/gre.go /root/go/pkg/mod/github.com/gopacket/gopacket@v1.3.1/layers/gtp.go /root/go/pkg/mod/github.com/gopacket/gopacket@v1.3.1/layers/iana_ports.go /root/go/pkg/mod/github.com/gopacket/gopacket@v1.3.1/layers/icmp4.go /root/go/pkg/mod/github.com/gopacket/gopacket@v1.3.1/layers/icmp6.go /root/go/pkg/mod/github.com/gopacket/gopacket@v1.3.1/layers/icmp6msg.go /root/go/pkg/mod/github.com/gopacket/gopacket@v1.3.1/layers/igmp.go /root/go/pkg/mod/github.com/gopacket/gopacket@v1.3.1/layers/ip4.go /root/go/pkg/mod/github.com/gopacket/gopacket@v1.3.1/layers/ip6.go /root/go/pkg/mod/github.com/gopacket/gopacket@v1.3.1/layers/ipsec.go /root/go/pkg/mod/github.com/gopacket/gopacket@v1.3.1/layers/layertypes.go /root/go/pkg/mod/github.com/gopacket/gopacket@v1.3.1/layers/lcm.go /root/go/pkg/mod/github.com/gopacket/gopacket@v1.3.1/layers/linux_sll.go /root/go/pkg/mod/github.com/gopacket/gopacket@v1.3.1/layers/linux_sll2.go /root/go/pkg/mod/github.com/gopacket/gopacket@v1.3.1/layers/llc.go /root/go/pkg/mod/github.com/gopacket/gopacket@v1.3.1/layers/lldp.go /root/go/pkg/mod/github.com/gopacket/gopacket@v1.3.1/layers/loopback.go /root/go/pkg/mod/github.com/gopacket/gopacket@v1.3.1/layers/mdp.go /root/go/pkg/mod/github.com/gopacket/gopacket@v1.3.1/layers/mldv1.go /root/go/pkg/mod/github.com/gopacket/gopacket@v1.3.1/layers/mldv2.go /root/go/pkg/mod/github.com/gopacket/gopacket@v1.3.1/layers/modbustcp.go /root/go/pkg/mod/github.com/gopacket/gopacket@v1.3.1/layers/mpls.go /root/go/pkg/mod/github.com/gopacket/gopacket@v1.3.1/layers/multipathtcp.go /root/go/pkg/mod/github.com/gopacket/gopacket@v1.3.1/layers/ndp.go /root/go/pkg/mod/github.com/gopacket/gopacket@v1.3.1/layers/ntp.go /root/go/pkg/mod/github.com/gopacket/gopacket@v1.3.1/layers/ospf.go /root/go/pkg/mod/github.com/gopacket/gopacket@v1.3.1/layers/pflog.go /root/go/pkg/mod/github.com/gopacket/gopacket@v1.3.1/layers/ports.go /root/go/pkg/mod/github.com/gopacket/gopacket@v1.3.1/layers/ppp.go /root/go/pkg/mod/github.com/gopacket/gopacket@v1.3.1/layers/pppoe.go /root/go/pkg/mod/github.com/gopacket/gopacket@v1.3.1/layers/prism.go /root/go/pkg/mod/github.com/gopacket/gopacket@v1.3.1/layers/radiotap.go /root/go/pkg/mod/github.com/gopacket/gopacket@v1.3.1/layers/radius.go /root/go/pkg/mod/github.com/gopacket/gopacket@v1.3.1/layers/rmcp.go /root/go/pkg/mod/github.com/gopacket/gopacket@v1.3.1/layers/rudp.go /root/go/pkg/mod/github.com/gopacket/gopacket@v1.3.1/layers/sctp.go /root/go/pkg/mod/github.com/gopacket/gopacket@v1.3.1/layers/sflow.go /root/go/pkg/mod/github.com/gopacket/gopacket@v1.3.1/layers/sip.go /root/go/pkg/mod/github.com/gopacket/gopacket@v1.3.1/layers/stp.go /root/go/pkg/mod/github.com/gopacket/gopacket@v1.3.1/layers/tcp.go /root/go/pkg/mod/github.com/gopacket/gopacket@v1.3.1/layers/tcpip.go /root/go/pkg/mod/github.com/gopacket/gopacket@v1.3.1/layers/tls.go /root/go/pkg/mod/github.com/gopacket/gopacket@v1.3.1/layers/tls_alert.go /root/go/pkg/mod/github.com/gopacket/gopacket@v1.3.1/layers/tls_appdata.go /root/go/pkg/mod/github.com/gopacket/gopacket@v1.3.1/layers/tls_cipherspec.go /root/go/pkg/mod/github.com/gopacket/gopacket@v1.3.1/layers/tls_handshake.go /root/go/pkg/mod/github.com/gopacket/gopacket@v1.3.1/layers/udp.go /root/go/pkg/mod/github.com/gopacket/gopacket@v1.3.1/layers/udplite.go /root/go/pkg/mod/github.com/gopacket/gopacket@v1.3.1/layers/usb.go /root/go/pkg/mod/github.com/gopacket/gopacket@v1.3.1/layers/vrrp.go /root/go/pkg/mod/github.com/gopacket/gopacket@v1.3.1/layers/vxlan.go
/root/go/pkg/mod/golang.org/toolchain@v0.0.1-go1.24.4.linux-amd64/pkg/tool/linux_amd64/buildid -w $WORK/b307/_pkg_.a # internal
cp $WORK/b307/_pkg_.a /root/.cache/go-build/71/71a0e42b6ca2dd0d0b08298fb7eb34adf78f058852c1a1795785f796ec80e23b-d # internal
golang.org/x/net/ipv6
mkdir -p $WORK/b292/
cat >/tmp/go-build29350899/b292/importcfg << 'EOF' # internal
# import config
packagefile encoding/binary=/root/.cache/go-build/84/84f4871c348bfb24281f74a785fe339aa588228b38344877384662a8e800c694-d
packagefile errors=/root/.cache/go-build/ef/ef2239267842d9814a8ed571225e5bd1dfefbc9f7396b17f96ded4ca80bb6e0d-d
packagefile fmt=/root/.cache/go-build/49/4968b44b691d284d426af1baebb3b3d5752072363ef1bee827ed0f740d3a8c7e-d
packagefile golang.org/x/net/bpf=/root/.cache/go-build/31/31192538c55d7673d181773cd1f1d160f8696f76810248b645699e1aefb2dbbf-d
packagefile golang.org/x/net/internal/iana=/root/.cache/go-build/5c/5c6f35fd9621dc8efc345f5849c83dbac1e601d0bb66bc77874f081e9a8fc1f2-d
packagefile golang.org/x/net/internal/socket=/tmp/go-build29350899/b281/_pkg_.a
packagefile golang.org/x/sys/unix=/root/.cache/go-build/84/84db2e1bbceed4d33f43fec75e38ff45c6cf709015321aeb367c586ff98707cf-d
packagefile net=/tmp/go-build29350899/b097/_pkg_.a
packagefile runtime=/root/.cache/go-build/09/097865b8e64b1a60e49616b48422bd25c113108e6a4232284431b2b83b82d091-d
packagefile sync=/root/.cache/go-build/0e/0e1a7f9e3eb922d751c6afb97f22633a331e2bba16bc1bd4e5ba1542c99f7658-d
packagefile syscall=/root/.cache/go-build/9f/9fbc2784e052e081f7bb71ca8dc1412d78e1f7096e7638e201fe827884545be6-d
packagefile time=/root/.cache/go-build/82/8293c45673dea5a2afe9dcfcf5d2fe013cbf1ce1f5df0b1b9feb6b7ffcc7af39-d
EOF
/root/go/pkg/mod/golang.org/toolchain@v0.0.1-go1.24.4.linux-amd64/pkg/tool/linux_amd64/compile -o $WORK/b292/_pkg_.a -trimpath "$WORK/b292=>" -p golang.org/x/net/ipv6 -lang=go1.23 -complete -buildid kucHMGQJnPs5pFKk9z1s/kucHMGQJnPs5pFKk9z1s -goversion go1.24.4 -c=4 -shared -nolocalimports -importcfg $WORK/b292/importcfg -pack /root/go/pkg/mod/golang.org/x/net@v0.42.0/ipv6/batch.go /root/go/pkg/mod/golang.org/x/net@v0.42.0/ipv6/control.go /root/go/pkg/mod/golang.org/x/net@v0.42.0/ipv6/control_rfc3542_unix.go /root/go/pkg/mod/golang.org/x/net@v0.42.0/ipv6/control_unix.go /root/go/pkg/mod/golang.org/x/net@v0.42.0/ipv6/dgramopt.go /root/go/pkg/mod/golang.org/x/net@v0.42.0/ipv6/doc.go /root/go/pkg/mod/golang.org/x/net@v0.42.0/ipv6/endpoint.go /root/go/pkg/mod/golang.org/x/net@v0.42.0/ipv6/genericopt.go /root/go/pkg/mod/golang.org/x/net@v0.42.0/ipv6/header.go /root/go/pkg/mod/golang.org/x/net@v0.42.0/ipv6/helper.go /root/go/pkg/mod/golang.org/x/net@v0.42.0/ipv6/iana.go /root/go/pkg/mod/golang.org/x/net@v0.42.0/ipv6/icmp.go /root/go/pkg/mod/golang.org/x/net@v0.42.0/ipv6/icmp_linux.go /root/go/pkg/mod/golang.org/x/net@v0.42.0/ipv6/payload.go /root/go/pkg/mod/golang.org/x/net@v0.42.0/ipv6/payload_cmsg.go /root/go/pkg/mod/golang.org/x/net@v0.42.0/ipv6/sockopt.go /root/go/pkg/mod/golang.org/x/net@v0.42.0/ipv6/sockopt_posix.go /root/go/pkg/mod/golang.org/x/net@v0.42.0/ipv6/sys_asmreq.go /root/go/pkg/mod/golang.org/x/net@v0.42.0/ipv6/sys_bpf.go /root/go/pkg/mod/golang.org/x/net@v0.42.0/ipv6/sys_linux.go /root/go/pkg/mod/golang.org/x/net@v0.42.0/ipv6/sys_ssmreq.go /root/go/pkg/mod/golang.org/x/net@v0.42.0/ipv6/zsys_linux_arm64.go
/root/go/pkg/mod/golang.org/toolchain@v0.0.1-go1.24.4.linux-amd64/pkg/tool/linux_amd64/buildid -w $WORK/b329/_pkg_.a # internal
cp $WORK/b329/_pkg_.a /root/.cache/go-build/8e/8eff94be1ee27d3f17d89d0a79e6ed7f05d84df84470edf2369c12b9e2b9f2f9-d # internal
golang.org/x/net/http/httpguts
mkdir -p $WORK/b340/
cat >/tmp/go-build29350899/b340/importcfg << 'EOF' # internal
# import config
packagefile golang.org/x/net/idna=/root/.cache/go-build/7a/7adf4fb1e9d00a89e8acade09c6bc9935c5a943ef2384d9762af59ee34c0086a-d
packagefile net=/tmp/go-build29350899/b097/_pkg_.a
packagefile net/textproto=/tmp/go-build29350899/b231/_pkg_.a
packagefile strings=/root/.cache/go-build/a9/a97f8a8181a9c583fc013703f277d8f35d080bc38f4420b3e9d5d5ed67b9aa42-d
packagefile unicode/utf8=/root/.cache/go-build/b8/b8468dd4529156a244170639361b027a5ea4805ab3931117dd393d38c56539f3-d
EOF
/root/go/pkg/mod/golang.org/toolchain@v0.0.1-go1.24.4.linux-amd64/pkg/tool/linux_amd64/compile -o $WORK/b340/_pkg_.a -trimpath "$WORK/b340=>" -p golang.org/x/net/http/httpguts -lang=go1.23 -complete -buildid N8sqnoXP65eLpizbLiDX/N8sqnoXP65eLpizbLiDX -goversion go1.24.4 -c=4 -shared -nolocalimports -importcfg $WORK/b340/importcfg -pack /root/go/pkg/mod/golang.org/x/net@v0.42.0/http/httpguts/guts.go /root/go/pkg/mod/golang.org/x/net@v0.42.0/http/httpguts/httplex.go
/root/go/pkg/mod/golang.org/toolchain@v0.0.1-go1.24.4.linux-amd64/pkg/tool/linux_amd64/buildid -w $WORK/b340/_pkg_.a # internal
cp $WORK/b340/_pkg_.a /root/.cache/go-build/d2/d26e187dc191269ab35e544c6945e4401627a42fd6bae632d631d535be222bda-d # internal
github.com/mdlayher/netlink
mkdir -p $WORK/b362/
cat >/tmp/go-build29350899/b362/importcfg << 'EOF' # internal
# import config
packagefile context=/root/.cache/go-build/3e/3e6ab3e7831dc084ecf1e13f2cdb3a9b0c120bd0b859895935cc0b4283700dbb-d
packagefile encoding/binary=/root/.cache/go-build/84/84f4871c348bfb24281f74a785fe339aa588228b38344877384662a8e800c694-d
packagefile errors=/root/.cache/go-build/ef/ef2239267842d9814a8ed571225e5bd1dfefbc9f7396b17f96ded4ca80bb6e0d-d
packagefile fmt=/root/.cache/go-build/49/4968b44b691d284d426af1baebb3b3d5752072363ef1bee827ed0f740d3a8c7e-d
packagefile github.com/josharian/native=/root/.cache/go-build/24/24b154662ea53d3e6e55296b494ffcad2591d27796f8d2546bcf103464bbc0f0-d
packagefile github.com/mdlayher/netlink/nlenc=/root/.cache/go-build/73/733e34019dad928d574b49110baf787b7314f4547d9917e90a7931e0721152fb-d
packagefile github.com/mdlayher/socket=/root/.cache/go-build/a3/a3f5acceac1bef1bbe91d7c9e79f6b87b787aa6640f8190f95ea90c5ec19dbf0-d
packagefile golang.org/x/net/bpf=/root/.cache/go-build/31/31192538c55d7673d181773cd1f1d160f8696f76810248b645699e1aefb2dbbf-d
packagefile golang.org/x/sys/unix=/root/.cache/go-build/84/84db2e1bbceed4d33f43fec75e38ff45c6cf709015321aeb367c586ff98707cf-d
packagefile log=/root/.cache/go-build/c4/c4bc63ea92c3c25584ec4fa5395e2d0fbd6315c3a8c220e5814f726d6d98a452-d
packagefile math=/root/.cache/go-build/7c/7c38be7a01778ab9303105d335c8729cf15159d637fa5b94ec313585a9bda2b2-d
packagefile math/rand=/root/.cache/go-build/2c/2c6d12b5eefb56d9543e4c2c22b1e72638c82f52a4aec905cc6d450c5a3322b3-d
packagefile net=/tmp/go-build29350899/b097/_pkg_.a
packagefile os=/root/.cache/go-build/a7/a7bbbbd3ff27efca31bc0028bd35c5d6308c277bde7022d8aa2046ab49d7742f-d
packagefile strconv=/root/.cache/go-build/e5/e5bd11f9b8c60d4473dcb1923861ef465c38a079680d0f4755d3533985e61a72-d
packagefile strings=/root/.cache/go-build/a9/a97f8a8181a9c583fc013703f277d8f35d080bc38f4420b3e9d5d5ed67b9aa42-d
packagefile sync=/root/.cache/go-build/0e/0e1a7f9e3eb922d751c6afb97f22633a331e2bba16bc1bd4e5ba1542c99f7658-d
packagefile sync/atomic=/root/.cache/go-build/bd/bd313e9cacce2e07d790ca0ec028d59e0c24c9770945b7d1fea6e2aa84bb9687-d
packagefile syscall=/root/.cache/go-build/9f/9fbc2784e052e081f7bb71ca8dc1412d78e1f7096e7638e201fe827884545be6-d
packagefile time=/root/.cache/go-build/82/8293c45673dea5a2afe9dcfcf5d2fe013cbf1ce1f5df0b1b9feb6b7ffcc7af39-d
EOF
/root/go/pkg/mod/golang.org/toolchain@v0.0.1-go1.24.4.linux-amd64/pkg/tool/linux_amd64/compile -o $WORK/b362/_pkg_.a -trimpath "$WORK/b362=>" -p github.com/mdlayher/netlink -lang=go1.18 -complete -buildid waFeNMephpG9z9m8AF3I/waFeNMephpG9z9m8AF3I -goversion go1.24.4 -c=4 -shared -nolocalimports -importcfg $WORK/b362/importcfg -pack /root/go/pkg/mod/github.com/mdlayher/netlink@v1.7.2/align.go /root/go/pkg/mod/github.com/mdlayher/netlink@v1.7.2/attribute.go /root/go/pkg/mod/github.com/mdlayher/netlink@v1.7.2/conn.go /root/go/pkg/mod/github.com/mdlayher/netlink@v1.7.2/conn_linux.go /root/go/pkg/mod/github.com/mdlayher/netlink@v1.7.2/debug.go /root/go/pkg/mod/github.com/mdlayher/netlink@v1.7.2/doc.go /root/go/pkg/mod/github.com/mdlayher/netlink@v1.7.2/errors.go /root/go/pkg/mod/github.com/mdlayher/netlink@v1.7.2/message.go
/root/go/pkg/mod/golang.org/toolchain@v0.0.1-go1.24.4.linux-amd64/pkg/tool/linux_amd64/buildid -w $WORK/b082/_pkg_.a # internal
cp $WORK/b082/_pkg_.a /root/.cache/go-build/9a/9ab9b4a78272f00bee55351e85e7d6a6655292557214da6522e735e12fb6e5c2-d # internal
/root/go/pkg/mod/golang.org/toolchain@v0.0.1-go1.24.4.linux-amd64/pkg/tool/linux_amd64/buildid -w $WORK/b244/_pkg_.a # internal
/root/go/pkg/mod/golang.org/toolchain@v0.0.1-go1.24.4.linux-amd64/pkg/tool/linux_amd64/buildid -w $WORK/b316/_pkg_.a # internal
cp $WORK/b316/_pkg_.a /root/.cache/go-build/0b/0bbe5127c0cc135657c19d962e0ace5f7f098926a470cc2f77ff896086fdc4f1-d # internal
cp $WORK/b244/_pkg_.a /root/.cache/go-build/6e/6e803065bf406c2d08b16aab3634061afa9916d16ab3654455836fd3093fe9c5-d # internal
/root/go/pkg/mod/golang.org/toolchain@v0.0.1-go1.24.4.linux-amd64/pkg/tool/linux_amd64/buildid -w $WORK/b292/_pkg_.a # internal
cp $WORK/b292/_pkg_.a /root/.cache/go-build/d1/d1f738a3d0a05c5b3031e4e6edc9a7296812c00ed06af9606a65e8915ca021c8-d # internal
/root/go/pkg/mod/golang.org/toolchain@v0.0.1-go1.24.4.linux-amd64/pkg/tool/linux_amd64/buildid -w $WORK/b362/_pkg_.a # internal
cp $WORK/b362/_pkg_.a /root/.cache/go-build/b4/b4f9d001dc254858c3df6bff22f8572f977afea83bb49272a81ea00f5319ef80-d # internal
/root/go/pkg/mod/golang.org/toolchain@v0.0.1-go1.24.4.linux-amd64/pkg/tool/linux_amd64/buildid -w $WORK/b279/_pkg_.a # internal
cp $WORK/b279/_pkg_.a /root/.cache/go-build/99/99bcc889560f875c32539c251d3cc709f2436cdd59e374a2ad166a627557ec2f-d # internal
go.einride.tech/can/pkg/socketcan
mkdir -p $WORK/b278/
cat >/tmp/go-build29350899/b278/importcfg << 'EOF' # internal
# import config
packagefile bufio=/root/.cache/go-build/29/2913c6577785ada18c0d7f976d489b11544551a3c94b873634ed6654c1acfdf1-d
packagefile context=/root/.cache/go-build/3e/3e6ab3e7831dc084ecf1e13f2cdb3a9b0c120bd0b859895935cc0b4283700dbb-d
packagefile encoding/binary=/root/.cache/go-build/84/84f4871c348bfb24281f74a785fe339aa588228b38344877384662a8e800c694-d
packagefile encoding/hex=/root/.cache/go-build/88/8894c4977c5ac399a7df03ea49c420d6455b77825225b9d8ef6024dbcba4a317-d
packagefile errors=/root/.cache/go-build/ef/ef2239267842d9814a8ed571225e5bd1dfefbc9f7396b17f96ded4ca80bb6e0d-d
packagefile fmt=/root/.cache/go-build/49/4968b44b691d284d426af1baebb3b3d5752072363ef1bee827ed0f740d3a8c7e-d
packagefile go.einride.tech/can=/root/.cache/go-build/13/1308bfa7a5471d432ad12535d61b3103b1749536fd0b225e8c07f53098ded897-d
packagefile golang.org/x/net/ipv4=/tmp/go-build29350899/b279/_pkg_.a
packagefile golang.org/x/net/nettest=/tmp/go-build29350899/b282/_pkg_.a
packagefile golang.org/x/sync/errgroup=/root/.cache/go-build/59/593334284487f4e9e12304ed120e24329b9697e358f651735aa96295a18c1779-d
packagefile golang.org/x/sys/unix=/root/.cache/go-build/84/84db2e1bbceed4d33f43fec75e38ff45c6cf709015321aeb367c586ff98707cf-d
packagefile io=/root/.cache/go-build/19/194487409864eb31dab0c57813b847117386f5d18b4d7d5f2ce9a1639c147f14-d
packagefile log=/root/.cache/go-build/c4/c4bc63ea92c3c25584ec4fa5395e2d0fbd6315c3a8c220e5814f726d6d98a452-d
packagefile net=/tmp/go-build29350899/b097/_pkg_.a
packagefile os=/root/.cache/go-build/a7/a7bbbbd3ff27efca31bc0028bd35c5d6308c277bde7022d8aa2046ab49d7742f-d
packagefile strconv=/root/.cache/go-build/e5/e5bd11f9b8c60d4473dcb1923861ef465c38a079680d0f4755d3533985e61a72-d
packagefile strings=/root/.cache/go-build/a9/a97f8a8181a9c583fc013703f277d8f35d080bc38f4420b3e9d5d5ed67b9aa42-d
packagefile sync=/root/.cache/go-build/0e/0e1a7f9e3eb922d751c6afb97f22633a331e2bba16bc1bd4e5ba1542c99f7658-d
packagefile time=/root/.cache/go-build/82/8293c45673dea5a2afe9dcfcf5d2fe013cbf1ce1f5df0b1b9feb6b7ffcc7af39-d
EOF
/root/go/pkg/mod/golang.org/toolchain@v0.0.1-go1.24.4.linux-amd64/pkg/tool/linux_amd64/compile -o $WORK/b278/_pkg_.a -trimpath "$WORK/b278=>" -p go.einride.tech/can/pkg/socketcan -lang=go1.22 -complete -buildid L0S5cGIuI4rdSv45GF4x/L0S5cGIuI4rdSv45GF4x -goversion go1.24.4 -c=4 -shared -nolocalimports -importcfg $WORK/b278/importcfg -pack /root/go/pkg/mod/go.einride.tech/can@v0.14.0/pkg/socketcan/canrawaddr.go /root/go/pkg/mod/go.einride.tech/can@v0.14.0/pkg/socketcan/controllererror.go /root/go/pkg/mod/go.einride.tech/can@v0.14.0/pkg/socketcan/controllererror_string.go /root/go/pkg/mod/go.einride.tech/can@v0.14.0/pkg/socketcan/dial.go /root/go/pkg/mod/go.einride.tech/can@v0.14.0/pkg/socketcan/dialraw_linux.go /root/go/pkg/mod/go.einride.tech/can@v0.14.0/pkg/socketcan/emulator.go /root/go/pkg/mod/go.einride.tech/can@v0.14.0/pkg/socketcan/errorclass.go /root/go/pkg/mod/go.einride.tech/can@v0.14.0/pkg/socketcan/errorclass_string.go /root/go/pkg/mod/go.einride.tech/can@v0.14.0/pkg/socketcan/errorframe.go /root/go/pkg/mod/go.einride.tech/can@v0.14.0/pkg/socketcan/fileconn.go /root/go/pkg/mod/go.einride.tech/can@v0.14.0/pkg/socketcan/frame.go /root/go/pkg/mod/go.einride.tech/can@v0.14.0/pkg/socketcan/protocolviolationerror.go /root/go/pkg/mod/go.einride.tech/can@v0.14.0/pkg/socketcan/protocolviolationerror_string.go /root/go/pkg/mod/go.einride.tech/can@v0.14.0/pkg/socketcan/protocolviolationerrorlocation.go /root/go/pkg/mod/go.einride.tech/can@v0.14.0/pkg/socketcan/protocolviolationerrorlocation_string.go /root/go/pkg/mod/go.einride.tech/can@v0.14.0/pkg/socketcan/receiver.go /root/go/pkg/mod/go.einride.tech/can@v0.14.0/pkg/socketcan/transceivererror.go /root/go/pkg/mod/go.einride.tech/can@v0.14.0/pkg/socketcan/transceivererror_string.go /root/go/pkg/mod/go.einride.tech/can@v0.14.0/pkg/socketcan/transmitter.go /root/go/pkg/mod/go.einride.tech/can@v0.14.0/pkg/socketcan/udp.go
/root/go/pkg/mod/golang.org/toolchain@v0.0.1-go1.24.4.linux-amd64/pkg/tool/linux_amd64/buildid -w $WORK/b221/_pkg_.a # internal
cp $WORK/b221/_pkg_.a /root/.cache/go-build/0d/0d682f01a2431c7c8ebab2818723280678e73b5f813f3298cf2ddcc74906b300-d # internal
crypto/tls
mkdir -p $WORK/b183/
cat >/tmp/go-build29350899/b183/importcfg << 'EOF' # internal
# import config
importmap golang.org/x/crypto/chacha20poly1305=vendor/golang.org/x/crypto/chacha20poly1305
importmap golang.org/x/crypto/cryptobyte=vendor/golang.org/x/crypto/cryptobyte
packagefile bytes=/root/.cache/go-build/8c/8c78606d7559108bcee9cc2c220ab1acb975eb468c7c2ffdcbe7f8fbfde5e0f2-d
packagefile container/list=/root/.cache/go-build/b9/b98d04b47bb53c16af6a732b7b2219ed12e8d95209b51fe075f79a9a1e1034c2-d
packagefile context=/root/.cache/go-build/3e/3e6ab3e7831dc084ecf1e13f2cdb3a9b0c120bd0b859895935cc0b4283700dbb-d
packagefile crypto=/root/.cache/go-build/fc/fc9fc6286a8e658c42e890d44a21b9181dbaf9e752c5edb387dbc9457841addf-d
packagefile crypto/aes=/root/.cache/go-build/b0/b00dce10e39c3764808f5a1e06006bcc8ffca3624cfd9d9500f29809850e2e79-d
packagefile crypto/cipher=/root/.cache/go-build/77/77751da199b0835accf8150350a251457b8ca457219181103079ed648a072d11-d
packagefile crypto/des=/root/.cache/go-build/06/0623ca7c8f11be0fd74f250cbb5cee92adeabb4c8b2075e822c6c042798c4a43-d
packagefile crypto/ecdh=/root/.cache/go-build/9b/9b8f634920fd4d06be84fa37bb8d07cb53dccdf69a08bba0922901d98825adaa-d
packagefile crypto/ecdsa=/root/.cache/go-build/75/75c4621bb9e1ee36ab6144fea83a0035ed7e41c1e78ee7dd1582fedf27a279f2-d
packagefile crypto/ed25519=/root/.cache/go-build/6a/6a7d44aebfe8151aea5bdb5101b207a1714ce44765dbbaea652547b66139ca80-d
packagefile crypto/elliptic=/root/.cache/go-build/94/9425f04fc4e8e905bf14baf88002bf1b4b7263660e570f16a2bc358d545af11a-d
packagefile crypto/hmac=/root/.cache/go-build/24/2463210c98455e6c7d070dcbd4a65f2024c34606b778d1219cc6094bbdf79979-d
packagefile crypto/internal/boring=/root/.cache/go-build/50/50e4fc42bb9fd08ab51d34243dbfa8f5b25aaae1ecb7fea3d0014b8220fcb949-d
packagefile crypto/internal/fips140/aes=/root/.cache/go-build/fa/fa68b34ad4c0a902c39a8a01f85d8918d89a67fd761fa73c99257f9dba17deaa-d
packagefile crypto/internal/fips140/aes/gcm=/root/.cache/go-build/e8/e819f30be731ba6c766c8a3c9abc24fcb003b17a6856b95571ca5f23d57fcda9-d
packagefile crypto/internal/fips140/hkdf=/root/.cache/go-build/f6/f6d91a61621a8e48a52e2c53721e62a0bcf9fcd8c82bb80f3f6ca5c554eb4e57-d
packagefile crypto/internal/fips140/mlkem=/root/.cache/go-build/fa/fadfdbfba17800ec05ed95bf801ee800b499bfa039a7841a222415f16514f9c6-d
packagefile crypto/internal/fips140/tls12=/root/.cache/go-build/41/41aba326ba53fed0888a677dd62a7386d4dfc647b86433a1418a5816faad370c-d
packagefile crypto/internal/fips140/tls13=/root/.cache/go-build/9d/9dd41e01d24327c6416c52135d0fccadf122a0d3fba047a0be111abf00291a8e-d
packagefile crypto/internal/hpke=/root/.cache/go-build/46/4618f6f704ffb14dfb6b2e843a15499d20a0ff5caf216e3ce87bf5f382064d7e-d
packagefile crypto/md5=/root/.cache/go-build/a2/a22a2317bc155412d37740b678a99bc311e4244848a0734b0ed38d4f4bf111a4-d
packagefile crypto/rand=/root/.cache/go-build/5e/5ef4cc951e1562697e369f6a88e941b670182ebbded7ead645aa8b805c507f4b-d
packagefile crypto/rc4=/root/.cache/go-build/1f/1fcc121d6d3072729232a74be8e22f7fbb32d3ed7921dab3124eaceeb46e9497-d
packagefile crypto/rsa=/root/.cache/go-build/3f/3fb18ac52ab1f115968784c955ced2973661b1db2cb216d8d3032bf196656c05-d
packagefile crypto/sha1=/root/.cache/go-build/cd/cdf27802b7b602540eb0375edc0866e49db7b8c8e7afeaa39ca4a25728d991e6-d
packagefile crypto/sha256=/root/.cache/go-build/45/457fb4f65b0bfd9a22662d6c3324f7001b7b632b1a90d45d28f6a1dd4c85d577-d
packagefile crypto/sha512=/root/.cache/go-build/88/887b85b96ea1f849c2d617c8f00b318706578abbaaea75fc2b5656477c5091b5-d
packagefile crypto/subtle=/root/.cache/go-build/79/791cac9815dc9b1e98257d134149a47c60dbf5bb1d2e5a79351d08c9b824169b-d
packagefile crypto/tls/internal/fips140tls=/root/.cache/go-build/85/85b1461316b269838979cd84dfe2d243fc0176a08a66dc80aa653258ace6cd76-d
packagefile crypto/x509=/tmp/go-build29350899/b221/_pkg_.a
packagefile encoding/pem=/root/.cache/go-build/ec/ec0df3f41d2f61c883af5d48974b80bf057d48bb5b77788cffc55956f925186f-d
packagefile errors=/root/.cache/go-build/ef/ef2239267842d9814a8ed571225e5bd1dfefbc9f7396b17f96ded4ca80bb6e0d-d
packagefile fmt=/root/.cache/go-build/49/4968b44b691d284d426af1baebb3b3d5752072363ef1bee827ed0f740d3a8c7e-d
packagefile vendor/golang.org/x/crypto/chacha20poly1305=/root/.cache/go-build/5f/5f1912e79b3850e045555dc0d463b6533a15c3c94de3193755aeb41d4ef9e094-d
packagefile vendor/golang.org/x/crypto/cryptobyte=/root/.cache/go-build/94/94122f79ef193f64fc911c8846db4e900ac7542dd24381bdd5520492dfabe521-d
packagefile hash=/root/.cache/go-build/19/1946ec7968fbe7038a7c32113bffa74edc4b391de135f18c9b0c063d36a49287-d
packagefile internal/byteorder=/root/.cache/go-build/67/675344568ef0a9874fcf81d3d0e1ef649879e9fc215cb2aeb8a9d6ee854eb78e-d
packagefile internal/cpu=/root/.cache/go-build/5a/5a12a1e707588cd0bd4f8c1569cbc7c606d2d459677f20df6e2760ab434a2abe-d
packagefile internal/godebug=/root/.cache/go-build/c9/c9f29a458a254c07bdc46b3461d2938d20bab3ad3c1176228686c307059f8f25-d
packagefile io=/root/.cache/go-build/19/194487409864eb31dab0c57813b847117386f5d18b4d7d5f2ce9a1639c147f14-d
packagefile net=/tmp/go-build29350899/b097/_pkg_.a
packagefile os=/root/.cache/go-build/a7/a7bbbbd3ff27efca31bc0028bd35c5d6308c277bde7022d8aa2046ab49d7742f-d
packagefile runtime=/root/.cache/go-build/09/097865b8e64b1a60e49616b48422bd25c113108e6a4232284431b2b83b82d091-d
packagefile slices=/root/.cache/go-build/42/42290b4014724d4b79544a9a096f9279665cbc3d64e4232979eccc89e6ef9b07-d
packagefile sort=/root/.cache/go-build/ae/aeccec3e3d3df27feaee072f8da3b09c5242572fdb98b11f4cd1d3ffd1718418-d
packagefile strconv=/root/.cache/go-build/e5/e5bd11f9b8c60d4473dcb1923861ef465c38a079680d0f4755d3533985e61a72-d
packagefile strings=/root/.cache/go-build/a9/a97f8a8181a9c583fc013703f277d8f35d080bc38f4420b3e9d5d5ed67b9aa42-d
packagefile sync=/root/.cache/go-build/0e/0e1a7f9e3eb922d751c6afb97f22633a331e2bba16bc1bd4e5ba1542c99f7658-d
packagefile sync/atomic=/root/.cache/go-build/bd/bd313e9cacce2e07d790ca0ec028d59e0c24c9770945b7d1fea6e2aa84bb9687-d
packagefile time=/root/.cache/go-build/82/8293c45673dea5a2afe9dcfcf5d2fe013cbf1ce1f5df0b1b9feb6b7ffcc7af39-d
EOF
/root/go/pkg/mod/golang.org/toolchain@v0.0.1-go1.24.4.linux-amd64/pkg/tool/linux_amd64/compile -o $WORK/b183/_pkg_.a -trimpath "$WORK/b183=>" -p crypto/tls -lang=go1.24 -std -complete -buildid u5BpQThsLhRVPJh7vgQ6/u5BpQThsLhRVPJh7vgQ6 -goversion go1.24.4 -c=4 -shared -nolocalimports -importcfg $WORK/b183/importcfg -pack /root/go/pkg/mod/golang.org/toolchain@v0.0.1-go1.24.4.linux-amd64/src/crypto/tls/alert.go /root/go/pkg/mod/golang.org/toolchain@v0.0.1-go1.24.4.linux-amd64/src/crypto/tls/auth.go /root/go/pkg/mod/golang.org/toolchain@v0.0.1-go1.24.4.linux-amd64/src/crypto/tls/cache.go /root/go/pkg/mod/golang.org/toolchain@v0.0.1-go1.24.4.linux-amd64/src/crypto/tls/cipher_suites.go /root/go/pkg/mod/golang.org/toolchain@v0.0.1-go1.24.4.linux-amd64/src/crypto/tls/common.go /root/go/pkg/mod/golang.org/toolchain@v0.0.1-go1.24.4.linux-amd64/src/crypto/tls/common_string.go /root/go/pkg/mod/golang.org/toolchain@v0.0.1-go1.24.4.linux-amd64/src/crypto/tls/conn.go /root/go/pkg/mod/golang.org/toolchain@v0.0.1-go1.24.4.linux-amd64/src/crypto/tls/defaults.go /root/go/pkg/mod/golang.org/toolchain@v0.0.1-go1.24.4.linux-amd64/src/crypto/tls/ech.go /root/go/pkg/mod/golang.org/toolchain@v0.0.1-go1.24.4.linux-amd64/src/crypto/tls/handshake_client.go /root/go/pkg/mod/golang.org/toolchain@v0.0.1-go1.24.4.linux-amd64/src/crypto/tls/handshake_client_tls13.go /root/go/pkg/mod/golang.org/toolchain@v0.0.1-go1.24.4.linux-amd64/src/crypto/tls/handshake_messages.go /root/go/pkg/mod/golang.org/toolchain@v0.0.1-go1.24.4.linux-amd64/src/crypto/tls/handshake_server.go /root/go/pkg/mod/golang.org/toolchain@v0.0.1-go1.24.4.linux-amd64/src/crypto/tls/handshake_server_tls13.go /root/go/pkg/mod/golang.org/toolchain@v0.0.1-go1.24.4.linux-amd64/src/crypto/tls/key_agreement.go /root/go/pkg/mod/golang.org/toolchain@v0.0.1-go1.24.4.linux-amd64/src/crypto/tls/key_schedule.go /root/go/pkg/mod/golang.org/toolchain@v0.0.1-go1.24.4.linux-amd64/src/crypto/tls/prf.go /root/go/pkg/mod/golang.org/toolchain@v0.0.1-go1.24.4.linux-amd64/src/crypto/tls/quic.go /root/go/pkg/mod/golang.org/toolchain@v0.0.1-go1.24.4.linux-amd64/src/crypto/tls/ticket.go /root/go/pkg/mod/golang.org/toolchain@v0.0.1-go1.24.4.linux-amd64/src/crypto/tls/tls.go
/root/go/pkg/mod/golang.org/toolchain@v0.0.1-go1.24.4.linux-amd64/pkg/tool/linux_amd64/buildid -w $WORK/b278/_pkg_.a # internal
cp $WORK/b278/_pkg_.a /root/.cache/go-build/8c/8cca6423aa3354ab8062db8b5643a2354fe7a7ff0bb092e33f36f5172ee8a279-d # internal
/root/go/pkg/mod/golang.org/toolchain@v0.0.1-go1.24.4.linux-amd64/pkg/tool/linux_amd64/buildid -w $WORK/b183/_pkg_.a # internal
cp $WORK/b183/_pkg_.a /root/.cache/go-build/bf/bf08f916dbfaf6248868eb9e6c2656ace87bc8d1c04d09b4f8286ed7fa99735a-d # internal
net/http/httptrace
mkdir -p $WORK/b237/
cat >/tmp/go-build29350899/b237/importcfg << 'EOF' # internal
# import config
packagefile context=/root/.cache/go-build/3e/3e6ab3e7831dc084ecf1e13f2cdb3a9b0c120bd0b859895935cc0b4283700dbb-d
packagefile crypto/tls=/tmp/go-build29350899/b183/_pkg_.a
packagefile internal/nettrace=/root/.cache/go-build/5f/5fe27055b4ecfe7ba0e197b101bfc559023d883a137ecd5070961faedd5566c5-d
packagefile net=/tmp/go-build29350899/b097/_pkg_.a
packagefile net/textproto=/tmp/go-build29350899/b231/_pkg_.a
packagefile reflect=/root/.cache/go-build/c1/c157025f0d3204241798c68cf155e24730c4a7972ff6725bbc244c2067fbb71f-d
packagefile time=/root/.cache/go-build/82/8293c45673dea5a2afe9dcfcf5d2fe013cbf1ce1f5df0b1b9feb6b7ffcc7af39-d
EOF
github.com/thoj/go-ircevent
mkdir -p $WORK/b306/
/root/go/pkg/mod/golang.org/toolchain@v0.0.1-go1.24.4.linux-amd64/pkg/tool/linux_amd64/compile -o $WORK/b237/_pkg_.a -trimpath "$WORK/b237=>" -p net/http/httptrace -lang=go1.24 -std -complete -buildid JjF56qXbqY__6o-HNsgz/JjF56qXbqY__6o-HNsgz -goversion go1.24.4 -c=4 -shared -nolocalimports -importcfg $WORK/b237/importcfg -pack /root/go/pkg/mod/golang.org/toolchain@v0.0.1-go1.24.4.linux-amd64/src/net/http/httptrace/trace.go
cat >/tmp/go-build29350899/b306/importcfg << 'EOF' # internal
# import config
packagefile bufio=/root/.cache/go-build/29/2913c6577785ada18c0d7f976d489b11544551a3c94b873634ed6654c1acfdf1-d
packagefile bytes=/root/.cache/go-build/8c/8c78606d7559108bcee9cc2c220ab1acb975eb468c7c2ffdcbe7f8fbfde5e0f2-d
packagefile context=/root/.cache/go-build/3e/3e6ab3e7831dc084ecf1e13f2cdb3a9b0c120bd0b859895935cc0b4283700dbb-d
packagefile crypto/tls=/tmp/go-build29350899/b183/_pkg_.a
packagefile encoding/base64=/root/.cache/go-build/55/5576888949e0c2d4c3bb83d2c778bf9a29afaba4d6e424249415e72073501618-d
packagefile errors=/root/.cache/go-build/ef/ef2239267842d9814a8ed571225e5bd1dfefbc9f7396b17f96ded4ca80bb6e0d-d
packagefile fmt=/root/.cache/go-build/49/4968b44b691d284d426af1baebb3b3d5752072363ef1bee827ed0f740d3a8c7e-d
packagefile golang.org/x/net/proxy=/tmp/go-build29350899/b307/_pkg_.a
packagefile golang.org/x/text/encoding=/root/.cache/go-build/0e/0ee1d0eaa453f0f5a2c91bd2cd1009d4d9f3996724ae63264317b9379e2d7808-d
packagefile log=/root/.cache/go-build/c4/c4bc63ea92c3c25584ec4fa5395e2d0fbd6315c3a8c220e5814f726d6d98a452-d
packagefile net=/tmp/go-build29350899/b097/_pkg_.a
packagefile os=/root/.cache/go-build/a7/a7bbbbd3ff27efca31bc0028bd35c5d6308c277bde7022d8aa2046ab49d7742f-d
packagefile reflect=/root/.cache/go-build/c1/c157025f0d3204241798c68cf155e24730c4a7972ff6725bbc244c2067fbb71f-d
packagefile regexp=/root/.cache/go-build/be/bed3b499ba0d1d4d2732e9b3e9e1170f062c76346a6050691d11fac54018c80e-d
packagefile runtime=/root/.cache/go-build/09/097865b8e64b1a60e49616b48422bd25c113108e6a4232284431b2b83b82d091-d
packagefile strconv=/root/.cache/go-build/e5/e5bd11f9b8c60d4473dcb1923861ef465c38a079680d0f4755d3533985e61a72-d
packagefile strings=/root/.cache/go-build/a9/a97f8a8181a9c583fc013703f277d8f35d080bc38f4420b3e9d5d5ed67b9aa42-d
packagefile sync=/root/.cache/go-build/0e/0e1a7f9e3eb922d751c6afb97f22633a331e2bba16bc1bd4e5ba1542c99f7658-d
packagefile time=/root/.cache/go-build/82/8293c45673dea5a2afe9dcfcf5d2fe013cbf1ce1f5df0b1b9feb6b7ffcc7af39-d
EOF
/root/go/pkg/mod/golang.org/toolchain@v0.0.1-go1.24.4.linux-amd64/pkg/tool/linux_amd64/compile -o $WORK/b306/_pkg_.a -trimpath "$WORK/b306=>" -p github.com/thoj/go-ircevent -lang=go1.12 -complete -buildid _wriqdiBig-7H5lB5dQb/_wriqdiBig-7H5lB5dQb -goversion go1.24.4 -c=4 -shared -nolocalimports -importcfg $WORK/b306/importcfg -pack /root/go/pkg/mod/github.com/thoj/go-ircevent@v0.0.0-20210723090443-73e444401d64/irc.go /root/go/pkg/mod/github.com/thoj/go-ircevent@v0.0.0-20210723090443-73e444401d64/irc_callback.go /root/go/pkg/mod/github.com/thoj/go-ircevent@v0.0.0-20210723090443-73e444401d64/irc_sasl.go /root/go/pkg/mod/github.com/thoj/go-ircevent@v0.0.0-20210723090443-73e444401d64/irc_struct.go
github.com/elazarl/goproxy/internal/signer
mkdir -p $WORK/b338/
cat >/tmp/go-build29350899/b338/importcfg << 'EOF' # internal
# import config
packagefile crypto=/root/.cache/go-build/fc/fc9fc6286a8e658c42e890d44a21b9181dbaf9e752c5edb387dbc9457841addf-d
packagefile crypto/aes=/root/.cache/go-build/b0/b00dce10e39c3764808f5a1e06006bcc8ffca3624cfd9d9500f29809850e2e79-d
packagefile crypto/cipher=/root/.cache/go-build/77/77751da199b0835accf8150350a251457b8ca457219181103079ed648a072d11-d
packagefile crypto/ecdsa=/root/.cache/go-build/75/75c4621bb9e1ee36ab6144fea83a0035ed7e41c1e78ee7dd1582fedf27a279f2-d
packagefile crypto/ed25519=/root/.cache/go-build/6a/6a7d44aebfe8151aea5bdb5101b207a1714ce44765dbbaea652547b66139ca80-d
packagefile crypto/elliptic=/root/.cache/go-build/94/9425f04fc4e8e905bf14baf88002bf1b4b7263660e570f16a2bc358d545af11a-d
packagefile crypto/rsa=/root/.cache/go-build/3f/3fb18ac52ab1f115968784c955ced2973661b1db2cb216d8d3032bf196656c05-d
packagefile crypto/sha256=/root/.cache/go-build/45/457fb4f65b0bfd9a22662d6c3324f7001b7b632b1a90d45d28f6a1dd4c85d577-d
packagefile crypto/tls=/tmp/go-build29350899/b183/_pkg_.a
packagefile crypto/x509=/tmp/go-build29350899/b221/_pkg_.a
packagefile crypto/x509/pkix=/root/.cache/go-build/c9/c97dc62964ec412ea2cd82a95c6c5070e08d227d9816596153c6d733e32e00e1-d
packagefile errors=/root/.cache/go-build/ef/ef2239267842d9814a8ed571225e5bd1dfefbc9f7396b17f96ded4ca80bb6e0d-d
packagefile fmt=/root/.cache/go-build/49/4968b44b691d284d426af1baebb3b3d5752072363ef1bee827ed0f740d3a8c7e-d
packagefile math/big=/root/.cache/go-build/4b/4b278e857b15e204f2798394105096e24c2649346d393a37ae6ec1526be164d0-d
packagefile math/rand=/root/.cache/go-build/2c/2c6d12b5eefb56d9543e4c2c22b1e72638c82f52a4aec905cc6d450c5a3322b3-d
packagefile net=/tmp/go-build29350899/b097/_pkg_.a
packagefile runtime=/root/.cache/go-build/09/097865b8e64b1a60e49616b48422bd25c113108e6a4232284431b2b83b82d091-d
packagefile sort=/root/.cache/go-build/ae/aeccec3e3d3df27feaee072f8da3b09c5242572fdb98b11f4cd1d3ffd1718418-d
packagefile strings=/root/.cache/go-build/a9/a97f8a8181a9c583fc013703f277d8f35d080bc38f4420b3e9d5d5ed67b9aa42-d
packagefile time=/root/.cache/go-build/82/8293c45673dea5a2afe9dcfcf5d2fe013cbf1ce1f5df0b1b9feb6b7ffcc7af39-d
EOF
/root/go/pkg/mod/golang.org/toolchain@v0.0.1-go1.24.4.linux-amd64/pkg/tool/linux_amd64/compile -o $WORK/b338/_pkg_.a -trimpath "$WORK/b338=>" -p github.com/elazarl/goproxy/internal/signer -lang=go1.20 -complete -buildid EaZ9nsCcLHd6gXna4_hs/EaZ9nsCcLHd6gXna4_hs -goversion go1.24.4 -c=4 -shared -nolocalimports -importcfg $WORK/b338/importcfg -pack /root/go/pkg/mod/github.com/elazarl/goproxy@v1.7.2/internal/signer/counterecryptor.go /root/go/pkg/mod/github.com/elazarl/goproxy@v1.7.2/internal/signer/signer.go
github.com/miekg/dns
mkdir -p $WORK/b290/
cat >/tmp/go-build29350899/b290/importcfg << 'EOF' # internal
# import config
packagefile bufio=/root/.cache/go-build/29/2913c6577785ada18c0d7f976d489b11544551a3c94b873634ed6654c1acfdf1-d
packagefile bytes=/root/.cache/go-build/8c/8c78606d7559108bcee9cc2c220ab1acb975eb468c7c2ffdcbe7f8fbfde5e0f2-d
packagefile context=/root/.cache/go-build/3e/3e6ab3e7831dc084ecf1e13f2cdb3a9b0c120bd0b859895935cc0b4283700dbb-d
packagefile crypto=/root/.cache/go-build/fc/fc9fc6286a8e658c42e890d44a21b9181dbaf9e752c5edb387dbc9457841addf-d
packagefile crypto/ecdsa=/root/.cache/go-build/75/75c4621bb9e1ee36ab6144fea83a0035ed7e41c1e78ee7dd1582fedf27a279f2-d
packagefile crypto/ed25519=/root/.cache/go-build/6a/6a7d44aebfe8151aea5bdb5101b207a1714ce44765dbbaea652547b66139ca80-d
packagefile crypto/elliptic=/root/.cache/go-build/94/9425f04fc4e8e905bf14baf88002bf1b4b7263660e570f16a2bc358d545af11a-d
packagefile crypto/hmac=/root/.cache/go-build/24/2463210c98455e6c7d070dcbd4a65f2024c34606b778d1219cc6094bbdf79979-d
packagefile crypto/rand=/root/.cache/go-build/5e/5ef4cc951e1562697e369f6a88e941b670182ebbded7ead645aa8b805c507f4b-d
packagefile crypto/rsa=/root/.cache/go-build/3f/3fb18ac52ab1f115968784c955ced2973661b1db2cb216d8d3032bf196656c05-d
packagefile crypto/sha1=/root/.cache/go-build/cd/cdf27802b7b602540eb0375edc0866e49db7b8c8e7afeaa39ca4a25728d991e6-d
packagefile crypto/sha256=/root/.cache/go-build/45/457fb4f65b0bfd9a22662d6c3324f7001b7b632b1a90d45d28f6a1dd4c85d577-d
packagefile crypto/sha512=/root/.cache/go-build/88/887b85b96ea1f849c2d617c8f00b318706578abbaaea75fc2b5656477c5091b5-d
packagefile crypto/tls=/tmp/go-build29350899/b183/_pkg_.a
packagefile crypto/x509=/tmp/go-build29350899/b221/_pkg_.a
packagefile encoding/asn1=/root/.cache/go-build/7d/7d279d60d2e00b4b4f5e1ec1e86b80d7bc6c7656eae034c79a4bf7b5eb4b4319-d
packagefile encoding/base32=/root/.cache/go-build/c1/c1ffe700af053d2871fb6ea74379a033c26ad5b9492c9a1cdeb7a739367d5def-d
packagefile encoding/base64=/root/.cache/go-build/55/5576888949e0c2d4c3bb83d2c778bf9a29afaba4d6e424249415e72073501618-d
packagefile encoding/binary=/root/.cache/go-build/84/84f4871c348bfb24281f74a785fe339aa588228b38344877384662a8e800c694-d
packagefile encoding/hex=/root/.cache/go-build/88/8894c4977c5ac399a7df03ea49c420d6455b77825225b9d8ef6024dbcba4a317-d
packagefile errors=/root/.cache/go-build/ef/ef2239267842d9814a8ed571225e5bd1dfefbc9f7396b17f96ded4ca80bb6e0d-d
packagefile fmt=/root/.cache/go-build/49/4968b44b691d284d426af1baebb3b3d5752072363ef1bee827ed0f740d3a8c7e-d
packagefile golang.org/x/net/ipv4=/tmp/go-build29350899/b279/_pkg_.a
packagefile golang.org/x/net/ipv6=/tmp/go-build29350899/b292/_pkg_.a
packagefile golang.org/x/sys/unix=/root/.cache/go-build/84/84db2e1bbceed4d33f43fec75e38ff45c6cf709015321aeb367c586ff98707cf-d
packagefile hash=/root/.cache/go-build/19/1946ec7968fbe7038a7c32113bffa74edc4b391de135f18c9b0c063d36a49287-d
packagefile io=/root/.cache/go-build/19/194487409864eb31dab0c57813b847117386f5d18b4d7d5f2ce9a1639c147f14-d
packagefile io/fs=/root/.cache/go-build/e8/e83c2ce9c200dbec04b741d4a2b9e323e610216d7962f2e3c5bdd7e004b75fab-d
packagefile math/big=/root/.cache/go-build/4b/4b278e857b15e204f2798394105096e24c2649346d393a37ae6ec1526be164d0-d
packagefile net=/tmp/go-build29350899/b097/_pkg_.a
packagefile os=/root/.cache/go-build/a7/a7bbbbd3ff27efca31bc0028bd35c5d6308c277bde7022d8aa2046ab49d7742f-d
packagefile path=/root/.cache/go-build/05/052da275ef56179bcfd61946639308391ee11782caacda5802d252d843fcf7f3-d
packagefile path/filepath=/root/.cache/go-build/fb/fb1423b2ddb6a228c5af3670265ac57b0d320637ba764d90e94882b0b0decb7d-d
packagefile reflect=/root/.cache/go-build/c1/c157025f0d3204241798c68cf155e24730c4a7972ff6725bbc244c2067fbb71f-d
packagefile sort=/root/.cache/go-build/ae/aeccec3e3d3df27feaee072f8da3b09c5242572fdb98b11f4cd1d3ffd1718418-d
packagefile strconv=/root/.cache/go-build/e5/e5bd11f9b8c60d4473dcb1923861ef465c38a079680d0f4755d3533985e61a72-d
packagefile strings=/root/.cache/go-build/a9/a97f8a8181a9c583fc013703f277d8f35d080bc38f4420b3e9d5d5ed67b9aa42-d
packagefile sync=/root/.cache/go-build/0e/0e1a7f9e3eb922d751c6afb97f22633a331e2bba16bc1bd4e5ba1542c99f7658-d
packagefile syscall=/root/.cache/go-build/9f/9fbc2784e052e081f7bb71ca8dc1412d78e1f7096e7638e201fe827884545be6-d
packagefile time=/root/.cache/go-build/82/8293c45673dea5a2afe9dcfcf5d2fe013cbf1ce1f5df0b1b9feb6b7ffcc7af39-d
EOF
/root/go/pkg/mod/golang.org/toolchain@v0.0.1-go1.24.4.linux-amd64/pkg/tool/linux_amd64/compile -o $WORK/b290/_pkg_.a -trimpath "$WORK/b290=>" -p github.com/miekg/dns -lang=go1.23 -complete -buildid mENdKZb7q_HPcXUj3ZLF/mENdKZb7q_HPcXUj3ZLF -goversion go1.24.4 -c=4 -shared -nolocalimports -importcfg $WORK/b290/importcfg -pack /root/go/pkg/mod/github.com/miekg/dns@v1.1.67/acceptfunc.go /root/go/pkg/mod/github.com/miekg/dns@v1.1.67/client.go /root/go/pkg/mod/github.com/miekg/dns@v1.1.67/clientconfig.go /root/go/pkg/mod/github.com/miekg/dns@v1.1.67/dane.go /root/go/pkg/mod/github.com/miekg/dns@v1.1.67/defaults.go /root/go/pkg/mod/github.com/miekg/dns@v1.1.67/dns.go /root/go/pkg/mod/github.com/miekg/dns@v1.1.67/dnssec.go /root/go/pkg/mod/github.com/miekg/dns@v1.1.67/dnssec_keygen.go /root/go/pkg/mod/github.com/miekg/dns@v1.1.67/dnssec_keyscan.go /root/go/pkg/mod/github.com/miekg/dns@v1.1.67/dnssec_privkey.go /root/go/pkg/mod/github.com/miekg/dns@v1.1.67/doc.go /root/go/pkg/mod/github.com/miekg/dns@v1.1.67/duplicate.go /root/go/pkg/mod/github.com/miekg/dns@v1.1.67/edns.go /root/go/pkg/mod/github.com/miekg/dns@v1.1.67/format.go /root/go/pkg/mod/github.com/miekg/dns@v1.1.67/generate.go /root/go/pkg/mod/github.com/miekg/dns@v1.1.67/hash.go /root/go/pkg/mod/github.com/miekg/dns@v1.1.67/labels.go /root/go/pkg/mod/github.com/miekg/dns@v1.1.67/listen_socket_options.go /root/go/pkg/mod/github.com/miekg/dns@v1.1.67/msg.go /root/go/pkg/mod/github.com/miekg/dns@v1.1.67/msg_helpers.go /root/go/pkg/mod/github.com/miekg/dns@v1.1.67/msg_truncate.go /root/go/pkg/mod/github.com/miekg/dns@v1.1.67/nsecx.go /root/go/pkg/mod/github.com/miekg/dns@v1.1.67/privaterr.go /root/go/pkg/mod/github.com/miekg/dns@v1.1.67/reverse.go /root/go/pkg/mod/github.com/miekg/dns@v1.1.67/sanitize.go /root/go/pkg/mod/github.com/miekg/dns@v1.1.67/scan.go /root/go/pkg/mod/github.com/miekg/dns@v1.1.67/scan_rr.go /root/go/pkg/mod/github.com/miekg/dns@v1.1.67/serve_mux.go /root/go/pkg/mod/github.com/miekg/dns@v1.1.67/server.go /root/go/pkg/mod/github.com/miekg/dns@v1.1.67/sig0.go /root/go/pkg/mod/github.com/miekg/dns@v1.1.67/smimea.go /root/go/pkg/mod/github.com/miekg/dns@v1.1.67/svcb.go /root/go/pkg/mod/github.com/miekg/dns@v1.1.67/tlsa.go /root/go/pkg/mod/github.com/miekg/dns@v1.1.67/tsig.go /root/go/pkg/mod/github.com/miekg/dns@v1.1.67/types.go /root/go/pkg/mod/github.com/miekg/dns@v1.1.67/udp.go /root/go/pkg/mod/github.com/miekg/dns@v1.1.67/update.go /root/go/pkg/mod/github.com/miekg/dns@v1.1.67/version.go /root/go/pkg/mod/github.com/miekg/dns@v1.1.67/xfr.go /root/go/pkg/mod/github.com/miekg/dns@v1.1.67/zduplicate.go /root/go/pkg/mod/github.com/miekg/dns@v1.1.67/zmsg.go /root/go/pkg/mod/github.com/miekg/dns@v1.1.67/ztypes.go
/root/go/pkg/mod/golang.org/toolchain@v0.0.1-go1.24.4.linux-amd64/pkg/tool/linux_amd64/buildid -w $WORK/b237/_pkg_.a # internal
cp $WORK/b237/_pkg_.a /root/.cache/go-build/fc/fc82fe38c0fd0af9450376a2abba87a42ac3b96d83d4bf59247fd0c950432582-d # internal
net/http
mkdir -p $WORK/b181/
cat >/tmp/go-build29350899/b181/importcfg << 'EOF' # internal
# import config
importmap golang.org/x/net/http/httpguts=vendor/golang.org/x/net/http/httpguts
importmap golang.org/x/net/http/httpproxy=vendor/golang.org/x/net/http/httpproxy
importmap golang.org/x/net/http2/hpack=vendor/golang.org/x/net/http2/hpack
importmap golang.org/x/net/idna=vendor/golang.org/x/net/idna
packagefile bufio=/root/.cache/go-build/29/2913c6577785ada18c0d7f976d489b11544551a3c94b873634ed6654c1acfdf1-d
packagefile bytes=/root/.cache/go-build/8c/8c78606d7559108bcee9cc2c220ab1acb975eb468c7c2ffdcbe7f8fbfde5e0f2-d
packagefile compress/gzip=/root/.cache/go-build/58/585db37069083975ddbefa5d3a351217d401bba55b85997b274d72b1443ee858-d
packagefile container/list=/root/.cache/go-build/b9/b98d04b47bb53c16af6a732b7b2219ed12e8d95209b51fe075f79a9a1e1034c2-d
packagefile context=/root/.cache/go-build/3e/3e6ab3e7831dc084ecf1e13f2cdb3a9b0c120bd0b859895935cc0b4283700dbb-d
packagefile crypto/rand=/root/.cache/go-build/5e/5ef4cc951e1562697e369f6a88e941b670182ebbded7ead645aa8b805c507f4b-d
packagefile crypto/tls=/tmp/go-build29350899/b183/_pkg_.a
packagefile encoding/base64=/root/.cache/go-build/55/5576888949e0c2d4c3bb83d2c778bf9a29afaba4d6e424249415e72073501618-d
packagefile encoding/binary=/root/.cache/go-build/84/84f4871c348bfb24281f74a785fe339aa588228b38344877384662a8e800c694-d
packagefile errors=/root/.cache/go-build/ef/ef2239267842d9814a8ed571225e5bd1dfefbc9f7396b17f96ded4ca80bb6e0d-d
packagefile fmt=/root/.cache/go-build/49/4968b44b691d284d426af1baebb3b3d5752072363ef1bee827ed0f740d3a8c7e-d
packagefile vendor/golang.org/x/net/http/httpguts=/tmp/go-build29350899/b225/_pkg_.a
packagefile vendor/golang.org/x/net/http/httpproxy=/tmp/go-build29350899/b232/_pkg_.a
packagefile vendor/golang.org/x/net/http2/hpack=/root/.cache/go-build/84/84d35e67ebc019c25d2014d9b6c6aa46038a84be63a606c7255f3bcb2e2aa109-d
packagefile vendor/golang.org/x/net/idna=/root/.cache/go-build/9c/9c71dc441c2e274d3af764ff40786275d426d8b66c0352767fe208607d281d13-d
packagefile internal/godebug=/root/.cache/go-build/c9/c9f29a458a254c07bdc46b3461d2938d20bab3ad3c1176228686c307059f8f25-d
packagefile io=/root/.cache/go-build/19/194487409864eb31dab0c57813b847117386f5d18b4d7d5f2ce9a1639c147f14-d
packagefile io/fs=/root/.cache/go-build/e8/e83c2ce9c200dbec04b741d4a2b9e323e610216d7962f2e3c5bdd7e004b75fab-d
packagefile log=/root/.cache/go-build/c4/c4bc63ea92c3c25584ec4fa5395e2d0fbd6315c3a8c220e5814f726d6d98a452-d
packagefile maps=/root/.cache/go-build/01/01fdd79c5e8694f1fc6f1bdeed3a0dbf679611c1d1a408b6dda690ff101d3c63-d
packagefile math=/root/.cache/go-build/7c/7c38be7a01778ab9303105d335c8729cf15159d637fa5b94ec313585a9bda2b2-d
packagefile math/bits=/root/.cache/go-build/d8/d8d34bab9d6048fb5e5e48532b1b58f59017c900346a68ad3a2fd8ef9c1af6ca-d
packagefile math/rand=/root/.cache/go-build/2c/2c6d12b5eefb56d9543e4c2c22b1e72638c82f52a4aec905cc6d450c5a3322b3-d
packagefile mime=/root/.cache/go-build/ab/ab3c78d7db536ef21cc707aed79b65c13846066276a9d5af52547b67c52ed5e2-d
packagefile mime/multipart=/root/.cache/go-build/47/47e67e578efaab1b2db391d1d0aff48e5d6f0ab066177202a99e8cb7a07a08cb-d
packagefile net=/tmp/go-build29350899/b097/_pkg_.a
packagefile net/http/httptrace=/tmp/go-build29350899/b237/_pkg_.a
packagefile net/http/internal=/root/.cache/go-build/15/1599f3e1fa657b80a6194747878cc0a2b8bb67645832e6dc444b1b061b3b7fac-d
packagefile net/http/internal/ascii=/root/.cache/go-build/fc/fcab736e50e16fe45ae5d98fdb6b088fd2a151acf17479e8a005f6e8efd045af-d
packagefile net/textproto=/tmp/go-build29350899/b231/_pkg_.a
packagefile net/url=/root/.cache/go-build/14/14fe89de715018175cfd277768407d0fcd44b22f6463eda49c2a4883a6036b90-d
packagefile os=/root/.cache/go-build/a7/a7bbbbd3ff27efca31bc0028bd35c5d6308c277bde7022d8aa2046ab49d7742f-d
packagefile path=/root/.cache/go-build/05/052da275ef56179bcfd61946639308391ee11782caacda5802d252d843fcf7f3-d
packagefile path/filepath=/root/.cache/go-build/fb/fb1423b2ddb6a228c5af3670265ac57b0d320637ba764d90e94882b0b0decb7d-d
packagefile reflect=/root/.cache/go-build/c1/c157025f0d3204241798c68cf155e24730c4a7972ff6725bbc244c2067fbb71f-d
packagefile runtime=/root/.cache/go-build/09/097865b8e64b1a60e49616b48422bd25c113108e6a4232284431b2b83b82d091-d
packagefile slices=/root/.cache/go-build/42/42290b4014724d4b79544a9a096f9279665cbc3d64e4232979eccc89e6ef9b07-d
packagefile sort=/root/.cache/go-build/ae/aeccec3e3d3df27feaee072f8da3b09c5242572fdb98b11f4cd1d3ffd1718418-d
packagefile strconv=/root/.cache/go-build/e5/e5bd11f9b8c60d4473dcb1923861ef465c38a079680d0f4755d3533985e61a72-d
packagefile strings=/root/.cache/go-build/a9/a97f8a8181a9c583fc013703f277d8f35d080bc38f4420b3e9d5d5ed67b9aa42-d
packagefile sync=/root/.cache/go-build/0e/0e1a7f9e3eb922d751c6afb97f22633a331e2bba16bc1bd4e5ba1542c99f7658-d
packagefile sync/atomic=/root/.cache/go-build/bd/bd313e9cacce2e07d790ca0ec028d59e0c24c9770945b7d1fea6e2aa84bb9687-d
packagefile time=/root/.cache/go-build/82/8293c45673dea5a2afe9dcfcf5d2fe013cbf1ce1f5df0b1b9feb6b7ffcc7af39-d
packagefile unicode=/root/.cache/go-build/33/33010f55a9863f8654d91f8a4702796b544460f4f813746f9e93b2ac1fda7a7b-d
packagefile unicode/utf8=/root/.cache/go-build/b8/b8468dd4529156a244170639361b027a5ea4805ab3931117dd393d38c56539f3-d
EOF
/root/go/pkg/mod/golang.org/toolchain@v0.0.1-go1.24.4.linux-amd64/pkg/tool/linux_amd64/compile -o $WORK/b181/_pkg_.a -trimpath "$WORK/b181=>" -p net/http -lang=go1.24 -std -complete -buildid ZxPcKpjIXgwiE7412Mmk/ZxPcKpjIXgwiE7412Mmk -goversion go1.24.4 -c=4 -shared -nolocalimports -importcfg $WORK/b181/importcfg -pack /root/go/pkg/mod/golang.org/toolchain@v0.0.1-go1.24.4.linux-amd64/src/net/http/client.go /root/go/pkg/mod/golang.org/toolchain@v0.0.1-go1.24.4.linux-amd64/src/net/http/clone.go /root/go/pkg/mod/golang.org/toolchain@v0.0.1-go1.24.4.linux-amd64/src/net/http/cookie.go /root/go/pkg/mod/golang.org/toolchain@v0.0.1-go1.24.4.linux-amd64/src/net/http/doc.go /root/go/pkg/mod/golang.org/toolchain@v0.0.1-go1.24.4.linux-amd64/src/net/http/filetransport.go /root/go/pkg/mod/golang.org/toolchain@v0.0.1-go1.24.4.linux-amd64/src/net/http/fs.go /root/go/pkg/mod/golang.org/toolchain@v0.0.1-go1.24.4.linux-amd64/src/net/http/h2_bundle.go /root/go/pkg/mod/golang.org/toolchain@v0.0.1-go1.24.4.linux-amd64/src/net/http/h2_error.go /root/go/pkg/mod/golang.org/toolchain@v0.0.1-go1.24.4.linux-amd64/src/net/http/header.go /root/go/pkg/mod/golang.org/toolchain@v0.0.1-go1.24.4.linux-amd64/src/net/http/http.go /root/go/pkg/mod/golang.org/toolchain@v0.0.1-go1.24.4.linux-amd64/src/net/http/jar.go /root/go/pkg/mod/golang.org/toolchain@v0.0.1-go1.24.4.linux-amd64/src/net/http/mapping.go /root/go/pkg/mod/golang.org/toolchain@v0.0.1-go1.24.4.linux-amd64/src/net/http/method.go /root/go/pkg/mod/golang.org/toolchain@v0.0.1-go1.24.4.linux-amd64/src/net/http/pattern.go /root/go/pkg/mod/golang.org/toolchain@v0.0.1-go1.24.4.linux-amd64/src/net/http/request.go /root/go/pkg/mod/golang.org/toolchain@v0.0.1-go1.24.4.linux-amd64/src/net/http/response.go /root/go/pkg/mod/golang.org/toolchain@v0.0.1-go1.24.4.linux-amd64/src/net/http/responsecontroller.go /root/go/pkg/mod/golang.org/toolchain@v0.0.1-go1.24.4.linux-amd64/src/net/http/roundtrip.go /root/go/pkg/mod/golang.org/toolchain@v0.0.1-go1.24.4.linux-amd64/src/net/http/routing_index.go /root/go/pkg/mod/golang.org/toolchain@v0.0.1-go1.24.4.linux-amd64/src/net/http/routing_tree.go /root/go/pkg/mod/golang.org/toolchain@v0.0.1-go1.24.4.linux-amd64/src/net/http/servemux121.go /root/go/pkg/mod/golang.org/toolchain@v0.0.1-go1.24.4.linux-amd64/src/net/http/server.go /root/go/pkg/mod/golang.org/toolchain@v0.0.1-go1.24.4.linux-amd64/src/net/http/sniff.go /root/go/pkg/mod/golang.org/toolchain@v0.0.1-go1.24.4.linux-amd64/src/net/http/socks_bundle.go /root/go/pkg/mod/golang.org/toolchain@v0.0.1-go1.24.4.linux-amd64/src/net/http/status.go /root/go/pkg/mod/golang.org/toolchain@v0.0.1-go1.24.4.linux-amd64/src/net/http/transfer.go /root/go/pkg/mod/golang.org/toolchain@v0.0.1-go1.24.4.linux-amd64/src/net/http/transport.go /root/go/pkg/mod/golang.org/toolchain@v0.0.1-go1.24.4.linux-amd64/src/net/http/transport_default_other.go
/root/go/pkg/mod/golang.org/toolchain@v0.0.1-go1.24.4.linux-amd64/pkg/tool/linux_amd64/buildid -w $WORK/b338/_pkg_.a # internal
cp $WORK/b338/_pkg_.a /root/.cache/go-build/e6/e699c0fa6676ae6a1376a867433d57d703451044a1b64f19211f4da82b381006-d # internal
/root/go/pkg/mod/golang.org/toolchain@v0.0.1-go1.24.4.linux-amd64/pkg/tool/linux_amd64/buildid -w $WORK/b306/_pkg_.a # internal
cp $WORK/b306/_pkg_.a /root/.cache/go-build/a8/a813218417dcddc39f35ffcc38f0fee01f9a8423d7fd536e5bcc3c8ce8e85c38-d # internal
/root/go/pkg/mod/golang.org/toolchain@v0.0.1-go1.24.4.linux-amd64/pkg/tool/linux_amd64/buildid -w $WORK/b113/_pkg_.a # internal
cp $WORK/b113/_pkg_.a /root/.cache/go-build/0d/0d747274dde2bd99fae270e0943082218b1ddc4fe2bcdf5f768b873b173a1dbc-d # internal
github.com/gopacket/gopacket/pcap
mkdir -p $WORK/b116/
cd /root/go/pkg/mod/github.com/gopacket/gopacket@v1.3.1/pcap
TERM='dumb' CGO_LDFLAGS='' /root/go/pkg/mod/golang.org/toolchain@v0.0.1-go1.24.4.linux-amd64/pkg/tool/linux_amd64/cgo -objdir $WORK/b116/ -importpath github.com/gopacket/gopacket/pcap "-ldflags=\"/root/research/libpcap-android/arm64-v8a/21/libpcap.a\" \"-llog\" \"-lpcap\"" -- -I/root/research/libpcap-android/include -I $WORK/b116/ -I/root/research/libpcap-android/include ./pcap_unix.go
github.com/gopacket/gopacket/pcapgo
mkdir -p $WORK/b117/
cat >/tmp/go-build29350899/b117/importcfg << 'EOF' # internal
# import config
packagefile bufio=/root/.cache/go-build/29/2913c6577785ada18c0d7f976d489b11544551a3c94b873634ed6654c1acfdf1-d
packagefile bytes=/root/.cache/go-build/8c/8c78606d7559108bcee9cc2c220ab1acb975eb468c7c2ffdcbe7f8fbfde5e0f2-d
packagefile compress/gzip=/root/.cache/go-build/58/585db37069083975ddbefa5d3a351217d401bba55b85997b274d72b1443ee858-d
packagefile encoding/binary=/root/.cache/go-build/84/84f4871c348bfb24281f74a785fe339aa588228b38344877384662a8e800c694-d
packagefile errors=/root/.cache/go-build/ef/ef2239267842d9814a8ed571225e5bd1dfefbc9f7396b17f96ded4ca80bb6e0d-d
packagefile fmt=/root/.cache/go-build/49/4968b44b691d284d426af1baebb3b3d5752072363ef1bee827ed0f740d3a8c7e-d
packagefile github.com/gopacket/gopacket=/tmp/go-build29350899/b112/_pkg_.a
packagefile github.com/gopacket/gopacket/htons=/root/.cache/go-build/b1/b1c0fd60df2398294eb097eb209a9ed1b37587f7d686fcdede79b68e203aea50-d
packagefile github.com/gopacket/gopacket/layers=/tmp/go-build29350899/b113/_pkg_.a
packagefile golang.org/x/net/bpf=/root/.cache/go-build/31/31192538c55d7673d181773cd1f1d160f8696f76810248b645699e1aefb2dbbf-d
packagefile golang.org/x/sys/unix=/root/.cache/go-build/84/84db2e1bbceed4d33f43fec75e38ff45c6cf709015321aeb367c586ff98707cf-d
packagefile io=/root/.cache/go-build/19/194487409864eb31dab0c57813b847117386f5d18b4d7d5f2ce9a1639c147f14-d
packagefile math=/root/.cache/go-build/7c/7c38be7a01778ab9303105d335c8729cf15159d637fa5b94ec313585a9bda2b2-d
packagefile net=/tmp/go-build29350899/b097/_pkg_.a
packagefile net/netip=/root/.cache/go-build/c2/c2684a58f74f7ed7492bb395d29f3f52080f5e9d67f1bac60c976541ba21470d-d
packagefile runtime=/root/.cache/go-build/09/097865b8e64b1a60e49616b48422bd25c113108e6a4232284431b2b83b82d091-d
packagefile sync=/root/.cache/go-build/0e/0e1a7f9e3eb922d751c6afb97f22633a331e2bba16bc1bd4e5ba1542c99f7658-d
packagefile sync/atomic=/root/.cache/go-build/bd/bd313e9cacce2e07d790ca0ec028d59e0c24c9770945b7d1fea6e2aa84bb9687-d
packagefile syscall=/root/.cache/go-build/9f/9fbc2784e052e081f7bb71ca8dc1412d78e1f7096e7638e201fe827884545be6-d
packagefile time=/root/.cache/go-build/82/8293c45673dea5a2afe9dcfcf5d2fe013cbf1ce1f5df0b1b9feb6b7ffcc7af39-d
EOF
cd /root/research/bettercap
/root/go/pkg/mod/golang.org/toolchain@v0.0.1-go1.24.4.linux-amd64/pkg/tool/linux_amd64/compile -o $WORK/b117/_pkg_.a -trimpath "$WORK/b117=>" -p github.com/gopacket/gopacket/pcapgo -lang=go1.22 -complete -buildid EOG0Qo6mLVhy7Q6hCX-s/EOG0Qo6mLVhy7Q6hCX-s -goversion go1.24.4 -c=4 -shared -nolocalimports -importcfg $WORK/b117/importcfg -pack /root/go/pkg/mod/github.com/gopacket/gopacket@v1.3.1/pcapgo/capture.go /root/go/pkg/mod/github.com/gopacket/gopacket@v1.3.1/pcapgo/doc.go /root/go/pkg/mod/github.com/gopacket/gopacket@v1.3.1/pcapgo/ngread.go /root/go/pkg/mod/github.com/gopacket/gopacket@v1.3.1/pcapgo/ngread_dsb.go /root/go/pkg/mod/github.com/gopacket/gopacket@v1.3.1/pcapgo/ngread_nrb.go /root/go/pkg/mod/github.com/gopacket/gopacket@v1.3.1/pcapgo/ngwrite.go /root/go/pkg/mod/github.com/gopacket/gopacket@v1.3.1/pcapgo/ngwrite_dsb.go /root/go/pkg/mod/github.com/gopacket/gopacket@v1.3.1/pcapgo/pcapng.go /root/go/pkg/mod/github.com/gopacket/gopacket@v1.3.1/pcapgo/read.go /root/go/pkg/mod/github.com/gopacket/gopacket@v1.3.1/pcapgo/snoop.go /root/go/pkg/mod/github.com/gopacket/gopacket@v1.3.1/pcapgo/write.go
/root/go/pkg/mod/golang.org/toolchain@v0.0.1-go1.24.4.linux-amd64/pkg/tool/linux_amd64/buildid -w $WORK/b117/_pkg_.a # internal
cp $WORK/b117/_pkg_.a /root/.cache/go-build/38/381a92d1f7eae10d4e124097e95c78a30ae0258abbdf150945e3e843383348dc-d # internal
cd $WORK/b116
TERM='dumb' /root/android-ndk/android-ndk-r26d/toolchains/llvm/prebuilt/linux-x86_64/bin/aarch64-linux-android21-clang -I /root/go/pkg/mod/github.com/gopacket/gopacket@v1.3.1/pcap -fPIC -pthread -fno-caret-diagnostics -Qunused-arguments -Wl,--no-gc-sections -fmessage-length=0 -ffile-prefix-map=$WORK/b116=/tmp/go-build -gno-record-gcc-switches -I/root/research/libpcap-android/include -I $WORK/b116/ -I/root/research/libpcap-android/include -frandom-seed=L_ix1dh1AZDe0iH25cam -o $WORK/b116/_x001.o -c _cgo_export.c
TERM='dumb' /root/android-ndk/android-ndk-r26d/toolchains/llvm/prebuilt/linux-x86_64/bin/aarch64-linux-android21-clang -I /root/go/pkg/mod/github.com/gopacket/gopacket@v1.3.1/pcap -fPIC -pthread -fno-caret-diagnostics -Qunused-arguments -Wl,--no-gc-sections -fmessage-length=0 -ffile-prefix-map=$WORK/b116=/tmp/go-build -gno-record-gcc-switches -I/root/research/libpcap-android/include -I $WORK/b116/ -I/root/research/libpcap-android/include -frandom-seed=L_ix1dh1AZDe0iH25cam -o $WORK/b116/_x002.o -c pcap_unix.cgo2.c
TERM='dumb' /root/android-ndk/android-ndk-r26d/toolchains/llvm/prebuilt/linux-x86_64/bin/aarch64-linux-android21-clang -I /root/go/pkg/mod/github.com/gopacket/gopacket@v1.3.1/pcap -fPIC -pthread -fno-caret-diagnostics -Qunused-arguments -Wl,--no-gc-sections -fmessage-length=0 -ffile-prefix-map=$WORK/b116=/tmp/go-build -gno-record-gcc-switches -I/root/research/libpcap-android/include -I $WORK/b116/ -I/root/research/libpcap-android/include -frandom-seed=L_ix1dh1AZDe0iH25cam -o $WORK/b116/_cgo_main.o -c _cgo_main.c
cd /root/research/bettercap
TERM='dumb' /root/android-ndk/android-ndk-r26d/toolchains/llvm/prebuilt/linux-x86_64/bin/aarch64-linux-android21-clang -I /root/go/pkg/mod/github.com/gopacket/gopacket@v1.3.1/pcap -fPIC -pthread -fno-caret-diagnostics -Qunused-arguments -Wl,--no-gc-sections -fmessage-length=0 -ffile-prefix-map=$WORK/b116=/tmp/go-build -gno-record-gcc-switches -o $WORK/b116/_cgo_.o $WORK/b116/_cgo_main.o $WORK/b116/_x001.o $WORK/b116/_x002.o /root/research/libpcap-android/arm64-v8a/21/libpcap.a -llog -lpcap -pie
/root/android-ndk/android-ndk-r26d/toolchains/llvm/prebuilt/linux-x86_64/bin/aarch64-linux-android21-clang -I /root/go/pkg/mod/github.com/gopacket/gopacket@v1.3.1/pcap -fPIC -pthread -fno-caret-diagnostics -Qunused-arguments -Wl,--no-gc-sections -fmessage-length=0 -ffile-prefix-map=$WORK/b116=/tmp/go-build -gno-record-gcc-switches -o $WORK/b116/_cgo_.o $WORK/b116/_cgo_main.o $WORK/b116/_x001.o $WORK/b116/_x002.o /root/research/libpcap-android/arm64-v8a/21/libpcap.a -llog -lpcap -pie # test for internal linking errors (failed)
echo -n > $WORK/b116/dynimportfail # internal
cat >/tmp/go-build29350899/b116/importcfg << 'EOF' # internal
# import config
packagefile errors=/root/.cache/go-build/ef/ef2239267842d9814a8ed571225e5bd1dfefbc9f7396b17f96ded4ca80bb6e0d-d
packagefile fmt=/root/.cache/go-build/49/4968b44b691d284d426af1baebb3b3d5752072363ef1bee827ed0f740d3a8c7e-d
packagefile github.com/gopacket/gopacket=/tmp/go-build29350899/b112/_pkg_.a
packagefile github.com/gopacket/gopacket/layers=/tmp/go-build29350899/b113/_pkg_.a
packagefile io=/root/.cache/go-build/19/194487409864eb31dab0c57813b847117386f5d18b4d7d5f2ce9a1639c147f14-d
packagefile net=/tmp/go-build29350899/b097/_pkg_.a
packagefile os=/root/.cache/go-build/a7/a7bbbbd3ff27efca31bc0028bd35c5d6308c277bde7022d8aa2046ab49d7742f-d
packagefile reflect=/root/.cache/go-build/c1/c157025f0d3204241798c68cf155e24730c4a7972ff6725bbc244c2067fbb71f-d
packagefile runtime=/root/.cache/go-build/09/097865b8e64b1a60e49616b48422bd25c113108e6a4232284431b2b83b82d091-d
packagefile strconv=/root/.cache/go-build/e5/e5bd11f9b8c60d4473dcb1923861ef465c38a079680d0f4755d3533985e61a72-d
packagefile sync=/root/.cache/go-build/0e/0e1a7f9e3eb922d751c6afb97f22633a331e2bba16bc1bd4e5ba1542c99f7658-d
packagefile sync/atomic=/root/.cache/go-build/bd/bd313e9cacce2e07d790ca0ec028d59e0c24c9770945b7d1fea6e2aa84bb9687-d
packagefile syscall=/root/.cache/go-build/9f/9fbc2784e052e081f7bb71ca8dc1412d78e1f7096e7638e201fe827884545be6-d
packagefile time=/root/.cache/go-build/82/8293c45673dea5a2afe9dcfcf5d2fe013cbf1ce1f5df0b1b9feb6b7ffcc7af39-d
packagefile runtime/cgo=/tmp/go-build29350899/b104/_pkg_.a
EOF
/root/go/pkg/mod/golang.org/toolchain@v0.0.1-go1.24.4.linux-amd64/pkg/tool/linux_amd64/compile -o $WORK/b116/_pkg_.a -trimpath "$WORK/b116=>" -p github.com/gopacket/gopacket/pcap -lang=go1.22 -buildid L_ix1dh1AZDe0iH25cam/L_ix1dh1AZDe0iH25cam -goversion go1.24.4 -c=4 -shared -nolocalimports -importcfg $WORK/b116/importcfg -pack /root/go/pkg/mod/github.com/gopacket/gopacket@v1.3.1/pcap/doc.go /root/go/pkg/mod/github.com/gopacket/gopacket@v1.3.1/pcap/pcap.go $WORK/b116/_cgo_gotypes.go $WORK/b116/pcap_unix.cgo1.go
/root/go/pkg/mod/golang.org/toolchain@v0.0.1-go1.24.4.linux-amd64/pkg/tool/linux_amd64/buildid -w $WORK/b290/_pkg_.a # internal
cd /root/go/pkg/mod/github.com/gopacket/gopacket@v1.3.1/pcap
/root/go/pkg/mod/golang.org/toolchain@v0.0.1-go1.24.4.linux-amd64/pkg/tool/linux_amd64/pack r $WORK/b116/_pkg_.a $WORK/b116/_x001.o $WORK/b116/_x002.o $WORK/b116/dynimportfail # internal
/root/go/pkg/mod/golang.org/toolchain@v0.0.1-go1.24.4.linux-amd64/pkg/tool/linux_amd64/buildid -w $WORK/b116/_pkg_.a # internal
cp $WORK/b116/_pkg_.a /root/.cache/go-build/b7/b7d66978e406739ff63433f8392396b5f77b6376c5ca16da72ca81a2a32873ac-d # internal
github.com/bettercap/bettercap/v2/network
mkdir -p $WORK/b075/
cat >/tmp/go-build29350899/b075/importcfg << 'EOF' # internal
# import config
packagefile bufio=/root/.cache/go-build/29/2913c6577785ada18c0d7f976d489b11544551a3c94b873634ed6654c1acfdf1-d
packagefile encoding/binary=/root/.cache/go-build/84/84f4871c348bfb24281f74a785fe339aa588228b38344877384662a8e800c694-d
packagefile encoding/hex=/root/.cache/go-build/88/8894c4977c5ac399a7df03ea49c420d6455b77825225b9d8ef6024dbcba4a317-d
packagefile encoding/json=/root/.cache/go-build/bd/bde971ea3855d832695652a556a597377b978eacbde032d003254128a1f19cc4-d
packagefile errors=/root/.cache/go-build/ef/ef2239267842d9814a8ed571225e5bd1dfefbc9f7396b17f96ded4ca80bb6e0d-d
packagefile fmt=/root/.cache/go-build/49/4968b44b691d284d426af1baebb3b3d5752072363ef1bee827ed0f740d3a8c7e-d
packagefile github.com/bettercap/bettercap/v2/core=/root/.cache/go-build/e5/e527935001e6a9fe29d8d9bfe5e20913197d4831768491672dc9dddcab97bfb4-d
packagefile github.com/bettercap/bettercap/v2/log=/root/.cache/go-build/15/1587a4c7bc569e9104eed6eaa843646b15463381d1a036260c5db3dbd21acf44-d
packagefile github.com/bettercap/gatt=/tmp/go-build29350899/b082/_pkg_.a
packagefile github.com/evilsocket/islazy/data=/root/.cache/go-build/27/27bd5e7a4c5c48a9b841c438aa3ec3e7694dd13b9368b55404b13dd2835fcf42-d
packagefile github.com/evilsocket/islazy/str=/root/.cache/go-build/9f/9f2d016df65d0865c72a7a459f03257b337de1d7ce40135c0001d0b47c83b456-d
packagefile github.com/evilsocket/islazy/tui=/root/.cache/go-build/d0/d0d7ac00e7634e7ee7fb092ea5bedf57881a018cf70567c895796602c7a1812b-d
packagefile github.com/gopacket/gopacket=/tmp/go-build29350899/b112/_pkg_.a
packagefile github.com/gopacket/gopacket/layers=/tmp/go-build29350899/b113/_pkg_.a
packagefile github.com/gopacket/gopacket/pcap=/tmp/go-build29350899/b116/_pkg_.a
packagefile github.com/gopacket/gopacket/pcapgo=/tmp/go-build29350899/b117/_pkg_.a
packagefile github.com/malfunkt/iprange=/tmp/go-build29350899/b122/_pkg_.a
packagefile net=/tmp/go-build29350899/b097/_pkg_.a
packagefile os=/root/.cache/go-build/a7/a7bbbbd3ff27efca31bc0028bd35c5d6308c277bde7022d8aa2046ab49d7742f-d
packagefile path/filepath=/root/.cache/go-build/fb/fb1423b2ddb6a228c5af3670265ac57b0d320637ba764d90e94882b0b0decb7d-d
packagefile regexp=/root/.cache/go-build/be/bed3b499ba0d1d4d2732e9b3e9e1170f062c76346a6050691d11fac54018c80e-d
packagefile sort=/root/.cache/go-build/ae/aeccec3e3d3df27feaee072f8da3b09c5242572fdb98b11f4cd1d3ffd1718418-d
packagefile strconv=/root/.cache/go-build/e5/e5bd11f9b8c60d4473dcb1923861ef465c38a079680d0f4755d3533985e61a72-d
packagefile strings=/root/.cache/go-build/a9/a97f8a8181a9c583fc013703f277d8f35d080bc38f4420b3e9d5d5ed67b9aa42-d
packagefile sync=/root/.cache/go-build/0e/0e1a7f9e3eb922d751c6afb97f22633a331e2bba16bc1bd4e5ba1542c99f7658-d
packagefile time=/root/.cache/go-build/82/8293c45673dea5a2afe9dcfcf5d2fe013cbf1ce1f5df0b1b9feb6b7ffcc7af39-d
EOF
cd /root/research/bettercap
/root/go/pkg/mod/golang.org/toolchain@v0.0.1-go1.24.4.linux-amd64/pkg/tool/linux_amd64/compile -o $WORK/b075/_pkg_.a -trimpath "$WORK/b075=>" -p github.com/bettercap/bettercap/v2/network -lang=go1.23 -complete -buildid 2iZqmkLisRGsFV8048gt/2iZqmkLisRGsFV8048gt -goversion go1.24.4 -c=4 -shared -nolocalimports -importcfg $WORK/b075/importcfg -pack ./network/arp.go ./network/arp_parser_linux.go ./network/ble.go ./network/ble_device.go ./network/can.go ./network/can_device.go ./network/debug.go ./network/doc.go ./network/hid.go ./network/hid_device.go ./network/lan.go ./network/lan_endpoint.go ./network/manuf.go ./network/meta.go ./network/net.go ./network/net_gateway_android.go ./network/net_linux.go ./network/net_wifi.go ./network/pcap.go ./network/services.go ./network/wifi.go ./network/wifi_ap.go ./network/wifi_handshake.go ./network/wifi_station.go
cp $WORK/b290/_pkg_.a /root/.cache/go-build/8c/8cff8cccb113319583f9def924eab26198ba4b8f5a0939e97ba42e135d4fd9ea-d # internal
github.com/bettercap/bettercap/v2/modules/zerogod/zeroconf
mkdir -p $WORK/b298/
cat >/tmp/go-build29350899/b298/importcfg << 'EOF' # internal
# import config
packagefile context=/root/.cache/go-build/3e/3e6ab3e7831dc084ecf1e13f2cdb3a9b0c120bd0b859895935cc0b4283700dbb-d
packagefile errors=/root/.cache/go-build/ef/ef2239267842d9814a8ed571225e5bd1dfefbc9f7396b17f96ded4ca80bb6e0d-d
packagefile fmt=/root/.cache/go-build/49/4968b44b691d284d426af1baebb3b3d5752072363ef1bee827ed0f740d3a8c7e-d
packagefile github.com/cenkalti/backoff=/root/.cache/go-build/81/818e3bc94279762992f8e09ec39fee157041fe390d4193ad8d0b39506ea63c03-d
packagefile github.com/miekg/dns=/tmp/go-build29350899/b290/_pkg_.a
packagefile golang.org/x/net/ipv4=/tmp/go-build29350899/b279/_pkg_.a
packagefile golang.org/x/net/ipv6=/tmp/go-build29350899/b292/_pkg_.a
packagefile log=/root/.cache/go-build/c4/c4bc63ea92c3c25584ec4fa5395e2d0fbd6315c3a8c220e5814f726d6d98a452-d
packagefile math/rand=/root/.cache/go-build/2c/2c6d12b5eefb56d9543e4c2c22b1e72638c82f52a4aec905cc6d450c5a3322b3-d
packagefile net=/tmp/go-build29350899/b097/_pkg_.a
packagefile os=/root/.cache/go-build/a7/a7bbbbd3ff27efca31bc0028bd35c5d6308c277bde7022d8aa2046ab49d7742f-d
packagefile runtime=/root/.cache/go-build/09/097865b8e64b1a60e49616b48422bd25c113108e6a4232284431b2b83b82d091-d
packagefile strings=/root/.cache/go-build/a9/a97f8a8181a9c583fc013703f277d8f35d080bc38f4420b3e9d5d5ed67b9aa42-d
packagefile sync=/root/.cache/go-build/0e/0e1a7f9e3eb922d751c6afb97f22633a331e2bba16bc1bd4e5ba1542c99f7658-d
packagefile time=/root/.cache/go-build/82/8293c45673dea5a2afe9dcfcf5d2fe013cbf1ce1f5df0b1b9feb6b7ffcc7af39-d
EOF
/root/go/pkg/mod/golang.org/toolchain@v0.0.1-go1.24.4.linux-amd64/pkg/tool/linux_amd64/compile -o $WORK/b298/_pkg_.a -trimpath "$WORK/b298=>" -p github.com/bettercap/bettercap/v2/modules/zerogod/zeroconf -lang=go1.23 -complete -buildid aEz2CUD4HgdkT--6q6CH/aEz2CUD4HgdkT--6q6CH -goversion go1.24.4 -c=4 -shared -nolocalimports -importcfg $WORK/b298/importcfg -pack ./modules/zerogod/zeroconf/client.go ./modules/zerogod/zeroconf/connection.go ./modules/zerogod/zeroconf/doc.go ./modules/zerogod/zeroconf/server.go ./modules/zerogod/zeroconf/service.go ./modules/zerogod/zeroconf/utils.go
/root/go/pkg/mod/golang.org/toolchain@v0.0.1-go1.24.4.linux-amd64/pkg/tool/linux_amd64/buildid -w $WORK/b298/_pkg_.a # internal
cp $WORK/b298/_pkg_.a /root/.cache/go-build/02/024ba7f29451a665be9d10a172285c434ff9f078514b5f003af38bc1d86d3a88-d # internal
/root/go/pkg/mod/golang.org/toolchain@v0.0.1-go1.24.4.linux-amd64/pkg/tool/linux_amd64/buildid -w $WORK/b181/_pkg_.a # internal
cp $WORK/b181/_pkg_.a /root/.cache/go-build/e0/e0712ab5ed5b11c13e3ff0d964d48f448b1c12e10e069d38de969dacc10c893f-d # internal
github.com/gorilla/websocket
mkdir -p $WORK/b256/
github.com/phin1x/go-ipp
mkdir -p $WORK/b300/
cat >/tmp/go-build29350899/b256/importcfg << 'EOF' # internal
# import config
packagefile bufio=/root/.cache/go-build/29/2913c6577785ada18c0d7f976d489b11544551a3c94b873634ed6654c1acfdf1-d
packagefile bytes=/root/.cache/go-build/8c/8c78606d7559108bcee9cc2c220ab1acb975eb468c7c2ffdcbe7f8fbfde5e0f2-d
packagefile compress/flate=/root/.cache/go-build/1d/1da6970ff7f5a17e2968b9e0716b9114189e65b250df7aa0d24588f4ccf2b9db-d
packagefile context=/root/.cache/go-build/3e/3e6ab3e7831dc084ecf1e13f2cdb3a9b0c120bd0b859895935cc0b4283700dbb-d
packagefile crypto/rand=/root/.cache/go-build/5e/5ef4cc951e1562697e369f6a88e941b670182ebbded7ead645aa8b805c507f4b-d
packagefile crypto/sha1=/root/.cache/go-build/cd/cdf27802b7b602540eb0375edc0866e49db7b8c8e7afeaa39ca4a25728d991e6-d
packagefile crypto/tls=/tmp/go-build29350899/b183/_pkg_.a
packagefile encoding/base64=/root/.cache/go-build/55/5576888949e0c2d4c3bb83d2c778bf9a29afaba4d6e424249415e72073501618-d
packagefile encoding/binary=/root/.cache/go-build/84/84f4871c348bfb24281f74a785fe339aa588228b38344877384662a8e800c694-d
packagefile encoding/json=/root/.cache/go-build/bd/bde971ea3855d832695652a556a597377b978eacbde032d003254128a1f19cc4-d
packagefile errors=/root/.cache/go-build/ef/ef2239267842d9814a8ed571225e5bd1dfefbc9f7396b17f96ded4ca80bb6e0d-d
packagefile fmt=/root/.cache/go-build/49/4968b44b691d284d426af1baebb3b3d5752072363ef1bee827ed0f740d3a8c7e-d
packagefile io=/root/.cache/go-build/19/194487409864eb31dab0c57813b847117386f5d18b4d7d5f2ce9a1639c147f14-d
packagefile io/ioutil=/root/.cache/go-build/15/153a4cb81e2ea154a1d11ab9f2da899742fd42fec6165b372bb8d49a69bb32df-d
packagefile math/rand=/root/.cache/go-build/2c/2c6d12b5eefb56d9543e4c2c22b1e72638c82f52a4aec905cc6d450c5a3322b3-d
packagefile net=/tmp/go-build29350899/b097/_pkg_.a
packagefile net/http=/tmp/go-build29350899/b181/_pkg_.a
packagefile net/http/httptrace=/tmp/go-build29350899/b237/_pkg_.a
packagefile net/url=/root/.cache/go-build/14/14fe89de715018175cfd277768407d0fcd44b22f6463eda49c2a4883a6036b90-d
packagefile os=/root/.cache/go-build/a7/a7bbbbd3ff27efca31bc0028bd35c5d6308c277bde7022d8aa2046ab49d7742f-d
packagefile strconv=/root/.cache/go-build/e5/e5bd11f9b8c60d4473dcb1923861ef465c38a079680d0f4755d3533985e61a72-d
packagefile strings=/root/.cache/go-build/a9/a97f8a8181a9c583fc013703f277d8f35d080bc38f4420b3e9d5d5ed67b9aa42-d
packagefile sync=/root/.cache/go-build/0e/0e1a7f9e3eb922d751c6afb97f22633a331e2bba16bc1bd4e5ba1542c99f7658-d
packagefile time=/root/.cache/go-build/82/8293c45673dea5a2afe9dcfcf5d2fe013cbf1ce1f5df0b1b9feb6b7ffcc7af39-d
packagefile unicode/utf8=/root/.cache/go-build/b8/b8468dd4529156a244170639361b027a5ea4805ab3931117dd393d38c56539f3-d
EOF
/root/go/pkg/mod/golang.org/toolchain@v0.0.1-go1.24.4.linux-amd64/pkg/tool/linux_amd64/compile -o $WORK/b256/_pkg_.a -trimpath "$WORK/b256=>" -p github.com/gorilla/websocket -lang=go1.12 -complete -buildid 3kWNpP8iWAJzAiGQW5_m/3kWNpP8iWAJzAiGQW5_m -goversion go1.24.4 -c=4 -shared -nolocalimports -importcfg $WORK/b256/importcfg -pack /root/go/pkg/mod/github.com/gorilla/websocket@v1.5.3/client.go /root/go/pkg/mod/github.com/gorilla/websocket@v1.5.3/compression.go /root/go/pkg/mod/github.com/gorilla/websocket@v1.5.3/conn.go /root/go/pkg/mod/github.com/gorilla/websocket@v1.5.3/doc.go /root/go/pkg/mod/github.com/gorilla/websocket@v1.5.3/join.go /root/go/pkg/mod/github.com/gorilla/websocket@v1.5.3/json.go /root/go/pkg/mod/github.com/gorilla/websocket@v1.5.3/mask.go /root/go/pkg/mod/github.com/gorilla/websocket@v1.5.3/prepared.go /root/go/pkg/mod/github.com/gorilla/websocket@v1.5.3/proxy.go /root/go/pkg/mod/github.com/gorilla/websocket@v1.5.3/server.go /root/go/pkg/mod/github.com/gorilla/websocket@v1.5.3/tls_handshake.go /root/go/pkg/mod/github.com/gorilla/websocket@v1.5.3/util.go /root/go/pkg/mod/github.com/gorilla/websocket@v1.5.3/x_net_proxy.go
github.com/inconshreveable/go-vhost
mkdir -p $WORK/b347/
net/http/cookiejar
mkdir -p $WORK/b351/
cat >/tmp/go-build29350899/b300/importcfg << 'EOF' # internal
# import config
packagefile bytes=/root/.cache/go-build/8c/8c78606d7559108bcee9cc2c220ab1acb975eb468c7c2ffdcbe7f8fbfde5e0f2-d
packagefile context=/root/.cache/go-build/3e/3e6ab3e7831dc084ecf1e13f2cdb3a9b0c120bd0b859895935cc0b4283700dbb-d
packagefile crypto/tls=/tmp/go-build29350899/b183/_pkg_.a
packagefile encoding/binary=/root/.cache/go-build/84/84f4871c348bfb24281f74a785fe339aa588228b38344877384662a8e800c694-d
packagefile errors=/root/.cache/go-build/ef/ef2239267842d9814a8ed571225e5bd1dfefbc9f7396b17f96ded4ca80bb6e0d-d
packagefile fmt=/root/.cache/go-build/49/4968b44b691d284d426af1baebb3b3d5752072363ef1bee827ed0f740d3a8c7e-d
packagefile io=/root/.cache/go-build/19/194487409864eb31dab0c57813b847117386f5d18b4d7d5f2ce9a1639c147f14-d
packagefile net=/tmp/go-build29350899/b097/_pkg_.a
packagefile net/http=/tmp/go-build29350899/b181/_pkg_.a
packagefile os=/root/.cache/go-build/a7/a7bbbbd3ff27efca31bc0028bd35c5d6308c277bde7022d8aa2046ab49d7742f-d
packagefile path=/root/.cache/go-build/05/052da275ef56179bcfd61946639308391ee11782caacda5802d252d843fcf7f3-d
packagefile strconv=/root/.cache/go-build/e5/e5bd11f9b8c60d4473dcb1923861ef465c38a079680d0f4755d3533985e61a72-d
packagefile strings=/root/.cache/go-build/a9/a97f8a8181a9c583fc013703f277d8f35d080bc38f4420b3e9d5d5ed67b9aa42-d
EOF
/root/go/pkg/mod/golang.org/toolchain@v0.0.1-go1.24.4.linux-amd64/pkg/tool/linux_amd64/compile -o $WORK/b300/_pkg_.a -trimpath "$WORK/b300=>" -p github.com/phin1x/go-ipp -lang=go1.13 -complete -buildid EQLC18ZsdV8c1atRCrML/EQLC18ZsdV8c1atRCrML -goversion go1.24.4 -c=4 -shared -nolocalimports -importcfg $WORK/b300/importcfg -pack /root/go/pkg/mod/github.com/phin1x/go-ipp@v1.6.1/adapter-http.go /root/go/pkg/mod/github.com/phin1x/go-ipp@v1.6.1/adapter-socket.go /root/go/pkg/mod/github.com/phin1x/go-ipp@v1.6.1/adapter.go /root/go/pkg/mod/github.com/phin1x/go-ipp@v1.6.1/attribute.go /root/go/pkg/mod/github.com/phin1x/go-ipp@v1.6.1/constants.go /root/go/pkg/mod/github.com/phin1x/go-ipp@v1.6.1/cups-client.go /root/go/pkg/mod/github.com/phin1x/go-ipp@v1.6.1/error.go /root/go/pkg/mod/github.com/phin1x/go-ipp@v1.6.1/ipp-client.go /root/go/pkg/mod/github.com/phin1x/go-ipp@v1.6.1/request.go /root/go/pkg/mod/github.com/phin1x/go-ipp@v1.6.1/response.go /root/go/pkg/mod/github.com/phin1x/go-ipp@v1.6.1/utils.go
cat >/tmp/go-build29350899/b347/importcfg << 'EOF' # internal
# import config
packagefile bufio=/root/.cache/go-build/29/2913c6577785ada18c0d7f976d489b11544551a3c94b873634ed6654c1acfdf1-d
packagefile bytes=/root/.cache/go-build/8c/8c78606d7559108bcee9cc2c220ab1acb975eb468c7c2ffdcbe7f8fbfde5e0f2-d
packagefile errors=/root/.cache/go-build/ef/ef2239267842d9814a8ed571225e5bd1dfefbc9f7396b17f96ded4ca80bb6e0d-d
packagefile fmt=/root/.cache/go-build/49/4968b44b691d284d426af1baebb3b3d5752072363ef1bee827ed0f740d3a8c7e-d
packagefile io=/root/.cache/go-build/19/194487409864eb31dab0c57813b847117386f5d18b4d7d5f2ce9a1639c147f14-d
packagefile net=/tmp/go-build29350899/b097/_pkg_.a
packagefile net/http=/tmp/go-build29350899/b181/_pkg_.a
packagefile strconv=/root/.cache/go-build/e5/e5bd11f9b8c60d4473dcb1923861ef465c38a079680d0f4755d3533985e61a72-d
packagefile strings=/root/.cache/go-build/a9/a97f8a8181a9c583fc013703f277d8f35d080bc38f4420b3e9d5d5ed67b9aa42-d
packagefile sync=/root/.cache/go-build/0e/0e1a7f9e3eb922d751c6afb97f22633a331e2bba16bc1bd4e5ba1542c99f7658-d
packagefile time=/root/.cache/go-build/82/8293c45673dea5a2afe9dcfcf5d2fe013cbf1ce1f5df0b1b9feb6b7ffcc7af39-d
EOF
/root/go/pkg/mod/golang.org/toolchain@v0.0.1-go1.24.4.linux-amd64/pkg/tool/linux_amd64/compile -o $WORK/b347/_pkg_.a -trimpath "$WORK/b347=>" -p github.com/inconshreveable/go-vhost -lang=go1.16 -complete -buildid uCKiT4FMrZypGUgITAsa/uCKiT4FMrZypGUgITAsa -goversion go1.24.4 -c=4 -shared -nolocalimports -importcfg $WORK/b347/importcfg -pack /root/go/pkg/mod/github.com/inconshreveable/go-vhost@v1.0.0/http.go /root/go/pkg/mod/github.com/inconshreveable/go-vhost@v1.0.0/interface.go /root/go/pkg/mod/github.com/inconshreveable/go-vhost@v1.0.0/mux.go /root/go/pkg/mod/github.com/inconshreveable/go-vhost@v1.0.0/shared.go /root/go/pkg/mod/github.com/inconshreveable/go-vhost@v1.0.0/tls.go
cat >/tmp/go-build29350899/b351/importcfg << 'EOF' # internal
# import config
packagefile cmp=/root/.cache/go-build/90/90612a2515affbb19a988cfe41017fe362acc32d5f48c9c6d189ea39efbf5bc7-d
packagefile errors=/root/.cache/go-build/ef/ef2239267842d9814a8ed571225e5bd1dfefbc9f7396b17f96ded4ca80bb6e0d-d
packagefile fmt=/root/.cache/go-build/49/4968b44b691d284d426af1baebb3b3d5752072363ef1bee827ed0f740d3a8c7e-d
packagefile net=/tmp/go-build29350899/b097/_pkg_.a
packagefile net/http=/tmp/go-build29350899/b181/_pkg_.a
packagefile net/http/internal/ascii=/root/.cache/go-build/fc/fcab736e50e16fe45ae5d98fdb6b088fd2a151acf17479e8a005f6e8efd045af-d
packagefile net/url=/root/.cache/go-build/14/14fe89de715018175cfd277768407d0fcd44b22f6463eda49c2a4883a6036b90-d
packagefile slices=/root/.cache/go-build/42/42290b4014724d4b79544a9a096f9279665cbc3d64e4232979eccc89e6ef9b07-d
packagefile strings=/root/.cache/go-build/a9/a97f8a8181a9c583fc013703f277d8f35d080bc38f4420b3e9d5d5ed67b9aa42-d
packagefile sync=/root/.cache/go-build/0e/0e1a7f9e3eb922d751c6afb97f22633a331e2bba16bc1bd4e5ba1542c99f7658-d
packagefile time=/root/.cache/go-build/82/8293c45673dea5a2afe9dcfcf5d2fe013cbf1ce1f5df0b1b9feb6b7ffcc7af39-d
packagefile unicode/utf8=/root/.cache/go-build/b8/b8468dd4529156a244170639361b027a5ea4805ab3931117dd393d38c56539f3-d
EOF
/root/go/pkg/mod/golang.org/toolchain@v0.0.1-go1.24.4.linux-amd64/pkg/tool/linux_amd64/compile -o $WORK/b351/_pkg_.a -trimpath "$WORK/b351=>" -p net/http/cookiejar -lang=go1.24 -std -complete -buildid 0_t-TpTe20UN2XNxyEYx/0_t-TpTe20UN2XNxyEYx -goversion go1.24.4 -c=4 -shared -nolocalimports -importcfg $WORK/b351/importcfg -pack /root/go/pkg/mod/golang.org/toolchain@v0.0.1-go1.24.4.linux-amd64/src/net/http/cookiejar/jar.go /root/go/pkg/mod/golang.org/toolchain@v0.0.1-go1.24.4.linux-amd64/src/net/http/cookiejar/punycode.go
golang.org/x/net/http2
mkdir -p $WORK/b339/
cat >/tmp/go-build29350899/b339/importcfg << 'EOF' # internal
# import config
packagefile bufio=/root/.cache/go-build/29/2913c6577785ada18c0d7f976d489b11544551a3c94b873634ed6654c1acfdf1-d
packagefile bytes=/root/.cache/go-build/8c/8c78606d7559108bcee9cc2c220ab1acb975eb468c7c2ffdcbe7f8fbfde5e0f2-d
packagefile compress/gzip=/root/.cache/go-build/58/585db37069083975ddbefa5d3a351217d401bba55b85997b274d72b1443ee858-d
packagefile context=/root/.cache/go-build/3e/3e6ab3e7831dc084ecf1e13f2cdb3a9b0c120bd0b859895935cc0b4283700dbb-d
packagefile crypto/rand=/root/.cache/go-build/5e/5ef4cc951e1562697e369f6a88e941b670182ebbded7ead645aa8b805c507f4b-d
packagefile crypto/tls=/tmp/go-build29350899/b183/_pkg_.a
packagefile encoding/binary=/root/.cache/go-build/84/84f4871c348bfb24281f74a785fe339aa588228b38344877384662a8e800c694-d
packagefile errors=/root/.cache/go-build/ef/ef2239267842d9814a8ed571225e5bd1dfefbc9f7396b17f96ded4ca80bb6e0d-d
packagefile fmt=/root/.cache/go-build/49/4968b44b691d284d426af1baebb3b3d5752072363ef1bee827ed0f740d3a8c7e-d
packagefile golang.org/x/net/http/httpguts=/tmp/go-build29350899/b340/_pkg_.a
packagefile golang.org/x/net/http2/hpack=/root/.cache/go-build/a3/a330eb43d64de5b480283386f009c26623f8a572a0184cc64187c0e8e8bdf57a-d
packagefile golang.org/x/net/idna=/root/.cache/go-build/7a/7adf4fb1e9d00a89e8acade09c6bc9935c5a943ef2384d9762af59ee34c0086a-d
packagefile golang.org/x/net/internal/httpcommon=/root/.cache/go-build/bf/bf1124e103e740aee2e25d6f1579afb93a76a6641a55afe36c879ec219677ef0-d
packagefile io=/root/.cache/go-build/19/194487409864eb31dab0c57813b847117386f5d18b4d7d5f2ce9a1639c147f14-d
packagefile io/fs=/root/.cache/go-build/e8/e83c2ce9c200dbec04b741d4a2b9e323e610216d7962f2e3c5bdd7e004b75fab-d
packagefile log=/root/.cache/go-build/c4/c4bc63ea92c3c25584ec4fa5395e2d0fbd6315c3a8c220e5814f726d6d98a452-d
packagefile math=/root/.cache/go-build/7c/7c38be7a01778ab9303105d335c8729cf15159d637fa5b94ec313585a9bda2b2-d
packagefile math/bits=/root/.cache/go-build/d8/d8d34bab9d6048fb5e5e48532b1b58f59017c900346a68ad3a2fd8ef9c1af6ca-d
packagefile math/rand=/root/.cache/go-build/2c/2c6d12b5eefb56d9543e4c2c22b1e72638c82f52a4aec905cc6d450c5a3322b3-d
packagefile net=/tmp/go-build29350899/b097/_pkg_.a
packagefile net/http=/tmp/go-build29350899/b181/_pkg_.a
packagefile net/http/httptrace=/tmp/go-build29350899/b237/_pkg_.a
packagefile net/textproto=/tmp/go-build29350899/b231/_pkg_.a
packagefile net/url=/root/.cache/go-build/14/14fe89de715018175cfd277768407d0fcd44b22f6463eda49c2a4883a6036b90-d
packagefile os=/root/.cache/go-build/a7/a7bbbbd3ff27efca31bc0028bd35c5d6308c277bde7022d8aa2046ab49d7742f-d
packagefile reflect=/root/.cache/go-build/c1/c157025f0d3204241798c68cf155e24730c4a7972ff6725bbc244c2067fbb71f-d
packagefile runtime=/root/.cache/go-build/09/097865b8e64b1a60e49616b48422bd25c113108e6a4232284431b2b83b82d091-d
packagefile sort=/root/.cache/go-build/ae/aeccec3e3d3df27feaee072f8da3b09c5242572fdb98b11f4cd1d3ffd1718418-d
packagefile strconv=/root/.cache/go-build/e5/e5bd11f9b8c60d4473dcb1923861ef465c38a079680d0f4755d3533985e61a72-d
packagefile strings=/root/.cache/go-build/a9/a97f8a8181a9c583fc013703f277d8f35d080bc38f4420b3e9d5d5ed67b9aa42-d
packagefile sync=/root/.cache/go-build/0e/0e1a7f9e3eb922d751c6afb97f22633a331e2bba16bc1bd4e5ba1542c99f7658-d
packagefile sync/atomic=/root/.cache/go-build/bd/bd313e9cacce2e07d790ca0ec028d59e0c24c9770945b7d1fea6e2aa84bb9687-d
packagefile time=/root/.cache/go-build/82/8293c45673dea5a2afe9dcfcf5d2fe013cbf1ce1f5df0b1b9feb6b7ffcc7af39-d
EOF
/root/go/pkg/mod/golang.org/toolchain@v0.0.1-go1.24.4.linux-amd64/pkg/tool/linux_amd64/compile -o $WORK/b339/_pkg_.a -trimpath "$WORK/b339=>" -p golang.org/x/net/http2 -lang=go1.23 -complete -buildid 2S7IlS2e5qkd2L3lhN9P/2S7IlS2e5qkd2L3lhN9P -goversion go1.24.4 -c=4 -shared -nolocalimports -importcfg $WORK/b339/importcfg -pack /root/go/pkg/mod/golang.org/x/net@v0.42.0/http2/ascii.go /root/go/pkg/mod/golang.org/x/net@v0.42.0/http2/ciphers.go /root/go/pkg/mod/golang.org/x/net@v0.42.0/http2/client_conn_pool.go /root/go/pkg/mod/golang.org/x/net@v0.42.0/http2/config.go /root/go/pkg/mod/golang.org/x/net@v0.42.0/http2/config_go124.go /root/go/pkg/mod/golang.org/x/net@v0.42.0/http2/databuffer.go /root/go/pkg/mod/golang.org/x/net@v0.42.0/http2/errors.go /root/go/pkg/mod/golang.org/x/net@v0.42.0/http2/flow.go /root/go/pkg/mod/golang.org/x/net@v0.42.0/http2/frame.go /root/go/pkg/mod/golang.org/x/net@v0.42.0/http2/gotrack.go /root/go/pkg/mod/golang.org/x/net@v0.42.0/http2/http2.go /root/go/pkg/mod/golang.org/x/net@v0.42.0/http2/pipe.go /root/go/pkg/mod/golang.org/x/net@v0.42.0/http2/server.go /root/go/pkg/mod/golang.org/x/net@v0.42.0/http2/timer.go /root/go/pkg/mod/golang.org/x/net@v0.42.0/http2/transport.go /root/go/pkg/mod/golang.org/x/net@v0.42.0/http2/unencrypted.go /root/go/pkg/mod/golang.org/x/net@v0.42.0/http2/write.go /root/go/pkg/mod/golang.org/x/net@v0.42.0/http2/writesched.go /root/go/pkg/mod/golang.org/x/net@v0.42.0/http2/writesched_priority.go /root/go/pkg/mod/golang.org/x/net@v0.42.0/http2/writesched_random.go /root/go/pkg/mod/golang.org/x/net@v0.42.0/http2/writesched_roundrobin.go
/root/go/pkg/mod/golang.org/toolchain@v0.0.1-go1.24.4.linux-amd64/pkg/tool/linux_amd64/buildid -w $WORK/b351/_pkg_.a # internal
cp $WORK/b351/_pkg_.a /root/.cache/go-build/3a/3a2b9ee01eb46d2fbe6ffcb92e16d1c5ab772a466461ba207475efe4ed7729d8-d # internal
/root/go/pkg/mod/golang.org/toolchain@v0.0.1-go1.24.4.linux-amd64/pkg/tool/linux_amd64/buildid -w $WORK/b347/_pkg_.a # internal
cp $WORK/b347/_pkg_.a /root/.cache/go-build/79/79a47e60c34e76e7cda7815399ca572e9574e632c3c89867fc7a9aec4199b5c0-d # internal
/root/go/pkg/mod/golang.org/toolchain@v0.0.1-go1.24.4.linux-amd64/pkg/tool/linux_amd64/buildid -w $WORK/b300/_pkg_.a # internal
cp $WORK/b300/_pkg_.a /root/.cache/go-build/ff/ffef80d3afacabc27e1e6e0093abe11507487b412b08833d54b303dae37ef0d8-d # internal
/root/go/pkg/mod/golang.org/toolchain@v0.0.1-go1.24.4.linux-amd64/pkg/tool/linux_amd64/buildid -w $WORK/b256/_pkg_.a # internal
cp $WORK/b256/_pkg_.a /root/.cache/go-build/76/768836923145b7d768e20a132cbc2721f6d31f9f2ecb5e8743bf28f4578f29ce-d # internal
/root/go/pkg/mod/golang.org/toolchain@v0.0.1-go1.24.4.linux-amd64/pkg/tool/linux_amd64/buildid -w $WORK/b339/_pkg_.a # internal
/root/go/pkg/mod/golang.org/toolchain@v0.0.1-go1.24.4.linux-amd64/pkg/tool/linux_amd64/buildid -w $WORK/b075/_pkg_.a # internal
cp $WORK/b339/_pkg_.a /root/.cache/go-build/75/75ad3bc0e1438e0e51ed8b263a5e48451b1386e7bf18e6f7fc0c60b7394e462d-d # internal
github.com/elazarl/goproxy
mkdir -p $WORK/b336/
cat >/tmp/go-build29350899/b336/importcfg << 'EOF' # internal
# import config
packagefile bufio=/root/.cache/go-build/29/2913c6577785ada18c0d7f976d489b11544551a3c94b873634ed6654c1acfdf1-d
packagefile bytes=/root/.cache/go-build/8c/8c78606d7559108bcee9cc2c220ab1acb975eb468c7c2ffdcbe7f8fbfde5e0f2-d
packagefile context=/root/.cache/go-build/3e/3e6ab3e7831dc084ecf1e13f2cdb3a9b0c120bd0b859895935cc0b4283700dbb-d
packagefile crypto/tls=/tmp/go-build29350899/b183/_pkg_.a
packagefile crypto/x509=/tmp/go-build29350899/b221/_pkg_.a
packagefile errors=/root/.cache/go-build/ef/ef2239267842d9814a8ed571225e5bd1dfefbc9f7396b17f96ded4ca80bb6e0d-d
packagefile fmt=/root/.cache/go-build/49/4968b44b691d284d426af1baebb3b3d5752072363ef1bee827ed0f740d3a8c7e-d
packagefile github.com/elazarl/goproxy/internal/http1parser=/root/.cache/go-build/69/6915612c9d6f7b64795719665ffa36ba4b57889540332dacb415855bd7ae2557-d
packagefile github.com/elazarl/goproxy/internal/signer=/tmp/go-build29350899/b338/_pkg_.a
packagefile golang.org/x/net/http2=/tmp/go-build29350899/b339/_pkg_.a
packagefile io=/root/.cache/go-build/19/194487409864eb31dab0c57813b847117386f5d18b4d7d5f2ce9a1639c147f14-d
packagefile log=/root/.cache/go-build/c4/c4bc63ea92c3c25584ec4fa5395e2d0fbd6315c3a8c220e5814f726d6d98a452-d
packagefile mime=/root/.cache/go-build/ab/ab3c78d7db536ef21cc707aed79b65c13846066276a9d5af52547b67c52ed5e2-d
packagefile net=/tmp/go-build29350899/b097/_pkg_.a
packagefile net/http=/tmp/go-build29350899/b181/_pkg_.a
packagefile net/url=/root/.cache/go-build/14/14fe89de715018175cfd277768407d0fcd44b22f6463eda49c2a4883a6036b90-d
packagefile os=/root/.cache/go-build/a7/a7bbbbd3ff27efca31bc0028bd35c5d6308c277bde7022d8aa2046ab49d7742f-d
packagefile regexp=/root/.cache/go-build/be/bed3b499ba0d1d4d2732e9b3e9e1170f062c76346a6050691d11fac54018c80e-d
packagefile strconv=/root/.cache/go-build/e5/e5bd11f9b8c60d4473dcb1923861ef465c38a079680d0f4755d3533985e61a72-d
packagefile strings=/root/.cache/go-build/a9/a97f8a8181a9c583fc013703f277d8f35d080bc38f4420b3e9d5d5ed67b9aa42-d
packagefile sync=/root/.cache/go-build/0e/0e1a7f9e3eb922d751c6afb97f22633a331e2bba16bc1bd4e5ba1542c99f7658-d
packagefile sync/atomic=/root/.cache/go-build/bd/bd313e9cacce2e07d790ca0ec028d59e0c24c9770945b7d1fea6e2aa84bb9687-d
EOF
/root/go/pkg/mod/golang.org/toolchain@v0.0.1-go1.24.4.linux-amd64/pkg/tool/linux_amd64/compile -o $WORK/b336/_pkg_.a -trimpath "$WORK/b336=>" -p github.com/elazarl/goproxy -lang=go1.20 -complete -buildid 2HP1AhxsDlhdy9C69FMn/2HP1AhxsDlhdy9C69FMn -goversion go1.24.4 -c=4 -shared -nolocalimports -importcfg $WORK/b336/importcfg -pack /root/go/pkg/mod/github.com/elazarl/goproxy@v1.7.2/actions.go /root/go/pkg/mod/github.com/elazarl/goproxy@v1.7.2/certs.go /root/go/pkg/mod/github.com/elazarl/goproxy@v1.7.2/chunked.go /root/go/pkg/mod/github.com/elazarl/goproxy@v1.7.2/ctx.go /root/go/pkg/mod/github.com/elazarl/goproxy@v1.7.2/dispatcher.go /root/go/pkg/mod/github.com/elazarl/goproxy@v1.7.2/doc.go /root/go/pkg/mod/github.com/elazarl/goproxy@v1.7.2/h2.go /root/go/pkg/mod/github.com/elazarl/goproxy@v1.7.2/http.go /root/go/pkg/mod/github.com/elazarl/goproxy@v1.7.2/https.go /root/go/pkg/mod/github.com/elazarl/goproxy@v1.7.2/logger.go /root/go/pkg/mod/github.com/elazarl/goproxy@v1.7.2/proxy.go /root/go/pkg/mod/github.com/elazarl/goproxy@v1.7.2/responses.go /root/go/pkg/mod/github.com/elazarl/goproxy@v1.7.2/websocket.go
cp $WORK/b075/_pkg_.a /root/.cache/go-build/87/87f66c17722d2435b6bd1485b9fb671b077c902dbbf8a51e8d6dd3929a7ea879-d # internal
github.com/bettercap/bettercap/v2/firewall
mkdir -p $WORK/b074/
github.com/bettercap/bettercap/v2/js
mkdir -p $WORK/b155/
cat >/tmp/go-build29350899/b074/importcfg << 'EOF' # internal
# import config
packagefile fmt=/root/.cache/go-build/49/4968b44b691d284d426af1baebb3b3d5752072363ef1bee827ed0f740d3a8c7e-d
packagefile github.com/bettercap/bettercap/v2/core=/root/.cache/go-build/e5/e527935001e6a9fe29d8d9bfe5e20913197d4831768491672dc9dddcab97bfb4-d
packagefile github.com/bettercap/bettercap/v2/network=/tmp/go-build29350899/b075/_pkg_.a
packagefile github.com/evilsocket/islazy/fs=/root/.cache/go-build/30/30be4f8ab5fe5182d6e4b848bd9333ee918ad9e1034d33fdc05f808d605e1db1-d
packagefile github.com/evilsocket/islazy/str=/root/.cache/go-build/9f/9f2d016df65d0865c72a7a459f03257b337de1d7ce40135c0001d0b47c83b456-d
packagefile io/ioutil=/root/.cache/go-build/15/153a4cb81e2ea154a1d11ab9f2da899742fd42fec6165b372bb8d49a69bb32df-d
packagefile os=/root/.cache/go-build/a7/a7bbbbd3ff27efca31bc0028bd35c5d6308c277bde7022d8aa2046ab49d7742f-d
packagefile strings=/root/.cache/go-build/a9/a97f8a8181a9c583fc013703f277d8f35d080bc38f4420b3e9d5d5ed67b9aa42-d
EOF
cat >/tmp/go-build29350899/b155/importcfg << 'EOF' # internal
# import config
packagefile bytes=/root/.cache/go-build/8c/8c78606d7559108bcee9cc2c220ab1acb975eb468c7c2ffdcbe7f8fbfde5e0f2-d
packagefile compress/gzip=/root/.cache/go-build/58/585db37069083975ddbefa5d3a351217d401bba55b85997b274d72b1443ee858-d
packagefile crypto/sha1=/root/.cache/go-build/cd/cdf27802b7b602540eb0375edc0866e49db7b8c8e7afeaa39ca4a25728d991e6-d
packagefile encoding/base64=/root/.cache/go-build/55/5576888949e0c2d4c3bb83d2c778bf9a29afaba4d6e424249415e72073501618-d
packagefile fmt=/root/.cache/go-build/49/4968b44b691d284d426af1baebb3b3d5752072363ef1bee827ed0f740d3a8c7e-d
packagefile github.com/bettercap/bettercap/v2/network=/tmp/go-build29350899/b075/_pkg_.a
packagefile github.com/evilsocket/islazy/log=/root/.cache/go-build/98/981d6af5b2dca89466c12de3d98aacb702d0e439a2dc66081a8796ba7c60b2c2-d
packagefile github.com/evilsocket/islazy/plugin=/root/.cache/go-build/24/242819aa40adc9f6d950c268dfe94ad681cde36717ebd056841ccb63ac82f69c-d
packagefile github.com/robertkrimen/otto=/root/.cache/go-build/8c/8ca43cbccabb4a1b894017ad70350f91b61be403fe2376c927dd268e9885be0c-d
packagefile io=/root/.cache/go-build/19/194487409864eb31dab0c57813b847117386f5d18b4d7d5f2ce9a1639c147f14-d
packagefile math/rand=/root/.cache/go-build/2c/2c6d12b5eefb56d9543e4c2c22b1e72638c82f52a4aec905cc6d450c5a3322b3-d
packagefile net=/tmp/go-build29350899/b097/_pkg_.a
packagefile net/http=/tmp/go-build29350899/b181/_pkg_.a
packagefile net/url=/root/.cache/go-build/14/14fe89de715018175cfd277768407d0fcd44b22f6463eda49c2a4883a6036b90-d
packagefile os=/root/.cache/go-build/a7/a7bbbbd3ff27efca31bc0028bd35c5d6308c277bde7022d8aa2046ab49d7742f-d
packagefile strings=/root/.cache/go-build/a9/a97f8a8181a9c583fc013703f277d8f35d080bc38f4420b3e9d5d5ed67b9aa42-d
EOF
/root/go/pkg/mod/golang.org/toolchain@v0.0.1-go1.24.4.linux-amd64/pkg/tool/linux_amd64/compile -o $WORK/b074/_pkg_.a -trimpath "$WORK/b074=>" -p github.com/bettercap/bettercap/v2/firewall -lang=go1.23 -complete -buildid l-zE9Q8f-Vs8M9UlYLYs/l-zE9Q8f-Vs8M9UlYLYs -goversion go1.24.4 -c=4 -shared -nolocalimports -importcfg $WORK/b074/importcfg -pack ./firewall/doc.go ./firewall/firewall.go ./firewall/firewall_linux.go ./firewall/redirection.go
/root/go/pkg/mod/golang.org/toolchain@v0.0.1-go1.24.4.linux-amd64/pkg/tool/linux_amd64/compile -o $WORK/b155/_pkg_.a -trimpath "$WORK/b155=>" -p github.com/bettercap/bettercap/v2/js -lang=go1.23 -complete -buildid ySThBluMjXZfB090-8kE/ySThBluMjXZfB090-8kE -goversion go1.24.4 -c=4 -shared -nolocalimports -importcfg $WORK/b155/importcfg -pack ./js/crypto.go ./js/data.go ./js/fs.go ./js/http.go ./js/init.go ./js/log.go ./js/random.go
github.com/bettercap/bettercap/v2/packets
mkdir -p $WORK/b240/
cat >/tmp/go-build29350899/b240/importcfg << 'EOF' # internal
# import config
packagefile bufio=/root/.cache/go-build/29/2913c6577785ada18c0d7f976d489b11544551a3c94b873634ed6654c1acfdf1-d
packagefile bytes=/root/.cache/go-build/8c/8c78606d7559108bcee9cc2c220ab1acb975eb468c7c2ffdcbe7f8fbfde5e0f2-d
packagefile encoding/asn1=/root/.cache/go-build/7d/7d279d60d2e00b4b4f5e1ec1e86b80d7bc6c7656eae034c79a4bf7b5eb4b4319-d
packagefile encoding/base64=/root/.cache/go-build/55/5576888949e0c2d4c3bb83d2c778bf9a29afaba4d6e424249415e72073501618-d
packagefile encoding/binary=/root/.cache/go-build/84/84f4871c348bfb24281f74a785fe339aa588228b38344877384662a8e800c694-d
packagefile encoding/hex=/root/.cache/go-build/88/8894c4977c5ac399a7df03ea49c420d6455b77825225b9d8ef6024dbcba4a317-d
packagefile encoding/json=/root/.cache/go-build/bd/bde971ea3855d832695652a556a597377b978eacbde032d003254128a1f19cc4-d
packagefile errors=/root/.cache/go-build/ef/ef2239267842d9814a8ed571225e5bd1dfefbc9f7396b17f96ded4ca80bb6e0d-d
packagefile fmt=/root/.cache/go-build/49/4968b44b691d284d426af1baebb3b3d5752072363ef1bee827ed0f740d3a8c7e-d
packagefile github.com/bettercap/bettercap/v2/network=/tmp/go-build29350899/b075/_pkg_.a
packagefile github.com/evilsocket/islazy/str=/root/.cache/go-build/9f/9f2d016df65d0865c72a7a459f03257b337de1d7ce40135c0001d0b47c83b456-d
packagefile github.com/gopacket/gopacket=/tmp/go-build29350899/b112/_pkg_.a
packagefile github.com/gopacket/gopacket/layers=/tmp/go-build29350899/b113/_pkg_.a
packagefile github.com/gopacket/gopacket/pcap=/tmp/go-build29350899/b116/_pkg_.a
packagefile github.com/mdlayher/dhcp6=/root/.cache/go-build/a1/a12cb980a2c189adaa4c83358390430473decb264dc9ddedfe8cfc1a21e697c0-d
packagefile net=/tmp/go-build29350899/b097/_pkg_.a
packagefile net/http=/tmp/go-build29350899/b181/_pkg_.a
packagefile strconv=/root/.cache/go-build/e5/e5bd11f9b8c60d4473dcb1923861ef465c38a079680d0f4755d3533985e61a72-d
packagefile strings=/root/.cache/go-build/a9/a97f8a8181a9c583fc013703f277d8f35d080bc38f4420b3e9d5d5ed67b9aa42-d
packagefile sync=/root/.cache/go-build/0e/0e1a7f9e3eb922d751c6afb97f22633a331e2bba16bc1bd4e5ba1542c99f7658-d
packagefile sync/atomic=/root/.cache/go-build/bd/bd313e9cacce2e07d790ca0ec028d59e0c24c9770945b7d1fea6e2aa84bb9687-d
packagefile time=/root/.cache/go-build/82/8293c45673dea5a2afe9dcfcf5d2fe013cbf1ce1f5df0b1b9feb6b7ffcc7af39-d
EOF
/root/go/pkg/mod/golang.org/toolchain@v0.0.1-go1.24.4.linux-amd64/pkg/tool/linux_amd64/compile -o $WORK/b240/_pkg_.a -trimpath "$WORK/b240=>" -p github.com/bettercap/bettercap/v2/packets -lang=go1.23 -complete -buildid xq2ul7FLN3FLXEH7kY7x/xq2ul7FLN3FLXEH7kY7x -goversion go1.24.4 -c=4 -shared -nolocalimports -importcfg $WORK/b240/importcfg -pack ./packets/arp.go ./packets/dhcp6.go ./packets/dhcp6_layer.go ./packets/doc.go ./packets/dot11.go ./packets/dot11_types.go ./packets/dot11_wps.go ./packets/dot11_wps_attrs.go ./packets/icmp6.go ./packets/krb5.go ./packets/mdns.go ./packets/mysql.go ./packets/nbns.go ./packets/ntlm.go ./packets/queue.go ./packets/serialize.go ./packets/tcp.go ./packets/teamviewer.go ./packets/udp.go ./packets/upnp.go ./packets/wsd.go
/root/go/pkg/mod/golang.org/toolchain@v0.0.1-go1.24.4.linux-amd64/pkg/tool/linux_amd64/buildid -w $WORK/b074/_pkg_.a # internal
cp $WORK/b074/_pkg_.a /root/.cache/go-build/7a/7a09cc78225d6ddf995b309d1e56e588183a87d0ece07449835719dafe29e5e8-d # internal
/root/go/pkg/mod/golang.org/toolchain@v0.0.1-go1.24.4.linux-amd64/pkg/tool/linux_amd64/buildid -w $WORK/b155/_pkg_.a # internal
cp $WORK/b155/_pkg_.a /root/.cache/go-build/3b/3b539d25677fb8f80e5e451c5b459bf7e8623027618b827603d392ecb3fe4db6-d # internal
/root/go/pkg/mod/golang.org/toolchain@v0.0.1-go1.24.4.linux-amd64/pkg/tool/linux_amd64/buildid -w $WORK/b336/_pkg_.a # internal
cp $WORK/b336/_pkg_.a /root/.cache/go-build/6d/6dc46bdceb124717e51ed442b13c7f456ac1eabd15df24e255b232aa4e9aa503-d # internal
/root/go/pkg/mod/golang.org/toolchain@v0.0.1-go1.24.4.linux-amd64/pkg/tool/linux_amd64/buildid -w $WORK/b240/_pkg_.a # internal
cp $WORK/b240/_pkg_.a /root/.cache/go-build/5a/5a9fc820eda23e883f6a93e3ce6ef796b9424abab4a6cb81d2a19991172835c3-d # internal
github.com/bettercap/bettercap/v2/session
mkdir -p $WORK/b126/
cat >/tmp/go-build29350899/b126/importcfg << 'EOF' # internal
# import config
packagefile bufio=/root/.cache/go-build/29/2913c6577785ada18c0d7f976d489b11544551a3c94b873634ed6654c1acfdf1-d
packagefile crypto/rand=/root/.cache/go-build/5e/5ef4cc951e1562697e369f6a88e941b670182ebbded7ead645aa8b805c507f4b-d
packagefile encoding/json=/root/.cache/go-build/bd/bde971ea3855d832695652a556a597377b978eacbde032d003254128a1f19cc4-d
packagefile errors=/root/.cache/go-build/ef/ef2239267842d9814a8ed571225e5bd1dfefbc9f7396b17f96ded4ca80bb6e0d-d
packagefile fmt=/root/.cache/go-build/49/4968b44b691d284d426af1baebb3b3d5752072363ef1bee827ed0f740d3a8c7e-d
packagefile github.com/bettercap/bettercap/v2/caplets=/root/.cache/go-build/05/053764e0d17c198cd3ec656cfe74b75a153682c9a15dfd443fbe71cfd930c367-d
packagefile github.com/bettercap/bettercap/v2/core=/root/.cache/go-build/e5/e527935001e6a9fe29d8d9bfe5e20913197d4831768491672dc9dddcab97bfb4-d
packagefile github.com/bettercap/bettercap/v2/firewall=/tmp/go-build29350899/b074/_pkg_.a
packagefile github.com/bettercap/bettercap/v2/js=/tmp/go-build29350899/b155/_pkg_.a
packagefile github.com/bettercap/bettercap/v2/log=/root/.cache/go-build/15/1587a4c7bc569e9104eed6eaa843646b15463381d1a036260c5db3dbd21acf44-d
packagefile github.com/bettercap/bettercap/v2/network=/tmp/go-build29350899/b075/_pkg_.a
packagefile github.com/bettercap/bettercap/v2/packets=/tmp/go-build29350899/b240/_pkg_.a
packagefile github.com/bettercap/bettercap/v2/routing=/root/.cache/go-build/16/16f8daafe6d3d4d50a4143a37ccdefc4d31383c39d08e30eea7c01e4f563b614-d
packagefile github.com/bettercap/readline=/tmp/go-build29350899/b244/_pkg_.a
packagefile github.com/dustin/go-humanize=/root/.cache/go-build/bd/bdbee98e2175ac89b237136144df8e6b8793a901a1eb46c33ab166345b4e8318-d
packagefile github.com/evilsocket/islazy/data=/root/.cache/go-build/27/27bd5e7a4c5c48a9b841c438aa3ec3e7694dd13b9368b55404b13dd2835fcf42-d
packagefile github.com/evilsocket/islazy/fs=/root/.cache/go-build/30/30be4f8ab5fe5182d6e4b848bd9333ee918ad9e1034d33fdc05f808d605e1db1-d
packagefile github.com/evilsocket/islazy/log=/root/.cache/go-build/98/981d6af5b2dca89466c12de3d98aacb702d0e439a2dc66081a8796ba7c60b2c2-d
packagefile github.com/evilsocket/islazy/ops=/root/.cache/go-build/e8/e80375a6521f58547abe9c96abc4b4fdb61fb49b9265fca8844e816c5d4b17d0-d
packagefile github.com/evilsocket/islazy/plugin=/root/.cache/go-build/24/242819aa40adc9f6d950c268dfe94ad681cde36717ebd056841ccb63ac82f69c-d
packagefile github.com/evilsocket/islazy/str=/root/.cache/go-build/9f/9f2d016df65d0865c72a7a459f03257b337de1d7ce40135c0001d0b47c83b456-d
packagefile github.com/evilsocket/islazy/tui=/root/.cache/go-build/d0/d0d7ac00e7634e7ee7fb092ea5bedf57881a018cf70567c895796602c7a1812b-d
packagefile github.com/robertkrimen/otto=/root/.cache/go-build/8c/8ca43cbccabb4a1b894017ad70350f91b61be403fe2376c927dd268e9885be0c-d
packagefile io/ioutil=/root/.cache/go-build/15/153a4cb81e2ea154a1d11ab9f2da899742fd42fec6165b372bb8d49a69bb32df-d
packagefile net=/tmp/go-build29350899/b097/_pkg_.a
packagefile os=/root/.cache/go-build/a7/a7bbbbd3ff27efca31bc0028bd35c5d6308c277bde7022d8aa2046ab49d7742f-d
packagefile os/exec=/root/.cache/go-build/2b/2bc1cf68dbf34bbed7e72bf5d54618f44c6d9b9da48868b6de6cae6e09f431ad-d
packagefile os/signal=/root/.cache/go-build/8c/8cd8562fcb6028e30e4fc77394f60559889996f833bc32ca3fa74aedddbf167f-d
packagefile path/filepath=/root/.cache/go-build/fb/fb1423b2ddb6a228c5af3670265ac57b0d320637ba764d90e94882b0b0decb7d-d
packagefile regexp=/root/.cache/go-build/be/bed3b499ba0d1d4d2732e9b3e9e1170f062c76346a6050691d11fac54018c80e-d
packagefile runtime=/root/.cache/go-build/09/097865b8e64b1a60e49616b48422bd25c113108e6a4232284431b2b83b82d091-d
packagefile runtime/pprof=/root/.cache/go-build/e7/e77114b34737e597312ecaabf9e1fe907b56e0374d55817067d41ed34bafe6e9-d
packagefile sort=/root/.cache/go-build/ae/aeccec3e3d3df27feaee072f8da3b09c5242572fdb98b11f4cd1d3ffd1718418-d
packagefile strconv=/root/.cache/go-build/e5/e5bd11f9b8c60d4473dcb1923861ef465c38a079680d0f4755d3533985e61a72-d
packagefile strings=/root/.cache/go-build/a9/a97f8a8181a9c583fc013703f277d8f35d080bc38f4420b3e9d5d5ed67b9aa42-d
packagefile sync=/root/.cache/go-build/0e/0e1a7f9e3eb922d751c6afb97f22633a331e2bba16bc1bd4e5ba1542c99f7658-d
packagefile syscall=/root/.cache/go-build/9f/9fbc2784e052e081f7bb71ca8dc1412d78e1f7096e7638e201fe827884545be6-d
packagefile time=/root/.cache/go-build/82/8293c45673dea5a2afe9dcfcf5d2fe013cbf1ce1f5df0b1b9feb6b7ffcc7af39-d
EOF
/root/go/pkg/mod/golang.org/toolchain@v0.0.1-go1.24.4.linux-amd64/pkg/tool/linux_amd64/compile -o $WORK/b126/_pkg_.a -trimpath "$WORK/b126=>" -p github.com/bettercap/bettercap/v2/session -lang=go1.23 -complete -buildid CoULJIYDwRXXYyTxE_TC/CoULJIYDwRXXYyTxE_TC -goversion go1.24.4 -c=4 -shared -nolocalimports -importcfg $WORK/b126/importcfg -pack ./session/command_handler.go ./session/doc.go ./session/environment.go ./session/events.go ./session/events_ignore_list.go ./session/module.go ./session/module_handler.go ./session/module_param.go ./session/prompt.go ./session/script.go ./session/script_builtin.go ./session/script_builtin_runtime.go ./session/session.go ./session/session_completers.go ./session/session_core_handlers.go ./session/session_json.go ./session/session_parse.go ./session/session_routing.go ./session/session_setup.go
/root/go/pkg/mod/golang.org/toolchain@v0.0.1-go1.24.4.linux-amd64/pkg/tool/linux_amd64/buildid -w $WORK/b126/_pkg_.a # internal
cp $WORK/b126/_pkg_.a /root/.cache/go-build/0c/0c9381c8707b5d6ad3eb4358ee2ef93769f90dce810fd27cd1a4365308d8dce5-d # internal
github.com/bettercap/bettercap/v2/modules/any_proxy
mkdir -p $WORK/b073/
github.com/bettercap/bettercap/v2/modules/arp_spoof
mkdir -p $WORK/b257/
github.com/bettercap/bettercap/v2/tls
mkdir -p $WORK/b251/
cat >/tmp/go-build29350899/b073/importcfg << 'EOF' # internal
# import config
packagefile fmt=/root/.cache/go-build/49/4968b44b691d284d426af1baebb3b3d5752072363ef1bee827ed0f740d3a8c7e-d
packagefile github.com/bettercap/bettercap/v2/firewall=/tmp/go-build29350899/b074/_pkg_.a
packagefile github.com/bettercap/bettercap/v2/session=/tmp/go-build29350899/b126/_pkg_.a
packagefile github.com/evilsocket/islazy/str=/root/.cache/go-build/9f/9f2d016df65d0865c72a7a459f03257b337de1d7ce40135c0001d0b47c83b456-d
packagefile strconv=/root/.cache/go-build/e5/e5bd11f9b8c60d4473dcb1923861ef465c38a079680d0f4755d3533985e61a72-d
packagefile strings=/root/.cache/go-build/a9/a97f8a8181a9c583fc013703f277d8f35d080bc38f4420b3e9d5d5ed67b9aa42-d
EOF
/root/go/pkg/mod/golang.org/toolchain@v0.0.1-go1.24.4.linux-amd64/pkg/tool/linux_amd64/compile -o $WORK/b073/_pkg_.a -trimpath "$WORK/b073=>" -p github.com/bettercap/bettercap/v2/modules/any_proxy -lang=go1.23 -complete -buildid Et7XpD_J-UHcNcN3T50b/Et7XpD_J-UHcNcN3T50b -goversion go1.24.4 -c=4 -shared -nolocalimports -importcfg $WORK/b073/importcfg -pack ./modules/any_proxy/any_proxy.go
cat >/tmp/go-build29350899/b257/importcfg << 'EOF' # internal
# import config
packagefile bytes=/root/.cache/go-build/8c/8c78606d7559108bcee9cc2c220ab1acb975eb468c7c2ffdcbe7f8fbfde5e0f2-d
packagefile github.com/bettercap/bettercap/v2/network=/tmp/go-build29350899/b075/_pkg_.a
packagefile github.com/bettercap/bettercap/v2/packets=/tmp/go-build29350899/b240/_pkg_.a
packagefile github.com/bettercap/bettercap/v2/session=/tmp/go-build29350899/b126/_pkg_.a
packagefile github.com/malfunkt/iprange=/tmp/go-build29350899/b122/_pkg_.a
packagefile net=/tmp/go-build29350899/b097/_pkg_.a
packagefile strings=/root/.cache/go-build/a9/a97f8a8181a9c583fc013703f277d8f35d080bc38f4420b3e9d5d5ed67b9aa42-d
packagefile sync=/root/.cache/go-build/0e/0e1a7f9e3eb922d751c6afb97f22633a331e2bba16bc1bd4e5ba1542c99f7658-d
packagefile time=/root/.cache/go-build/82/8293c45673dea5a2afe9dcfcf5d2fe013cbf1ce1f5df0b1b9feb6b7ffcc7af39-d
EOF
github.com/bettercap/bettercap/v2/modules/utils
mkdir -p $WORK/b259/
/root/go/pkg/mod/golang.org/toolchain@v0.0.1-go1.24.4.linux-amd64/pkg/tool/linux_amd64/compile -o $WORK/b257/_pkg_.a -trimpath "$WORK/b257=>" -p github.com/bettercap/bettercap/v2/modules/arp_spoof -lang=go1.23 -complete -buildid vG2wHyk0LLqvVBw4ab_C/vG2wHyk0LLqvVBw4ab_C -goversion go1.24.4 -c=4 -shared -nolocalimports -importcfg $WORK/b257/importcfg -pack ./modules/arp_spoof/arp_spoof.go
github.com/bettercap/bettercap/v2/modules/can
mkdir -p $WORK/b267/
github.com/bettercap/bettercap/v2/modules/caplets
mkdir -p $WORK/b314/
github.com/bettercap/bettercap/v2/modules/syn_scan
mkdir -p $WORK/b288/
cat >/tmp/go-build29350899/b251/importcfg << 'EOF' # internal
# import config
packagefile crypto/rand=/root/.cache/go-build/5e/5ef4cc951e1562697e369f6a88e941b670182ebbded7ead645aa8b805c507f4b-d
packagefile crypto/rsa=/root/.cache/go-build/3f/3fb18ac52ab1f115968784c955ced2973661b1db2cb216d8d3032bf196656c05-d
packagefile crypto/tls=/tmp/go-build29350899/b183/_pkg_.a
packagefile crypto/x509=/tmp/go-build29350899/b221/_pkg_.a
packagefile crypto/x509/pkix=/root/.cache/go-build/c9/c97dc62964ec412ea2cd82a95c6c5070e08d227d9816596153c6d733e32e00e1-d
packagefile encoding/pem=/root/.cache/go-build/ec/ec0df3f41d2f61c883af5d48974b80bf057d48bb5b77788cffc55956f925186f-d
packagefile fmt=/root/.cache/go-build/49/4968b44b691d284d426af1baebb3b3d5752072363ef1bee827ed0f740d3a8c7e-d
packagefile github.com/bettercap/bettercap/v2/log=/root/.cache/go-build/15/1587a4c7bc569e9104eed6eaa843646b15463381d1a036260c5db3dbd21acf44-d
packagefile github.com/bettercap/bettercap/v2/session=/tmp/go-build29350899/b126/_pkg_.a
packagefile math/big=/root/.cache/go-build/4b/4b278e857b15e204f2798394105096e24c2649346d393a37ae6ec1526be164d0-d
packagefile net=/tmp/go-build29350899/b097/_pkg_.a
packagefile os=/root/.cache/go-build/a7/a7bbbbd3ff27efca31bc0028bd35c5d6308c277bde7022d8aa2046ab49d7742f-d
packagefile strconv=/root/.cache/go-build/e5/e5bd11f9b8c60d4473dcb1923861ef465c38a079680d0f4755d3533985e61a72-d
packagefile time=/root/.cache/go-build/82/8293c45673dea5a2afe9dcfcf5d2fe013cbf1ce1f5df0b1b9feb6b7ffcc7af39-d
EOF
/root/go/pkg/mod/golang.org/toolchain@v0.0.1-go1.24.4.linux-amd64/pkg/tool/linux_amd64/compile -o $WORK/b251/_pkg_.a -trimpath "$WORK/b251=>" -p github.com/bettercap/bettercap/v2/tls -lang=go1.23 -complete -buildid BlIg1Snls0itcoJ4-Cs8/BlIg1Snls0itcoJ4-Cs8 -goversion go1.24.4 -c=4 -shared -nolocalimports -importcfg $WORK/b251/importcfg -pack ./tls/cert.go ./tls/doc.go ./tls/sign.go
cat >/tmp/go-build29350899/b288/importcfg << 'EOF' # internal
# import config
packagefile bufio=/root/.cache/go-build/29/2913c6577785ada18c0d7f976d489b11544551a3c94b873634ed6654c1acfdf1-d
packagefile crypto/tls=/tmp/go-build29350899/b183/_pkg_.a
packagefile crypto/x509=/tmp/go-build29350899/b221/_pkg_.a
packagefile fmt=/root/.cache/go-build/49/4968b44b691d284d426af1baebb3b3d5752072363ef1bee827ed0f740d3a8c7e-d
packagefile github.com/bettercap/bettercap/v2/network=/tmp/go-build29350899/b075/_pkg_.a
packagefile github.com/bettercap/bettercap/v2/packets=/tmp/go-build29350899/b240/_pkg_.a
packagefile github.com/bettercap/bettercap/v2/session=/tmp/go-build29350899/b126/_pkg_.a
packagefile github.com/evilsocket/islazy/async=/root/.cache/go-build/b6/b627787ed2e969f415c38d5a17382bad2f8aa8e128774b62149ef37d828140fe-d
packagefile github.com/evilsocket/islazy/str=/root/.cache/go-build/9f/9f2d016df65d0865c72a7a459f03257b337de1d7ce40135c0001d0b47c83b456-d
packagefile github.com/gopacket/gopacket=/tmp/go-build29350899/b112/_pkg_.a
packagefile github.com/gopacket/gopacket/layers=/tmp/go-build29350899/b113/_pkg_.a
packagefile github.com/gopacket/gopacket/pcap=/tmp/go-build29350899/b116/_pkg_.a
packagefile github.com/malfunkt/iprange=/tmp/go-build29350899/b122/_pkg_.a
packagefile github.com/miekg/dns=/tmp/go-build29350899/b290/_pkg_.a
packagefile golang.org/x/net/html=/root/.cache/go-build/88/88103ac7a979250a6b530876f44ff66afb43ab45b8aa15962bcd3897b19b58a7-d
packagefile net=/tmp/go-build29350899/b097/_pkg_.a
packagefile net/http=/tmp/go-build29350899/b181/_pkg_.a
packagefile regexp=/root/.cache/go-build/be/bed3b499ba0d1d4d2732e9b3e9e1170f062c76346a6050691d11fac54018c80e-d
packagefile strconv=/root/.cache/go-build/e5/e5bd11f9b8c60d4473dcb1923861ef465c38a079680d0f4755d3533985e61a72-d
packagefile strings=/root/.cache/go-build/a9/a97f8a8181a9c583fc013703f277d8f35d080bc38f4420b3e9d5d5ed67b9aa42-d
packagefile sync=/root/.cache/go-build/0e/0e1a7f9e3eb922d751c6afb97f22633a331e2bba16bc1bd4e5ba1542c99f7658-d
packagefile sync/atomic=/root/.cache/go-build/bd/bd313e9cacce2e07d790ca0ec028d59e0c24c9770945b7d1fea6e2aa84bb9687-d
packagefile time=/root/.cache/go-build/82/8293c45673dea5a2afe9dcfcf5d2fe013cbf1ce1f5df0b1b9feb6b7ffcc7af39-d
EOF
/root/go/pkg/mod/golang.org/toolchain@v0.0.1-go1.24.4.linux-amd64/pkg/tool/linux_amd64/compile -o $WORK/b288/_pkg_.a -trimpath "$WORK/b288=>" -p github.com/bettercap/bettercap/v2/modules/syn_scan -lang=go1.23 -complete -buildid XxEhw-7fhYCsDDj0D0Xu/XxEhw-7fhYCsDDj0D0Xu -goversion go1.24.4 -c=4 -shared -nolocalimports -importcfg $WORK/b288/importcfg -pack ./modules/syn_scan/banner_grabbing.go ./modules/syn_scan/dns_grabber.go ./modules/syn_scan/http_grabber.go ./modules/syn_scan/syn_scan.go ./modules/syn_scan/syn_scan_event.go ./modules/syn_scan/syn_scan_parsers.go ./modules/syn_scan/syn_scan_reader.go ./modules/syn_scan/tcp_grabber.go
cat >/tmp/go-build29350899/b267/importcfg << 'EOF' # internal
# import config
packagefile bufio=/root/.cache/go-build/29/2913c6577785ada18c0d7f976d489b11544551a3c94b873634ed6654c1acfdf1-d
packagefile context=/root/.cache/go-build/3e/3e6ab3e7831dc084ecf1e13f2cdb3a9b0c120bd0b859895935cc0b4283700dbb-d
packagefile encoding/binary=/root/.cache/go-build/84/84f4871c348bfb24281f74a785fe339aa588228b38344877384662a8e800c694-d
packagefile errors=/root/.cache/go-build/ef/ef2239267842d9814a8ed571225e5bd1dfefbc9f7396b17f96ded4ca80bb6e0d-d
packagefile fmt=/root/.cache/go-build/49/4968b44b691d284d426af1baebb3b3d5752072363ef1bee827ed0f740d3a8c7e-d
packagefile github.com/bettercap/bettercap/v2/network=/tmp/go-build29350899/b075/_pkg_.a
packagefile github.com/bettercap/bettercap/v2/session=/tmp/go-build29350899/b126/_pkg_.a
packagefile github.com/dustin/go-humanize=/root/.cache/go-build/bd/bdbee98e2175ac89b237136144df8e6b8793a901a1eb46c33ab166345b4e8318-d
packagefile github.com/evilsocket/islazy/str=/root/.cache/go-build/9f/9f2d016df65d0865c72a7a459f03257b337de1d7ce40135c0001d0b47c83b456-d
packagefile github.com/evilsocket/islazy/tui=/root/.cache/go-build/d0/d0d7ac00e7634e7ee7fb092ea5bedf57881a018cf70567c895796602c7a1812b-d
packagefile github.com/hashicorp/go-bexpr=/root/.cache/go-build/1e/1e3000aa0c6926535639fb29774ad25e91088fb6d6c81e276e61be3cd7231423-d
packagefile go.einride.tech/can=/root/.cache/go-build/13/1308bfa7a5471d432ad12535d61b3103b1749536fd0b225e8c07f53098ded897-d
packagefile go.einride.tech/can/pkg/dbc=/root/.cache/go-build/8d/8d813dc80551c4ee55a43c43e89e5a40446c69e8efbf539c6a9be67d6176e59e-d
packagefile go.einride.tech/can/pkg/descriptor=/root/.cache/go-build/7c/7c63ab9d97786b6e80e96a1ac966c961a3b0d30b1b0e2da298e083c30469b0eb-d
packagefile go.einride.tech/can/pkg/socketcan=/tmp/go-build29350899/b278/_pkg_.a
packagefile math/rand=/root/.cache/go-build/2c/2c6d12b5eefb56d9543e4c2c22b1e72638c82f52a4aec905cc6d450c5a3322b3-d
packagefile net=/tmp/go-build29350899/b097/_pkg_.a
packagefile os=/root/.cache/go-build/a7/a7bbbbd3ff27efca31bc0028bd35c5d6308c277bde7022d8aa2046ab49d7742f-d
packagefile regexp=/root/.cache/go-build/be/bed3b499ba0d1d4d2732e9b3e9e1170f062c76346a6050691d11fac54018c80e-d
packagefile sort=/root/.cache/go-build/ae/aeccec3e3d3df27feaee072f8da3b09c5242572fdb98b11f4cd1d3ffd1718418-d
packagefile strconv=/root/.cache/go-build/e5/e5bd11f9b8c60d4473dcb1923861ef465c38a079680d0f4755d3533985e61a72-d
packagefile strings=/root/.cache/go-build/a9/a97f8a8181a9c583fc013703f277d8f35d080bc38f4420b3e9d5d5ed67b9aa42-d
packagefile sync=/root/.cache/go-build/0e/0e1a7f9e3eb922d751c6afb97f22633a331e2bba16bc1bd4e5ba1542c99f7658-d
packagefile time=/root/.cache/go-build/82/8293c45673dea5a2afe9dcfcf5d2fe013cbf1ce1f5df0b1b9feb6b7ffcc7af39-d
EOF
/root/go/pkg/mod/golang.org/toolchain@v0.0.1-go1.24.4.linux-amd64/pkg/tool/linux_amd64/compile -o $WORK/b267/_pkg_.a -trimpath "$WORK/b267=>" -p github.com/bettercap/bettercap/v2/modules/can -lang=go1.23 -complete -buildid aCNYlw-6enITCoRrNaFw/aCNYlw-6enITCoRrNaFw -goversion go1.24.4 -c=4 -shared -nolocalimports -importcfg $WORK/b267/importcfg -pack ./modules/can/can.go ./modules/can/can_dbc.go ./modules/can/can_dbc_compile.go ./modules/can/can_dbc_load.go ./modules/can/can_dump_reader.go ./modules/can/can_fuzz.go ./modules/can/can_inject.go ./modules/can/can_message.go ./modules/can/can_obd2.go ./modules/can/can_obd2_message.go ./modules/can/can_obd2_pid_request.go ./modules/can/can_obd2_pid_response.go ./modules/can/can_recon.go ./modules/can/can_show.go
github.com/bettercap/bettercap/v2/modules/net_sniff
mkdir -p $WORK/b287/
cat >/tmp/go-build29350899/b259/importcfg << 'EOF' # internal
# import config
packagefile fmt=/root/.cache/go-build/49/4968b44b691d284d426af1baebb3b3d5752072363ef1bee827ed0f740d3a8c7e-d
packagefile github.com/bettercap/bettercap/v2/session=/tmp/go-build29350899/b126/_pkg_.a
packagefile github.com/evilsocket/islazy/tui=/root/.cache/go-build/d0/d0d7ac00e7634e7ee7fb092ea5bedf57881a018cf70567c895796602c7a1812b-d
packagefile regexp=/root/.cache/go-build/be/bed3b499ba0d1d4d2732e9b3e9e1170f062c76346a6050691d11fac54018c80e-d
packagefile strings=/root/.cache/go-build/a9/a97f8a8181a9c583fc013703f277d8f35d080bc38f4420b3e9d5d5ed67b9aa42-d
EOF
/root/go/pkg/mod/golang.org/toolchain@v0.0.1-go1.24.4.linux-amd64/pkg/tool/linux_amd64/compile -o $WORK/b259/_pkg_.a -trimpath "$WORK/b259=>" -p github.com/bettercap/bettercap/v2/modules/utils -lang=go1.23 -complete -buildid 55E9ELgj5LLlGSRrDzU1/55E9ELgj5LLlGSRrDzU1 -goversion go1.24.4 -c=4 -shared -nolocalimports -importcfg $WORK/b259/importcfg -pack ./modules/utils/view_selector.go
cat >/tmp/go-build29350899/b287/importcfg << 'EOF' # internal
# import config
packagefile bufio=/root/.cache/go-build/29/2913c6577785ada18c0d7f976d489b11544551a3c94b873634ed6654c1acfdf1-d
packagefile bytes=/root/.cache/go-build/8c/8c78606d7559108bcee9cc2c220ab1acb975eb468c7c2ffdcbe7f8fbfde5e0f2-d
packagefile compress/gzip=/root/.cache/go-build/58/585db37069083975ddbefa5d3a351217d401bba55b85997b274d72b1443ee858-d
packagefile encoding/asn1=/root/.cache/go-build/7d/7d279d60d2e00b4b4f5e1ec1e86b80d7bc6c7656eae034c79a4bf7b5eb4b4319-d
packagefile fmt=/root/.cache/go-build/49/4968b44b691d284d426af1baebb3b3d5752072363ef1bee827ed0f740d3a8c7e-d
packagefile github.com/bettercap/bettercap/v2/log=/root/.cache/go-build/15/1587a4c7bc569e9104eed6eaa843646b15463381d1a036260c5db3dbd21acf44-d
packagefile github.com/bettercap/bettercap/v2/network=/tmp/go-build29350899/b075/_pkg_.a
packagefile github.com/bettercap/bettercap/v2/packets=/tmp/go-build29350899/b240/_pkg_.a
packagefile github.com/bettercap/bettercap/v2/session=/tmp/go-build29350899/b126/_pkg_.a
packagefile github.com/dustin/go-humanize=/root/.cache/go-build/bd/bdbee98e2175ac89b237136144df8e6b8793a901a1eb46c33ab166345b4e8318-d
packagefile github.com/evilsocket/islazy/str=/root/.cache/go-build/9f/9f2d016df65d0865c72a7a459f03257b337de1d7ce40135c0001d0b47c83b456-d
packagefile github.com/evilsocket/islazy/tui=/root/.cache/go-build/d0/d0d7ac00e7634e7ee7fb092ea5bedf57881a018cf70567c895796602c7a1812b-d
packagefile github.com/gopacket/gopacket=/tmp/go-build29350899/b112/_pkg_.a
packagefile github.com/gopacket/gopacket/layers=/tmp/go-build29350899/b113/_pkg_.a
packagefile github.com/gopacket/gopacket/pcap=/tmp/go-build29350899/b116/_pkg_.a
packagefile github.com/gopacket/gopacket/pcapgo=/tmp/go-build29350899/b117/_pkg_.a
packagefile io=/root/.cache/go-build/19/194487409864eb31dab0c57813b847117386f5d18b4d7d5f2ce9a1639c147f14-d
packagefile math/rand=/root/.cache/go-build/2c/2c6d12b5eefb56d9543e4c2c22b1e72638c82f52a4aec905cc6d450c5a3322b3-d
packagefile net=/tmp/go-build29350899/b097/_pkg_.a
packagefile net/http=/tmp/go-build29350899/b181/_pkg_.a
packagefile os=/root/.cache/go-build/a7/a7bbbbd3ff27efca31bc0028bd35c5d6308c277bde7022d8aa2046ab49d7742f-d
packagefile regexp=/root/.cache/go-build/be/bed3b499ba0d1d4d2732e9b3e9e1170f062c76346a6050691d11fac54018c80e-d
packagefile strings=/root/.cache/go-build/a9/a97f8a8181a9c583fc013703f277d8f35d080bc38f4420b3e9d5d5ed67b9aa42-d
packagefile time=/root/.cache/go-build/82/8293c45673dea5a2afe9dcfcf5d2fe013cbf1ce1f5df0b1b9feb6b7ffcc7af39-d
EOF
/root/go/pkg/mod/golang.org/toolchain@v0.0.1-go1.24.4.linux-amd64/pkg/tool/linux_amd64/compile -o $WORK/b287/_pkg_.a -trimpath "$WORK/b287=>" -p github.com/bettercap/bettercap/v2/modules/net_sniff -lang=go1.23 -complete -buildid fie8MP0sdL5l3pg1kWA6/fie8MP0sdL5l3pg1kWA6 -goversion go1.24.4 -c=4 -shared -nolocalimports -importcfg $WORK/b287/importcfg -pack ./modules/net_sniff/net_sniff.go ./modules/net_sniff/net_sniff_context.go ./modules/net_sniff/net_sniff_dns.go ./modules/net_sniff/net_sniff_dot11.go ./modules/net_sniff/net_sniff_event.go ./modules/net_sniff/net_sniff_ftp.go ./modules/net_sniff/net_sniff_fuzz.go ./modules/net_sniff/net_sniff_http.go ./modules/net_sniff/net_sniff_krb5.go ./modules/net_sniff/net_sniff_mdns.go ./modules/net_sniff/net_sniff_ntlm.go ./modules/net_sniff/net_sniff_parsers.go ./modules/net_sniff/net_sniff_sni.go ./modules/net_sniff/net_sniff_stats.go ./modules/net_sniff/net_sniff_tcp.go ./modules/net_sniff/net_sniff_teamviewer.go ./modules/net_sniff/net_sniff_udp.go ./modules/net_sniff/net_sniff_upnp.go ./modules/net_sniff/net_sniff_views.go
cat >/tmp/go-build29350899/b314/importcfg << 'EOF' # internal
# import config
packagefile fmt=/root/.cache/go-build/49/4968b44b691d284d426af1baebb3b3d5752072363ef1bee827ed0f740d3a8c7e-d
packagefile github.com/bettercap/bettercap/v2/caplets=/root/.cache/go-build/05/053764e0d17c198cd3ec656cfe74b75a153682c9a15dfd443fbe71cfd930c367-d
packagefile github.com/bettercap/bettercap/v2/session=/tmp/go-build29350899/b126/_pkg_.a
packagefile github.com/dustin/go-humanize=/root/.cache/go-build/bd/bdbee98e2175ac89b237136144df8e6b8793a901a1eb46c33ab166345b4e8318-d
packagefile github.com/evilsocket/islazy/fs=/root/.cache/go-build/30/30be4f8ab5fe5182d6e4b848bd9333ee918ad9e1034d33fdc05f808d605e1db1-d
packagefile github.com/evilsocket/islazy/tui=/root/.cache/go-build/d0/d0d7ac00e7634e7ee7fb092ea5bedf57881a018cf70567c895796602c7a1812b-d
packagefile github.com/evilsocket/islazy/zip=/root/.cache/go-build/63/63b5aa9e0476bad41f25e0c9238ddbce259c46ad1eb6a1216609c78c232726e6-d
packagefile io=/root/.cache/go-build/19/194487409864eb31dab0c57813b847117386f5d18b4d7d5f2ce9a1639c147f14-d
packagefile net/http=/tmp/go-build29350899/b181/_pkg_.a
packagefile os=/root/.cache/go-build/a7/a7bbbbd3ff27efca31bc0028bd35c5d6308c277bde7022d8aa2046ab49d7742f-d
EOF
/root/go/pkg/mod/golang.org/toolchain@v0.0.1-go1.24.4.linux-amd64/pkg/tool/linux_amd64/compile -o $WORK/b314/_pkg_.a -trimpath "$WORK/b314=>" -p github.com/bettercap/bettercap/v2/modules/caplets -lang=go1.23 -complete -buildid sz4uGn0dTuKkoGW7lGWx/sz4uGn0dTuKkoGW7lGWx -goversion go1.24.4 -c=4 -shared -nolocalimports -importcfg $WORK/b314/importcfg -pack ./modules/caplets/caplets.go
/root/go/pkg/mod/golang.org/toolchain@v0.0.1-go1.24.4.linux-amd64/pkg/tool/linux_amd64/buildid -w $WORK/b259/_pkg_.a # internal
/root/go/pkg/mod/golang.org/toolchain@v0.0.1-go1.24.4.linux-amd64/pkg/tool/linux_amd64/buildid -w $WORK/b251/_pkg_.a # internal
cp $WORK/b259/_pkg_.a /root/.cache/go-build/f5/f541c2748526fc10c11fee2fcbf946467ade28e31892588f8740737b1353166d-d # internal
github.com/bettercap/bettercap/v2/modules/ble
mkdir -p $WORK/b258/
cat >/tmp/go-build29350899/b258/importcfg << 'EOF' # internal
# import config
packagefile encoding/binary=/root/.cache/go-build/84/84f4871c348bfb24281f74a785fe339aa588228b38344877384662a8e800c694-d
packagefile encoding/hex=/root/.cache/go-build/88/8894c4977c5ac399a7df03ea49c420d6455b77825225b9d8ef6024dbcba4a317-d
packagefile fmt=/root/.cache/go-build/49/4968b44b691d284d426af1baebb3b3d5752072363ef1bee827ed0f740d3a8c7e-d
packagefile github.com/bettercap/bettercap/v2/modules/utils=/tmp/go-build29350899/b259/_pkg_.a
packagefile github.com/bettercap/bettercap/v2/network=/tmp/go-build29350899/b075/_pkg_.a
packagefile github.com/bettercap/bettercap/v2/session=/tmp/go-build29350899/b126/_pkg_.a
packagefile github.com/bettercap/gatt=/tmp/go-build29350899/b082/_pkg_.a
packagefile github.com/evilsocket/islazy/ops=/root/.cache/go-build/e8/e80375a6521f58547abe9c96abc4b4fdb61fb49b9265fca8844e816c5d4b17d0-d
packagefile github.com/evilsocket/islazy/str=/root/.cache/go-build/9f/9f2d016df65d0865c72a7a459f03257b337de1d7ce40135c0001d0b47c83b456-d
packagefile github.com/evilsocket/islazy/tui=/root/.cache/go-build/d0/d0d7ac00e7634e7ee7fb092ea5bedf57881a018cf70567c895796602c7a1812b-d
packagefile log=/root/.cache/go-build/c4/c4bc63ea92c3c25584ec4fa5395e2d0fbd6315c3a8c220e5814f726d6d98a452-d
packagefile sort=/root/.cache/go-build/ae/aeccec3e3d3df27feaee072f8da3b09c5242572fdb98b11f4cd1d3ffd1718418-d
packagefile strconv=/root/.cache/go-build/e5/e5bd11f9b8c60d4473dcb1923861ef465c38a079680d0f4755d3533985e61a72-d
packagefile strings=/root/.cache/go-build/a9/a97f8a8181a9c583fc013703f277d8f35d080bc38f4420b3e9d5d5ed67b9aa42-d
packagefile time=/root/.cache/go-build/82/8293c45673dea5a2afe9dcfcf5d2fe013cbf1ce1f5df0b1b9feb6b7ffcc7af39-d
EOF
/root/go/pkg/mod/golang.org/toolchain@v0.0.1-go1.24.4.linux-amd64/pkg/tool/linux_amd64/compile -o $WORK/b258/_pkg_.a -trimpath "$WORK/b258=>" -p github.com/bettercap/bettercap/v2/modules/ble -lang=go1.23 -complete -buildid WdRBoDOcgLrUMkzLPx6F/WdRBoDOcgLrUMkzLPx6F -goversion go1.24.4 -c=4 -shared -nolocalimports -importcfg $WORK/b258/importcfg -pack ./modules/ble/ble_options_linux.go ./modules/ble/ble_recon.go ./modules/ble/ble_recon_events.go ./modules/ble/ble_show.go ./modules/ble/ble_show_services.go ./modules/ble/ble_show_sort.go
cp $WORK/b251/_pkg_.a /root/.cache/go-build/6e/6e2dc05a8661b18421af60af6b72b6bcffd9adca3ca21710db9ba30aceb07f6c-d # internal
github.com/bettercap/bettercap/v2/modules/api_rest
mkdir -p $WORK/b250/
cat >/tmp/go-build29350899/b250/importcfg << 'EOF' # internal
# import config
packagefile bytes=/root/.cache/go-build/8c/8c78606d7559108bcee9cc2c220ab1acb975eb468c7c2ffdcbe7f8fbfde5e0f2-d
packagefile context=/root/.cache/go-build/3e/3e6ab3e7831dc084ecf1e13f2cdb3a9b0c120bd0b859895935cc0b4283700dbb-d
packagefile crypto/subtle=/root/.cache/go-build/79/791cac9815dc9b1e98257d134149a47c60dbf5bb1d2e5a79351d08c9b824169b-d
packagefile encoding/json=/root/.cache/go-build/bd/bde971ea3855d832695652a556a597377b978eacbde032d003254128a1f19cc4-d
packagefile errors=/root/.cache/go-build/ef/ef2239267842d9814a8ed571225e5bd1dfefbc9f7396b17f96ded4ca80bb6e0d-d
packagefile fmt=/root/.cache/go-build/49/4968b44b691d284d426af1baebb3b3d5752072363ef1bee827ed0f740d3a8c7e-d
packagefile github.com/bettercap/bettercap/v2/session=/tmp/go-build29350899/b126/_pkg_.a
packagefile github.com/bettercap/bettercap/v2/tls=/tmp/go-build29350899/b251/_pkg_.a
packagefile github.com/bettercap/recording=/root/.cache/go-build/0e/0e275148203b72a48de332053fd9687b4658601012b15f079246cc5c70cf1458-d
packagefile github.com/evilsocket/islazy/fs=/root/.cache/go-build/30/30be4f8ab5fe5182d6e4b848bd9333ee918ad9e1034d33fdc05f808d605e1db1-d
packagefile github.com/gorilla/mux=/root/.cache/go-build/78/78127d220bf28a201fa1822362a1d93845b9f9601cb3c82261ff33c30c0f3632-d
packagefile github.com/gorilla/websocket=/tmp/go-build29350899/b256/_pkg_.a
packagefile io=/root/.cache/go-build/19/194487409864eb31dab0c57813b847117386f5d18b4d7d5f2ce9a1639c147f14-d
packagefile net/http=/tmp/go-build29350899/b181/_pkg_.a
packagefile os=/root/.cache/go-build/a7/a7bbbbd3ff27efca31bc0028bd35c5d6308c277bde7022d8aa2046ab49d7742f-d
packagefile regexp=/root/.cache/go-build/be/bed3b499ba0d1d4d2732e9b3e9e1170f062c76346a6050691d11fac54018c80e-d
packagefile strconv=/root/.cache/go-build/e5/e5bd11f9b8c60d4473dcb1923861ef465c38a079680d0f4755d3533985e61a72-d
packagefile strings=/root/.cache/go-build/a9/a97f8a8181a9c583fc013703f277d8f35d080bc38f4420b3e9d5d5ed67b9aa42-d
packagefile sync=/root/.cache/go-build/0e/0e1a7f9e3eb922d751c6afb97f22633a331e2bba16bc1bd4e5ba1542c99f7658-d
packagefile time=/root/.cache/go-build/82/8293c45673dea5a2afe9dcfcf5d2fe013cbf1ce1f5df0b1b9feb6b7ffcc7af39-d
EOF
/root/go/pkg/mod/golang.org/toolchain@v0.0.1-go1.24.4.linux-amd64/pkg/tool/linux_amd64/compile -o $WORK/b250/_pkg_.a -trimpath "$WORK/b250=>" -p github.com/bettercap/bettercap/v2/modules/api_rest -lang=go1.23 -complete -buildid uuKV94FTDcytRoiJeu8g/uuKV94FTDcytRoiJeu8g -goversion go1.24.4 -c=4 -shared -nolocalimports -importcfg $WORK/b250/importcfg -pack ./modules/api_rest/api_rest.go ./modules/api_rest/api_rest_controller.go ./modules/api_rest/api_rest_record.go ./modules/api_rest/api_rest_replay.go ./modules/api_rest/api_rest_ws.go
/root/go/pkg/mod/golang.org/toolchain@v0.0.1-go1.24.4.linux-amd64/pkg/tool/linux_amd64/buildid -w $WORK/b073/_pkg_.a # internal
/root/go/pkg/mod/golang.org/toolchain@v0.0.1-go1.24.4.linux-amd64/pkg/tool/linux_amd64/buildid -w $WORK/b257/_pkg_.a # internal
cp $WORK/b073/_pkg_.a /root/.cache/go-build/b5/b58e5c0dee72d924de9aba959d6a9c69a70823fc7309ac22f108766314ff3a18-d # internal
github.com/bettercap/bettercap/v2/modules/dhcp6_spoof
mkdir -p $WORK/b315/
cat >/tmp/go-build29350899/b315/importcfg << 'EOF' # internal
# import config
packagefile bytes=/root/.cache/go-build/8c/8c78606d7559108bcee9cc2c220ab1acb975eb468c7c2ffdcbe7f8fbfde5e0f2-d
packagefile crypto/rand=/root/.cache/go-build/5e/5ef4cc951e1562697e369f6a88e941b670182ebbded7ead645aa8b805c507f4b-d
packagefile fmt=/root/.cache/go-build/49/4968b44b691d284d426af1baebb3b3d5752072363ef1bee827ed0f740d3a8c7e-d
packagefile github.com/bettercap/bettercap/v2/network=/tmp/go-build29350899/b075/_pkg_.a
packagefile github.com/bettercap/bettercap/v2/packets=/tmp/go-build29350899/b240/_pkg_.a
packagefile github.com/bettercap/bettercap/v2/session=/tmp/go-build29350899/b126/_pkg_.a
packagefile github.com/evilsocket/islazy/tui=/root/.cache/go-build/d0/d0d7ac00e7634e7ee7fb092ea5bedf57881a018cf70567c895796602c7a1812b-d
packagefile github.com/gopacket/gopacket=/tmp/go-build29350899/b112/_pkg_.a
packagefile github.com/gopacket/gopacket/layers=/tmp/go-build29350899/b113/_pkg_.a
packagefile github.com/gopacket/gopacket/pcap=/tmp/go-build29350899/b116/_pkg_.a
packagefile github.com/mdlayher/dhcp6=/root/.cache/go-build/a1/a12cb980a2c189adaa4c83358390430473decb264dc9ddedfe8cfc1a21e697c0-d
packagefile github.com/mdlayher/dhcp6/dhcp6opts=/tmp/go-build29350899/b316/_pkg_.a
packagefile net=/tmp/go-build29350899/b097/_pkg_.a
packagefile strings=/root/.cache/go-build/a9/a97f8a8181a9c583fc013703f277d8f35d080bc38f4420b3e9d5d5ed67b9aa42-d
packagefile sync=/root/.cache/go-build/0e/0e1a7f9e3eb922d751c6afb97f22633a331e2bba16bc1bd4e5ba1542c99f7658-d
packagefile time=/root/.cache/go-build/82/8293c45673dea5a2afe9dcfcf5d2fe013cbf1ce1f5df0b1b9feb6b7ffcc7af39-d
EOF
/root/go/pkg/mod/golang.org/toolchain@v0.0.1-go1.24.4.linux-amd64/pkg/tool/linux_amd64/compile -o $WORK/b315/_pkg_.a -trimpath "$WORK/b315=>" -p github.com/bettercap/bettercap/v2/modules/dhcp6_spoof -lang=go1.23 -complete -buildid FNDkt5RTZpNwQ3gg_XmN/FNDkt5RTZpNwQ3gg_XmN -goversion go1.24.4 -c=4 -shared -nolocalimports -importcfg $WORK/b315/importcfg -pack ./modules/dhcp6_spoof/dhcp6_spoof.go
/root/go/pkg/mod/golang.org/toolchain@v0.0.1-go1.24.4.linux-amd64/pkg/tool/linux_amd64/buildid -w $WORK/b314/_pkg_.a # internal
cp $WORK/b314/_pkg_.a /root/.cache/go-build/10/1075bfa5b4c99218a3457b530bc1e923807fec4cf6c0f1667474949fac5526ea-d # internal
github.com/bettercap/bettercap/v2/modules/dns_proxy
mkdir -p $WORK/b317/
cat >/tmp/go-build29350899/b317/importcfg << 'EOF' # internal
# import config
packagefile context=/root/.cache/go-build/3e/3e6ab3e7831dc084ecf1e13f2cdb3a9b0c120bd0b859895935cc0b4283700dbb-d
packagefile crypto/tls=/tmp/go-build29350899/b183/_pkg_.a
packagefile crypto/x509=/tmp/go-build29350899/b221/_pkg_.a
packagefile encoding/json=/root/.cache/go-build/bd/bde971ea3855d832695652a556a597377b978eacbde032d003254128a1f19cc4-d
packagefile fmt=/root/.cache/go-build/49/4968b44b691d284d426af1baebb3b3d5752072363ef1bee827ed0f740d3a8c7e-d
packagefile github.com/bettercap/bettercap/v2/firewall=/tmp/go-build29350899/b074/_pkg_.a
packagefile github.com/bettercap/bettercap/v2/log=/root/.cache/go-build/15/1587a4c7bc569e9104eed6eaa843646b15463381d1a036260c5db3dbd21acf44-d
packagefile github.com/bettercap/bettercap/v2/session=/tmp/go-build29350899/b126/_pkg_.a
packagefile github.com/bettercap/bettercap/v2/tls=/tmp/go-build29350899/b251/_pkg_.a
packagefile github.com/evilsocket/islazy/fs=/root/.cache/go-build/30/30be4f8ab5fe5182d6e4b848bd9333ee918ad9e1034d33fdc05f808d605e1db1-d
packagefile github.com/evilsocket/islazy/log=/root/.cache/go-build/98/981d6af5b2dca89466c12de3d98aacb702d0e439a2dc66081a8796ba7c60b2c2-d
packagefile github.com/evilsocket/islazy/plugin=/root/.cache/go-build/24/242819aa40adc9f6d950c268dfe94ad681cde36717ebd056841ccb63ac82f69c-d
packagefile github.com/evilsocket/islazy/str=/root/.cache/go-build/9f/9f2d016df65d0865c72a7a459f03257b337de1d7ce40135c0001d0b47c83b456-d
packagefile github.com/miekg/dns=/tmp/go-build29350899/b290/_pkg_.a
packagefile github.com/robertkrimen/otto=/root/.cache/go-build/8c/8ca43cbccabb4a1b894017ad70350f91b61be403fe2376c927dd268e9885be0c-d
packagefile io/ioutil=/root/.cache/go-build/15/153a4cb81e2ea154a1d11ab9f2da899742fd42fec6165b372bb8d49a69bb32df-d
packagefile math=/root/.cache/go-build/7c/7c38be7a01778ab9303105d335c8729cf15159d637fa5b94ec313585a9bda2b2-d
packagefile math/big=/root/.cache/go-build/4b/4b278e857b15e204f2798394105096e24c2649346d393a37ae6ec1526be164d0-d
packagefile net=/tmp/go-build29350899/b097/_pkg_.a
packagefile reflect=/root/.cache/go-build/c1/c157025f0d3204241798c68cf155e24730c4a7972ff6725bbc244c2067fbb71f-d
packagefile strings=/root/.cache/go-build/a9/a97f8a8181a9c583fc013703f277d8f35d080bc38f4420b3e9d5d5ed67b9aa42-d
packagefile time=/root/.cache/go-build/82/8293c45673dea5a2afe9dcfcf5d2fe013cbf1ce1f5df0b1b9feb6b7ffcc7af39-d
EOF
/root/go/pkg/mod/golang.org/toolchain@v0.0.1-go1.24.4.linux-amd64/pkg/tool/linux_amd64/compile -o $WORK/b317/_pkg_.a -trimpath "$WORK/b317=>" -p github.com/bettercap/bettercap/v2/modules/dns_proxy -lang=go1.23 -complete -buildid NJkfobGsdPKQz5jui6Px/NJkfobGsdPKQz5jui6Px -goversion go1.24.4 -c=4 -shared -nolocalimports -importcfg $WORK/b317/importcfg -pack ./modules/dns_proxy/dns_proxy.go ./modules/dns_proxy/dns_proxy_base.go ./modules/dns_proxy/dns_proxy_base_filters.go ./modules/dns_proxy/dns_proxy_js_query.go ./modules/dns_proxy/dns_proxy_js_record.go ./modules/dns_proxy/dns_proxy_js_record_edns0.go ./modules/dns_proxy/dns_proxy_js_record_svcb.go ./modules/dns_proxy/dns_proxy_script.go
cp $WORK/b257/_pkg_.a /root/.cache/go-build/a5/a5ee74bbad5e24cde3c284b0023c760a3346cfabab091daf0ddcef92b094ff47-d # internal
github.com/bettercap/bettercap/v2/modules/dns_spoof
mkdir -p $WORK/b318/
cat >/tmp/go-build29350899/b318/importcfg << 'EOF' # internal
# import config
packagefile bufio=/root/.cache/go-build/29/2913c6577785ada18c0d7f976d489b11544551a3c94b873634ed6654c1acfdf1-d
packagefile bytes=/root/.cache/go-build/8c/8c78606d7559108bcee9cc2c220ab1acb975eb468c7c2ffdcbe7f8fbfde5e0f2-d
packagefile fmt=/root/.cache/go-build/49/4968b44b691d284d426af1baebb3b3d5752072363ef1bee827ed0f740d3a8c7e-d
packagefile github.com/bettercap/bettercap/v2/log=/root/.cache/go-build/15/1587a4c7bc569e9104eed6eaa843646b15463381d1a036260c5db3dbd21acf44-d
packagefile github.com/bettercap/bettercap/v2/network=/tmp/go-build29350899/b075/_pkg_.a
packagefile github.com/bettercap/bettercap/v2/packets=/tmp/go-build29350899/b240/_pkg_.a
packagefile github.com/bettercap/bettercap/v2/session=/tmp/go-build29350899/b126/_pkg_.a
packagefile github.com/evilsocket/islazy/str=/root/.cache/go-build/9f/9f2d016df65d0865c72a7a459f03257b337de1d7ce40135c0001d0b47c83b456-d
packagefile github.com/evilsocket/islazy/tui=/root/.cache/go-build/d0/d0d7ac00e7634e7ee7fb092ea5bedf57881a018cf70567c895796602c7a1812b-d
packagefile github.com/gobwas/glob=/root/.cache/go-build/a5/a5a0fde8d93b5c39de075117342c99f5c6f3cf538bf2ad1e4f6d51cb929574aa-d
packagefile github.com/gopacket/gopacket=/tmp/go-build29350899/b112/_pkg_.a
packagefile github.com/gopacket/gopacket/layers=/tmp/go-build29350899/b113/_pkg_.a
packagefile github.com/gopacket/gopacket/pcap=/tmp/go-build29350899/b116/_pkg_.a
packagefile net=/tmp/go-build29350899/b097/_pkg_.a
packagefile os=/root/.cache/go-build/a7/a7bbbbd3ff27efca31bc0028bd35c5d6308c277bde7022d8aa2046ab49d7742f-d
packagefile regexp=/root/.cache/go-build/be/bed3b499ba0d1d4d2732e9b3e9e1170f062c76346a6050691d11fac54018c80e-d
packagefile strconv=/root/.cache/go-build/e5/e5bd11f9b8c60d4473dcb1923861ef465c38a079680d0f4755d3533985e61a72-d
packagefile strings=/root/.cache/go-build/a9/a97f8a8181a9c583fc013703f277d8f35d080bc38f4420b3e9d5d5ed67b9aa42-d
packagefile sync=/root/.cache/go-build/0e/0e1a7f9e3eb922d751c6afb97f22633a331e2bba16bc1bd4e5ba1542c99f7658-d
EOF
/root/go/pkg/mod/golang.org/toolchain@v0.0.1-go1.24.4.linux-amd64/pkg/tool/linux_amd64/compile -o $WORK/b318/_pkg_.a -trimpath "$WORK/b318=>" -p github.com/bettercap/bettercap/v2/modules/dns_spoof -lang=go1.23 -complete -buildid kUX4QMAB6uoEBIcTg6Xc/kUX4QMAB6uoEBIcTg6Xc -goversion go1.24.4 -c=4 -shared -nolocalimports -importcfg $WORK/b318/importcfg -pack ./modules/dns_spoof/dns_spoof.go ./modules/dns_spoof/dns_spoof_hosts.go
/root/go/pkg/mod/golang.org/toolchain@v0.0.1-go1.24.4.linux-amd64/pkg/tool/linux_amd64/buildid -w $WORK/b288/_pkg_.a # internal
cp $WORK/b288/_pkg_.a /root/.cache/go-build/45/45a9165039eeb2a7a97d2a8d7114dd81fd3a6742b571b2522ec46491bce375b1-d # internal
github.com/bettercap/bettercap/v2/modules/net_recon
mkdir -p $WORK/b296/
cat >/tmp/go-build29350899/b296/importcfg << 'EOF' # internal
# import config
packagefile fmt=/root/.cache/go-build/49/4968b44b691d284d426af1baebb3b3d5752072363ef1bee827ed0f740d3a8c7e-d
packagefile github.com/bettercap/bettercap/v2/modules/syn_scan=/tmp/go-build29350899/b288/_pkg_.a
packagefile github.com/bettercap/bettercap/v2/modules/utils=/tmp/go-build29350899/b259/_pkg_.a
packagefile github.com/bettercap/bettercap/v2/network=/tmp/go-build29350899/b075/_pkg_.a
packagefile github.com/bettercap/bettercap/v2/packets=/tmp/go-build29350899/b240/_pkg_.a
packagefile github.com/bettercap/bettercap/v2/session=/tmp/go-build29350899/b126/_pkg_.a
packagefile github.com/dustin/go-humanize=/root/.cache/go-build/bd/bdbee98e2175ac89b237136144df8e6b8793a901a1eb46c33ab166345b4e8318-d
packagefile github.com/evilsocket/islazy/str=/root/.cache/go-build/9f/9f2d016df65d0865c72a7a459f03257b337de1d7ce40135c0001d0b47c83b456-d
packagefile github.com/evilsocket/islazy/tui=/root/.cache/go-build/d0/d0d7ac00e7634e7ee7fb092ea5bedf57881a018cf70567c895796602c7a1812b-d
packagefile sort=/root/.cache/go-build/ae/aeccec3e3d3df27feaee072f8da3b09c5242572fdb98b11f4cd1d3ffd1718418-d
packagefile strings=/root/.cache/go-build/a9/a97f8a8181a9c583fc013703f277d8f35d080bc38f4420b3e9d5d5ed67b9aa42-d
packagefile time=/root/.cache/go-build/82/8293c45673dea5a2afe9dcfcf5d2fe013cbf1ce1f5df0b1b9feb6b7ffcc7af39-d
EOF
/root/go/pkg/mod/golang.org/toolchain@v0.0.1-go1.24.4.linux-amd64/pkg/tool/linux_amd64/compile -o $WORK/b296/_pkg_.a -trimpath "$WORK/b296=>" -p github.com/bettercap/bettercap/v2/modules/net_recon -lang=go1.23 -complete -buildid 9AhQsp8bDaohQWA52Uju/9AhQsp8bDaohQWA52Uju -goversion go1.24.4 -c=4 -shared -nolocalimports -importcfg $WORK/b296/importcfg -pack ./modules/net_recon/net_recon.go ./modules/net_recon/net_show.go ./modules/net_recon/net_show_sort.go
/root/go/pkg/mod/golang.org/toolchain@v0.0.1-go1.24.4.linux-amd64/pkg/tool/linux_amd64/buildid -w $WORK/b267/_pkg_.a # internal
/root/go/pkg/mod/golang.org/toolchain@v0.0.1-go1.24.4.linux-amd64/pkg/tool/linux_amd64/buildid -w $WORK/b287/_pkg_.a # internal
cp $WORK/b287/_pkg_.a /root/.cache/go-build/04/04142250649b3e0a041cf99ed7df32baa971cbcc72997a67ceef39e95f2209f5-d # internal
github.com/bettercap/bettercap/v2/modules/zerogod
mkdir -p $WORK/b297/
cat >/tmp/go-build29350899/b297/importcfg << 'EOF' # internal
# import config
packagefile bufio=/root/.cache/go-build/29/2913c6577785ada18c0d7f976d489b11544551a3c94b873634ed6654c1acfdf1-d
packagefile bytes=/root/.cache/go-build/8c/8c78606d7559108bcee9cc2c220ab1acb975eb468c7c2ffdcbe7f8fbfde5e0f2-d
packagefile context=/root/.cache/go-build/3e/3e6ab3e7831dc084ecf1e13f2cdb3a9b0c120bd0b859895935cc0b4283700dbb-d
packagefile crypto/tls=/tmp/go-build29350899/b183/_pkg_.a
packagefile encoding/json=/root/.cache/go-build/bd/bde971ea3855d832695652a556a597377b978eacbde032d003254128a1f19cc4-d
packagefile errors=/root/.cache/go-build/ef/ef2239267842d9814a8ed571225e5bd1dfefbc9f7396b17f96ded4ca80bb6e0d-d
packagefile fmt=/root/.cache/go-build/49/4968b44b691d284d426af1baebb3b3d5752072363ef1bee827ed0f740d3a8c7e-d
packagefile github.com/bettercap/bettercap/v2/modules/syn_scan=/tmp/go-build29350899/b288/_pkg_.a
packagefile github.com/bettercap/bettercap/v2/modules/zerogod/zeroconf=/tmp/go-build29350899/b298/_pkg_.a
packagefile github.com/bettercap/bettercap/v2/network=/tmp/go-build29350899/b075/_pkg_.a
packagefile github.com/bettercap/bettercap/v2/session=/tmp/go-build29350899/b126/_pkg_.a
packagefile github.com/bettercap/bettercap/v2/tls=/tmp/go-build29350899/b251/_pkg_.a
packagefile github.com/evilsocket/islazy/fs=/root/.cache/go-build/30/30be4f8ab5fe5182d6e4b848bd9333ee918ad9e1034d33fdc05f808d605e1db1-d
packagefile github.com/evilsocket/islazy/ops=/root/.cache/go-build/e8/e80375a6521f58547abe9c96abc4b4fdb61fb49b9265fca8844e816c5d4b17d0-d
packagefile github.com/evilsocket/islazy/str=/root/.cache/go-build/9f/9f2d016df65d0865c72a7a459f03257b337de1d7ce40135c0001d0b47c83b456-d
packagefile github.com/evilsocket/islazy/tui=/root/.cache/go-build/d0/d0d7ac00e7634e7ee7fb092ea5bedf57881a018cf70567c895796602c7a1812b-d
packagefile github.com/gopacket/gopacket=/tmp/go-build29350899/b112/_pkg_.a
packagefile github.com/gopacket/gopacket/layers=/tmp/go-build29350899/b113/_pkg_.a
packagefile github.com/gopacket/gopacket/pcap=/tmp/go-build29350899/b116/_pkg_.a
packagefile github.com/phin1x/go-ipp=/tmp/go-build29350899/b300/_pkg_.a
packagefile gopkg.in/yaml.v3=/root/.cache/go-build/13/13c7940b5fcac232222534ce08fece08531d85f194f70fa47af5aa3002ba56ed-d
packagefile io=/root/.cache/go-build/19/194487409864eb31dab0c57813b847117386f5d18b4d7d5f2ce9a1639c147f14-d
packagefile io/ioutil=/root/.cache/go-build/15/153a4cb81e2ea154a1d11ab9f2da899742fd42fec6165b372bb8d49a69bb32df-d
packagefile math/rand=/root/.cache/go-build/2c/2c6d12b5eefb56d9543e4c2c22b1e72638c82f52a4aec905cc6d450c5a3322b3-d
packagefile net=/tmp/go-build29350899/b097/_pkg_.a
packagefile net/http=/tmp/go-build29350899/b181/_pkg_.a
packagefile os=/root/.cache/go-build/a7/a7bbbbd3ff27efca31bc0028bd35c5d6308c277bde7022d8aa2046ab49d7742f-d
packagefile path=/root/.cache/go-build/05/052da275ef56179bcfd61946639308391ee11782caacda5802d252d843fcf7f3-d
packagefile path/filepath=/root/.cache/go-build/fb/fb1423b2ddb6a228c5af3670265ac57b0d320637ba764d90e94882b0b0decb7d-d
packagefile slices=/root/.cache/go-build/42/42290b4014724d4b79544a9a096f9279665cbc3d64e4232979eccc89e6ef9b07-d
packagefile sort=/root/.cache/go-build/ae/aeccec3e3d3df27feaee072f8da3b09c5242572fdb98b11f4cd1d3ffd1718418-d
packagefile strconv=/root/.cache/go-build/e5/e5bd11f9b8c60d4473dcb1923861ef465c38a079680d0f4755d3533985e61a72-d
packagefile strings=/root/.cache/go-build/a9/a97f8a8181a9c583fc013703f277d8f35d080bc38f4420b3e9d5d5ed67b9aa42-d
packagefile sync=/root/.cache/go-build/0e/0e1a7f9e3eb922d751c6afb97f22633a331e2bba16bc1bd4e5ba1542c99f7658-d
packagefile time=/root/.cache/go-build/82/8293c45673dea5a2afe9dcfcf5d2fe013cbf1ce1f5df0b1b9feb6b7ffcc7af39-d
EOF
cp $WORK/b267/_pkg_.a /root/.cache/go-build/ee/ee37e88bccd7830774d720a1fc5743cd6d0306c0bc2e0f743a42b44be5988ba1-d # internal
/root/go/pkg/mod/golang.org/toolchain@v0.0.1-go1.24.4.linux-amd64/pkg/tool/linux_amd64/compile -o $WORK/b297/_pkg_.a -trimpath "$WORK/b297=>" -p github.com/bettercap/bettercap/v2/modules/zerogod -lang=go1.23 -complete -buildid k1eXrva610Idv01VfzPW/k1eXrva610Idv01VfzPW -goversion go1.24.4 -c=4 -shared -nolocalimports -importcfg $WORK/b297/importcfg -pack ./modules/zerogod/zerogod.go ./modules/zerogod/zerogod_acceptor.go ./modules/zerogod/zerogod_advertise.go ./modules/zerogod/zerogod_browser.go ./modules/zerogod/zerogod_discovery.go ./modules/zerogod/zerogod_endpoint_update.go ./modules/zerogod/zerogod_generic_tcp_handler.go ./modules/zerogod/zerogod_http_handler.go ./modules/zerogod/zerogod_ipp_get_job_attributes.go ./modules/zerogod/zerogod_ipp_get_jobs.go ./modules/zerogod/zerogod_ipp_get_printer_attributes.go ./modules/zerogod/zerogod_ipp_handler.go ./modules/zerogod/zerogod_ipp_primitives.go ./modules/zerogod/zerogod_ipp_print_job.go ./modules/zerogod/zerogod_ipp_unhandled.go ./modules/zerogod/zerogod_ipp_validate_job.go ./modules/zerogod/zerogod_known_services.go ./modules/zerogod/zerogod_save.go ./modules/zerogod/zerogod_service.go ./modules/zerogod/zerogod_show.go
github.com/bettercap/bettercap/v2/modules/gps
mkdir -p $WORK/b327/
cat >/tmp/go-build29350899/b327/importcfg << 'EOF' # internal
# import config
packagefile fmt=/root/.cache/go-build/49/4968b44b691d284d426af1baebb3b3d5752072363ef1bee827ed0f740d3a8c7e-d
packagefile github.com/adrianmo/go-nmea=/root/.cache/go-build/90/903aa22cbfb276c6eb3bd6318a04120c5fcf9c182f64f70c12edc1cb9197c4c8-d
packagefile github.com/bettercap/bettercap/v2/session=/tmp/go-build29350899/b126/_pkg_.a
packagefile github.com/evilsocket/islazy/str=/root/.cache/go-build/9f/9f2d016df65d0865c72a7a459f03257b337de1d7ce40135c0001d0b47c83b456-d
packagefile github.com/stratoberry/go-gpsd=/tmp/go-build29350899/b329/_pkg_.a
packagefile github.com/tarm/serial=/root/.cache/go-build/a4/a42b908308d6165761539db5c018528031fa3eb4ea1353c1567090a09dcd9dc5-d
packagefile io=/root/.cache/go-build/19/194487409864eb31dab0c57813b847117386f5d18b4d7d5f2ce9a1639c147f14-d
packagefile strconv=/root/.cache/go-build/e5/e5bd11f9b8c60d4473dcb1923861ef465c38a079680d0f4755d3533985e61a72-d
packagefile time=/root/.cache/go-build/82/8293c45673dea5a2afe9dcfcf5d2fe013cbf1ce1f5df0b1b9feb6b7ffcc7af39-d
EOF
/root/go/pkg/mod/golang.org/toolchain@v0.0.1-go1.24.4.linux-amd64/pkg/tool/linux_amd64/compile -o $WORK/b327/_pkg_.a -trimpath "$WORK/b327=>" -p github.com/bettercap/bettercap/v2/modules/gps -lang=go1.23 -complete -buildid iGDGAZZcADQfIXf9JRT0/iGDGAZZcADQfIXf9JRT0 -goversion go1.24.4 -c=4 -shared -nolocalimports -importcfg $WORK/b327/importcfg -pack ./modules/gps/gps.go
/root/go/pkg/mod/golang.org/toolchain@v0.0.1-go1.24.4.linux-amd64/pkg/tool/linux_amd64/buildid -w $WORK/b315/_pkg_.a # internal
cp $WORK/b315/_pkg_.a /root/.cache/go-build/b3/b341f55c3d8f8776878062f6eb45347a6b7f3fff170a7f8ee70fbf96fef95116-d # internal
github.com/bettercap/bettercap/v2/modules/hid
mkdir -p $WORK/b332/
cat >/tmp/go-build29350899/b332/importcfg << 'EOF' # internal
# import config
packagefile encoding/hex=/root/.cache/go-build/88/8894c4977c5ac399a7df03ea49c420d6455b77825225b9d8ef6024dbcba4a317-d
packagefile fmt=/root/.cache/go-build/49/4968b44b691d284d426af1baebb3b3d5752072363ef1bee827ed0f740d3a8c7e-d
packagefile github.com/bettercap/bettercap/v2/modules/utils=/tmp/go-build29350899/b259/_pkg_.a
packagefile github.com/bettercap/bettercap/v2/network=/tmp/go-build29350899/b075/_pkg_.a
packagefile github.com/bettercap/bettercap/v2/session=/tmp/go-build29350899/b126/_pkg_.a
packagefile github.com/bettercap/nrf24=/tmp/go-build29350899/b333/_pkg_.a
packagefile github.com/dustin/go-humanize=/root/.cache/go-build/bd/bdbee98e2175ac89b237136144df8e6b8793a901a1eb46c33ab166345b4e8318-d
packagefile github.com/evilsocket/islazy/fs=/root/.cache/go-build/30/30be4f8ab5fe5182d6e4b848bd9333ee918ad9e1034d33fdc05f808d605e1db1-d
packagefile github.com/evilsocket/islazy/str=/root/.cache/go-build/9f/9f2d016df65d0865c72a7a459f03257b337de1d7ce40135c0001d0b47c83b456-d
packagefile github.com/evilsocket/islazy/tui=/root/.cache/go-build/d0/d0d7ac00e7634e7ee7fb092ea5bedf57881a018cf70567c895796602c7a1812b-d
packagefile github.com/google/gousb=/tmp/go-build29350899/b334/_pkg_.a
packagefile log=/root/.cache/go-build/c4/c4bc63ea92c3c25584ec4fa5395e2d0fbd6315c3a8c220e5814f726d6d98a452-d
packagefile sort=/root/.cache/go-build/ae/aeccec3e3d3df27feaee072f8da3b09c5242572fdb98b11f4cd1d3ffd1718418-d
packagefile strconv=/root/.cache/go-build/e5/e5bd11f9b8c60d4473dcb1923861ef465c38a079680d0f4755d3533985e61a72-d
packagefile strings=/root/.cache/go-build/a9/a97f8a8181a9c583fc013703f277d8f35d080bc38f4420b3e9d5d5ed67b9aa42-d
packagefile sync=/root/.cache/go-build/0e/0e1a7f9e3eb922d751c6afb97f22633a331e2bba16bc1bd4e5ba1542c99f7658-d
packagefile time=/root/.cache/go-build/82/8293c45673dea5a2afe9dcfcf5d2fe013cbf1ce1f5df0b1b9feb6b7ffcc7af39-d
EOF
/root/go/pkg/mod/golang.org/toolchain@v0.0.1-go1.24.4.linux-amd64/pkg/tool/linux_amd64/compile -o $WORK/b332/_pkg_.a -trimpath "$WORK/b332=>" -p github.com/bettercap/bettercap/v2/modules/hid -lang=go1.23 -complete -buildid CjQ0HhPy3o-8LsT2tmqi/CjQ0HhPy3o-8LsT2tmqi -goversion go1.24.4 -c=4 -shared -nolocalimports -importcfg $WORK/b332/importcfg -pack ./modules/hid/build_amazon.go ./modules/hid/build_logitech.go ./modules/hid/build_microsoft.go ./modules/hid/builders.go ./modules/hid/command.go ./modules/hid/duckyparser.go ./modules/hid/hid.go ./modules/hid/hid_inject.go ./modules/hid/hid_recon.go ./modules/hid/hid_show.go ./modules/hid/hid_show_sort.go ./modules/hid/hid_sniff.go ./modules/hid/keymaps.go
/root/go/pkg/mod/golang.org/toolchain@v0.0.1-go1.24.4.linux-amd64/pkg/tool/linux_amd64/buildid -w $WORK/b318/_pkg_.a # internal
cp $WORK/b318/_pkg_.a /root/.cache/go-build/1a/1ae91a71baf181d300bd80261cd6fe7bd04e738cd50713a2834f0357e31cb6f2-d # internal
github.com/bettercap/bettercap/v2/modules/http_proxy
mkdir -p $WORK/b335/
cat >/tmp/go-build29350899/b335/importcfg << 'EOF' # internal
# import config
packagefile bufio=/root/.cache/go-build/29/2913c6577785ada18c0d7f976d489b11544551a3c94b873634ed6654c1acfdf1-d
packagefile bytes=/root/.cache/go-build/8c/8c78606d7559108bcee9cc2c220ab1acb975eb468c7c2ffdcbe7f8fbfde5e0f2-d
packagefile context=/root/.cache/go-build/3e/3e6ab3e7831dc084ecf1e13f2cdb3a9b0c120bd0b859895935cc0b4283700dbb-d
packagefile crypto/tls=/tmp/go-build29350899/b183/_pkg_.a
packagefile crypto/x509=/tmp/go-build29350899/b221/_pkg_.a
packagefile fmt=/root/.cache/go-build/49/4968b44b691d284d426af1baebb3b3d5752072363ef1bee827ed0f740d3a8c7e-d
packagefile github.com/bettercap/bettercap/v2/firewall=/tmp/go-build29350899/b074/_pkg_.a
packagefile github.com/bettercap/bettercap/v2/log=/root/.cache/go-build/15/1587a4c7bc569e9104eed6eaa843646b15463381d1a036260c5db3dbd21acf44-d
packagefile github.com/bettercap/bettercap/v2/modules/dns_spoof=/tmp/go-build29350899/b318/_pkg_.a
packagefile github.com/bettercap/bettercap/v2/network=/tmp/go-build29350899/b075/_pkg_.a
packagefile github.com/bettercap/bettercap/v2/session=/tmp/go-build29350899/b126/_pkg_.a
packagefile github.com/bettercap/bettercap/v2/tls=/tmp/go-build29350899/b251/_pkg_.a
packagefile github.com/elazarl/goproxy=/tmp/go-build29350899/b336/_pkg_.a
packagefile github.com/evilsocket/islazy/fs=/root/.cache/go-build/30/30be4f8ab5fe5182d6e4b848bd9333ee918ad9e1034d33fdc05f808d605e1db1-d
packagefile github.com/evilsocket/islazy/log=/root/.cache/go-build/98/981d6af5b2dca89466c12de3d98aacb702d0e439a2dc66081a8796ba7c60b2c2-d
packagefile github.com/evilsocket/islazy/plugin=/root/.cache/go-build/24/242819aa40adc9f6d950c268dfe94ad681cde36717ebd056841ccb63ac82f69c-d
packagefile github.com/evilsocket/islazy/str=/root/.cache/go-build/9f/9f2d016df65d0865c72a7a459f03257b337de1d7ce40135c0001d0b47c83b456-d
packagefile github.com/evilsocket/islazy/tui=/root/.cache/go-build/d0/d0d7ac00e7634e7ee7fb092ea5bedf57881a018cf70567c895796602c7a1812b-d
packagefile github.com/gopacket/gopacket=/tmp/go-build29350899/b112/_pkg_.a
packagefile github.com/gopacket/gopacket/layers=/tmp/go-build29350899/b113/_pkg_.a
packagefile github.com/gopacket/gopacket/pcap=/tmp/go-build29350899/b116/_pkg_.a
packagefile github.com/inconshreveable/go-vhost=/tmp/go-build29350899/b347/_pkg_.a
packagefile github.com/jpillora/go-tld=/root/.cache/go-build/aa/aa9f1b0e207fd611cf7f404ecb97a07aae1b82a5b65b827f9e44fac701efce4b-d
packagefile github.com/robertkrimen/otto=/root/.cache/go-build/8c/8ca43cbccabb4a1b894017ad70350f91b61be403fe2376c927dd268e9885be0c-d
packagefile golang.org/x/net/idna=/root/.cache/go-build/7a/7adf4fb1e9d00a89e8acade09c6bc9935c5a943ef2384d9762af59ee34c0086a-d
packagefile io=/root/.cache/go-build/19/194487409864eb31dab0c57813b847117386f5d18b4d7d5f2ce9a1639c147f14-d
packagefile io/ioutil=/root/.cache/go-build/15/153a4cb81e2ea154a1d11ab9f2da899742fd42fec6165b372bb8d49a69bb32df-d
packagefile net=/tmp/go-build29350899/b097/_pkg_.a
packagefile net/http=/tmp/go-build29350899/b181/_pkg_.a
packagefile net/url=/root/.cache/go-build/14/14fe89de715018175cfd277768407d0fcd44b22f6463eda49c2a4883a6036b90-d
packagefile path/filepath=/root/.cache/go-build/fb/fb1423b2ddb6a228c5af3670265ac57b0d320637ba764d90e94882b0b0decb7d-d
packagefile regexp=/root/.cache/go-build/be/bed3b499ba0d1d4d2732e9b3e9e1170f062c76346a6050691d11fac54018c80e-d
packagefile strconv=/root/.cache/go-build/e5/e5bd11f9b8c60d4473dcb1923861ef465c38a079680d0f4755d3533985e61a72-d
packagefile strings=/root/.cache/go-build/a9/a97f8a8181a9c583fc013703f277d8f35d080bc38f4420b3e9d5d5ed67b9aa42-d
packagefile sync=/root/.cache/go-build/0e/0e1a7f9e3eb922d751c6afb97f22633a331e2bba16bc1bd4e5ba1542c99f7658-d
packagefile time=/root/.cache/go-build/82/8293c45673dea5a2afe9dcfcf5d2fe013cbf1ce1f5df0b1b9feb6b7ffcc7af39-d
EOF
/root/go/pkg/mod/golang.org/toolchain@v0.0.1-go1.24.4.linux-amd64/pkg/tool/linux_amd64/compile -o $WORK/b335/_pkg_.a -trimpath "$WORK/b335=>" -p github.com/bettercap/bettercap/v2/modules/http_proxy -lang=go1.23 -complete -buildid J8REM_j5YSSFxDPSI6s7/J8REM_j5YSSFxDPSI6s7 -goversion go1.24.4 -c=4 -shared -nolocalimports -importcfg $WORK/b335/importcfg -pack ./modules/http_proxy/http_proxy.go ./modules/http_proxy/http_proxy_base.go ./modules/http_proxy/http_proxy_base_cookietracker.go ./modules/http_proxy/http_proxy_base_filters.go ./modules/http_proxy/http_proxy_base_hosttracker.go ./modules/http_proxy/http_proxy_base_sslstriper.go ./modules/http_proxy/http_proxy_cert_cache.go ./modules/http_proxy/http_proxy_js_request.go ./modules/http_proxy/http_proxy_js_response.go ./modules/http_proxy/http_proxy_script.go
/root/go/pkg/mod/golang.org/toolchain@v0.0.1-go1.24.4.linux-amd64/pkg/tool/linux_amd64/buildid -w $WORK/b258/_pkg_.a # internal
cp $WORK/b258/_pkg_.a /root/.cache/go-build/87/8721cf44ea9490b2519c941e37cd10ecb103b4df60d1d111dcdd32b5d8fecfe7-d # internal
github.com/bettercap/bettercap/v2/modules/http_server
mkdir -p $WORK/b352/
cat >/tmp/go-build29350899/b352/importcfg << 'EOF' # internal
# import config
packagefile context=/root/.cache/go-build/3e/3e6ab3e7831dc084ecf1e13f2cdb3a9b0c120bd0b859895935cc0b4283700dbb-d
packagefile fmt=/root/.cache/go-build/49/4968b44b691d284d426af1baebb3b3d5752072363ef1bee827ed0f740d3a8c7e-d
packagefile github.com/bettercap/bettercap/v2/session=/tmp/go-build29350899/b126/_pkg_.a
packagefile github.com/evilsocket/islazy/tui=/root/.cache/go-build/d0/d0d7ac00e7634e7ee7fb092ea5bedf57881a018cf70567c895796602c7a1812b-d
packagefile net/http=/tmp/go-build29350899/b181/_pkg_.a
packagefile strings=/root/.cache/go-build/a9/a97f8a8181a9c583fc013703f277d8f35d080bc38f4420b3e9d5d5ed67b9aa42-d
packagefile time=/root/.cache/go-build/82/8293c45673dea5a2afe9dcfcf5d2fe013cbf1ce1f5df0b1b9feb6b7ffcc7af39-d
EOF
/root/go/pkg/mod/golang.org/toolchain@v0.0.1-go1.24.4.linux-amd64/pkg/tool/linux_amd64/compile -o $WORK/b352/_pkg_.a -trimpath "$WORK/b352=>" -p github.com/bettercap/bettercap/v2/modules/http_server -lang=go1.23 -complete -buildid 7PfaV1u3T6d34BDbwrna/7PfaV1u3T6d34BDbwrna -goversion go1.24.4 -c=4 -shared -nolocalimports -importcfg $WORK/b352/importcfg -pack ./modules/http_server/http_server.go
/root/go/pkg/mod/golang.org/toolchain@v0.0.1-go1.24.4.linux-amd64/pkg/tool/linux_amd64/buildid -w $WORK/b250/_pkg_.a # internal
/root/go/pkg/mod/golang.org/toolchain@v0.0.1-go1.24.4.linux-amd64/pkg/tool/linux_amd64/buildid -w $WORK/b296/_pkg_.a # internal
cp $WORK/b250/_pkg_.a /root/.cache/go-build/2e/2e8f87095051edb1ee046c31fe9d24b2a3366888846ef2de0aea720d05c6a71c-d # internal
github.com/bettercap/bettercap/v2/modules/https_server
mkdir -p $WORK/b354/
cat >/tmp/go-build29350899/b354/importcfg << 'EOF' # internal
# import config
packagefile context=/root/.cache/go-build/3e/3e6ab3e7831dc084ecf1e13f2cdb3a9b0c120bd0b859895935cc0b4283700dbb-d
packagefile fmt=/root/.cache/go-build/49/4968b44b691d284d426af1baebb3b3d5752072363ef1bee827ed0f740d3a8c7e-d
packagefile github.com/bettercap/bettercap/v2/session=/tmp/go-build29350899/b126/_pkg_.a
packagefile github.com/bettercap/bettercap/v2/tls=/tmp/go-build29350899/b251/_pkg_.a
packagefile github.com/evilsocket/islazy/fs=/root/.cache/go-build/30/30be4f8ab5fe5182d6e4b848bd9333ee918ad9e1034d33fdc05f808d605e1db1-d
packagefile github.com/evilsocket/islazy/tui=/root/.cache/go-build/d0/d0d7ac00e7634e7ee7fb092ea5bedf57881a018cf70567c895796602c7a1812b-d
packagefile net/http=/tmp/go-build29350899/b181/_pkg_.a
packagefile strings=/root/.cache/go-build/a9/a97f8a8181a9c583fc013703f277d8f35d080bc38f4420b3e9d5d5ed67b9aa42-d
packagefile time=/root/.cache/go-build/82/8293c45673dea5a2afe9dcfcf5d2fe013cbf1ce1f5df0b1b9feb6b7ffcc7af39-d
EOF
/root/go/pkg/mod/golang.org/toolchain@v0.0.1-go1.24.4.linux-amd64/pkg/tool/linux_amd64/compile -o $WORK/b354/_pkg_.a -trimpath "$WORK/b354=>" -p github.com/bettercap/bettercap/v2/modules/https_server -lang=go1.23 -complete -buildid 4mpfLXO-isaUgs38HEbj/4mpfLXO-isaUgs38HEbj -goversion go1.24.4 -c=4 -shared -nolocalimports -importcfg $WORK/b354/importcfg -pack ./modules/https_server/https_server.go
cp $WORK/b296/_pkg_.a /root/.cache/go-build/81/81f09fcc53b961333fa30ff750d593830a08cf37e16cceb016a2ff8f5fcc029e-d # internal
github.com/bettercap/bettercap/v2/modules/wifi
mkdir -p $WORK/b295/
cat >/tmp/go-build29350899/b295/importcfg << 'EOF' # internal
# import config
packagefile bufio=/root/.cache/go-build/29/2913c6577785ada18c0d7f976d489b11544551a3c94b873634ed6654c1acfdf1-d
packagefile bytes=/root/.cache/go-build/8c/8c78606d7559108bcee9cc2c220ab1acb975eb468c7c2ffdcbe7f8fbfde5e0f2-d
packagefile errors=/root/.cache/go-build/ef/ef2239267842d9814a8ed571225e5bd1dfefbc9f7396b17f96ded4ca80bb6e0d-d
packagefile fmt=/root/.cache/go-build/49/4968b44b691d284d426af1baebb3b3d5752072363ef1bee827ed0f740d3a8c7e-d
packagefile github.com/bettercap/bettercap/v2/modules/net_recon=/tmp/go-build29350899/b296/_pkg_.a
packagefile github.com/bettercap/bettercap/v2/modules/utils=/tmp/go-build29350899/b259/_pkg_.a
packagefile github.com/bettercap/bettercap/v2/network=/tmp/go-build29350899/b075/_pkg_.a
packagefile github.com/bettercap/bettercap/v2/packets=/tmp/go-build29350899/b240/_pkg_.a
packagefile github.com/bettercap/bettercap/v2/session=/tmp/go-build29350899/b126/_pkg_.a
packagefile github.com/dustin/go-humanize=/root/.cache/go-build/bd/bdbee98e2175ac89b237136144df8e6b8793a901a1eb46c33ab166345b4e8318-d
packagefile github.com/evilsocket/islazy/async=/root/.cache/go-build/b6/b627787ed2e969f415c38d5a17382bad2f8aa8e128774b62149ef37d828140fe-d
packagefile github.com/evilsocket/islazy/fs=/root/.cache/go-build/30/30be4f8ab5fe5182d6e4b848bd9333ee918ad9e1034d33fdc05f808d605e1db1-d
packagefile github.com/evilsocket/islazy/ops=/root/.cache/go-build/e8/e80375a6521f58547abe9c96abc4b4fdb61fb49b9265fca8844e816c5d4b17d0-d
packagefile github.com/evilsocket/islazy/str=/root/.cache/go-build/9f/9f2d016df65d0865c72a7a459f03257b337de1d7ce40135c0001d0b47c83b456-d
packagefile github.com/evilsocket/islazy/tui=/root/.cache/go-build/d0/d0d7ac00e7634e7ee7fb092ea5bedf57881a018cf70567c895796602c7a1812b-d
packagefile github.com/gopacket/gopacket=/tmp/go-build29350899/b112/_pkg_.a
packagefile github.com/gopacket/gopacket/layers=/tmp/go-build29350899/b113/_pkg_.a
packagefile github.com/gopacket/gopacket/pcap=/tmp/go-build29350899/b116/_pkg_.a
packagefile net=/tmp/go-build29350899/b097/_pkg_.a
packagefile os=/root/.cache/go-build/a7/a7bbbbd3ff27efca31bc0028bd35c5d6308c277bde7022d8aa2046ab49d7742f-d
packagefile os/exec=/root/.cache/go-build/2b/2bc1cf68dbf34bbed7e72bf5d54618f44c6d9b9da48868b6de6cae6e09f431ad-d
packagefile path=/root/.cache/go-build/05/052da275ef56179bcfd61946639308391ee11782caacda5802d252d843fcf7f3-d
packagefile regexp=/root/.cache/go-build/be/bed3b499ba0d1d4d2732e9b3e9e1170f062c76346a6050691d11fac54018c80e-d
packagefile slices=/root/.cache/go-build/42/42290b4014724d4b79544a9a096f9279665cbc3d64e4232979eccc89e6ef9b07-d
packagefile sort=/root/.cache/go-build/ae/aeccec3e3d3df27feaee072f8da3b09c5242572fdb98b11f4cd1d3ffd1718418-d
packagefile strconv=/root/.cache/go-build/e5/e5bd11f9b8c60d4473dcb1923861ef465c38a079680d0f4755d3533985e61a72-d
packagefile strings=/root/.cache/go-build/a9/a97f8a8181a9c583fc013703f277d8f35d080bc38f4420b3e9d5d5ed67b9aa42-d
packagefile sync=/root/.cache/go-build/0e/0e1a7f9e3eb922d751c6afb97f22633a331e2bba16bc1bd4e5ba1542c99f7658-d
packagefile sync/atomic=/root/.cache/go-build/bd/bd313e9cacce2e07d790ca0ec028d59e0c24c9770945b7d1fea6e2aa84bb9687-d
packagefile time=/root/.cache/go-build/82/8293c45673dea5a2afe9dcfcf5d2fe013cbf1ce1f5df0b1b9feb6b7ffcc7af39-d
EOF
/root/go/pkg/mod/golang.org/toolchain@v0.0.1-go1.24.4.linux-amd64/pkg/tool/linux_amd64/compile -o $WORK/b295/_pkg_.a -trimpath "$WORK/b295=>" -p github.com/bettercap/bettercap/v2/modules/wifi -lang=go1.23 -complete -buildid WtOxXPEBAltcWM2YIIB-/WtOxXPEBAltcWM2YIIB- -goversion go1.24.4 -c=4 -shared -nolocalimports -importcfg $WORK/b295/importcfg -pack ./modules/wifi/wifi.go ./modules/wifi/wifi_ap.go ./modules/wifi/wifi_assoc.go ./modules/wifi/wifi_bruteforce.go ./modules/wifi/wifi_bruteforce_linux.go ./modules/wifi/wifi_csa.go ./modules/wifi/wifi_deauth.go ./modules/wifi/wifi_events.go ./modules/wifi/wifi_fake_auth.go ./modules/wifi/wifi_hopping.go ./modules/wifi/wifi_inject.go ./modules/wifi/wifi_recon.go ./modules/wifi/wifi_recon_handshakes.go ./modules/wifi/wifi_show.go ./modules/wifi/wifi_show_sort.go
/root/go/pkg/mod/golang.org/toolchain@v0.0.1-go1.24.4.linux-amd64/pkg/tool/linux_amd64/buildid -w $WORK/b327/_pkg_.a # internal
cp $WORK/b327/_pkg_.a /root/.cache/go-build/53/53d1c8edee6b24f4f1bfde1fc5c07040fed996ad6aaacdad63a8af37bd90a4b4-d # internal
github.com/bettercap/bettercap/v2/modules/mac_changer
mkdir -p $WORK/b355/
cat >/tmp/go-build29350899/b355/importcfg << 'EOF' # internal
# import config
packagefile fmt=/root/.cache/go-build/49/4968b44b691d284d426af1baebb3b3d5752072363ef1bee827ed0f740d3a8c7e-d
packagefile github.com/bettercap/bettercap/v2/core=/root/.cache/go-build/e5/e527935001e6a9fe29d8d9bfe5e20913197d4831768491672dc9dddcab97bfb4-d
packagefile github.com/bettercap/bettercap/v2/network=/tmp/go-build29350899/b075/_pkg_.a
packagefile github.com/bettercap/bettercap/v2/session=/tmp/go-build29350899/b126/_pkg_.a
packagefile github.com/evilsocket/islazy/tui=/root/.cache/go-build/d0/d0d7ac00e7634e7ee7fb092ea5bedf57881a018cf70567c895796602c7a1812b-d
packagefile net=/tmp/go-build29350899/b097/_pkg_.a
packagefile runtime=/root/.cache/go-build/09/097865b8e64b1a60e49616b48422bd25c113108e6a4232284431b2b83b82d091-d
packagefile strings=/root/.cache/go-build/a9/a97f8a8181a9c583fc013703f277d8f35d080bc38f4420b3e9d5d5ed67b9aa42-d
EOF
/root/go/pkg/mod/golang.org/toolchain@v0.0.1-go1.24.4.linux-amd64/pkg/tool/linux_amd64/compile -o $WORK/b355/_pkg_.a -trimpath "$WORK/b355=>" -p github.com/bettercap/bettercap/v2/modules/mac_changer -lang=go1.23 -complete -buildid gj9U22tIr_0fnira0MWV/gj9U22tIr_0fnira0MWV -goversion go1.24.4 -c=4 -shared -nolocalimports -importcfg $WORK/b355/importcfg -pack ./modules/mac_changer/mac_changer.go
/root/go/pkg/mod/golang.org/toolchain@v0.0.1-go1.24.4.linux-amd64/pkg/tool/linux_amd64/buildid -w $WORK/b317/_pkg_.a # internal
cp $WORK/b317/_pkg_.a /root/.cache/go-build/d1/d1236ac597de60c1728de1d1265558e96133c390a8ac517866ad821a0ede5385-d # internal
github.com/bettercap/bettercap/v2/modules/mysql_server
mkdir -p $WORK/b356/
cat >/tmp/go-build29350899/b356/importcfg << 'EOF' # internal
# import config
packagefile bufio=/root/.cache/go-build/29/2913c6577785ada18c0d7f976d489b11544551a3c94b873634ed6654c1acfdf1-d
packagefile bytes=/root/.cache/go-build/8c/8c78606d7559108bcee9cc2c220ab1acb975eb468c7c2ffdcbe7f8fbfde5e0f2-d
packagefile fmt=/root/.cache/go-build/49/4968b44b691d284d426af1baebb3b3d5752072363ef1bee827ed0f740d3a8c7e-d
packagefile github.com/bettercap/bettercap/v2/packets=/tmp/go-build29350899/b240/_pkg_.a
packagefile github.com/bettercap/bettercap/v2/session=/tmp/go-build29350899/b126/_pkg_.a
packagefile github.com/evilsocket/islazy/tui=/root/.cache/go-build/d0/d0d7ac00e7634e7ee7fb092ea5bedf57881a018cf70567c895796602c7a1812b-d
packagefile io/ioutil=/root/.cache/go-build/15/153a4cb81e2ea154a1d11ab9f2da899742fd42fec6165b372bb8d49a69bb32df-d
packagefile net=/tmp/go-build29350899/b097/_pkg_.a
packagefile strings=/root/.cache/go-build/a9/a97f8a8181a9c583fc013703f277d8f35d080bc38f4420b3e9d5d5ed67b9aa42-d
EOF
/root/go/pkg/mod/golang.org/toolchain@v0.0.1-go1.24.4.linux-amd64/pkg/tool/linux_amd64/compile -o $WORK/b356/_pkg_.a -trimpath "$WORK/b356=>" -p github.com/bettercap/bettercap/v2/modules/mysql_server -lang=go1.23 -complete -buildid jJ06lqOFbFcIOn6CWeUN/jJ06lqOFbFcIOn6CWeUN -goversion go1.24.4 -c=4 -shared -nolocalimports -importcfg $WORK/b356/importcfg -pack ./modules/mysql_server/mysql_server.go
/root/go/pkg/mod/golang.org/toolchain@v0.0.1-go1.24.4.linux-amd64/pkg/tool/linux_amd64/buildid -w $WORK/b352/_pkg_.a # internal
cp $WORK/b352/_pkg_.a /root/.cache/go-build/d0/d0abaf9d71afaa510e6a798abc466d43dd2043d290cafcc0ae896bcb11bd3300-d # internal
github.com/bettercap/bettercap/v2/modules/ndp_spoof
mkdir -p $WORK/b357/
cat >/tmp/go-build29350899/b357/importcfg << 'EOF' # internal
# import config
packagefile fmt=/root/.cache/go-build/49/4968b44b691d284d426af1baebb3b3d5752072363ef1bee827ed0f740d3a8c7e-d
packagefile github.com/bettercap/bettercap/v2/packets=/tmp/go-build29350899/b240/_pkg_.a
packagefile github.com/bettercap/bettercap/v2/session=/tmp/go-build29350899/b126/_pkg_.a
packagefile github.com/evilsocket/islazy/str=/root/.cache/go-build/9f/9f2d016df65d0865c72a7a459f03257b337de1d7ce40135c0001d0b47c83b456-d
packagefile net=/tmp/go-build29350899/b097/_pkg_.a
packagefile sync=/root/.cache/go-build/0e/0e1a7f9e3eb922d751c6afb97f22633a331e2bba16bc1bd4e5ba1542c99f7658-d
packagefile time=/root/.cache/go-build/82/8293c45673dea5a2afe9dcfcf5d2fe013cbf1ce1f5df0b1b9feb6b7ffcc7af39-d
EOF
/root/go/pkg/mod/golang.org/toolchain@v0.0.1-go1.24.4.linux-amd64/pkg/tool/linux_amd64/compile -o $WORK/b357/_pkg_.a -trimpath "$WORK/b357=>" -p github.com/bettercap/bettercap/v2/modules/ndp_spoof -lang=go1.23 -complete -buildid 6n42en9Gg5LI7KlcoUby/6n42en9Gg5LI7KlcoUby -goversion go1.24.4 -c=4 -shared -nolocalimports -importcfg $WORK/b357/importcfg -pack ./modules/ndp_spoof/ndp_spoof.go
/root/go/pkg/mod/golang.org/toolchain@v0.0.1-go1.24.4.linux-amd64/pkg/tool/linux_amd64/buildid -w $WORK/b354/_pkg_.a # internal
cp $WORK/b354/_pkg_.a /root/.cache/go-build/f9/f949ab1cf775d61abdfb1f8042de1f9edab14c15fbee62ce2a34b4915d961a38-d # internal
github.com/bettercap/bettercap/v2/modules/net_probe
mkdir -p $WORK/b358/
cat >/tmp/go-build29350899/b358/importcfg << 'EOF' # internal
# import config
packagefile fmt=/root/.cache/go-build/49/4968b44b691d284d426af1baebb3b3d5752072363ef1bee827ed0f740d3a8c7e-d
packagefile github.com/bettercap/bettercap/v2/network=/tmp/go-build29350899/b075/_pkg_.a
packagefile github.com/bettercap/bettercap/v2/packets=/tmp/go-build29350899/b240/_pkg_.a
packagefile github.com/bettercap/bettercap/v2/session=/tmp/go-build29350899/b126/_pkg_.a
packagefile github.com/malfunkt/iprange=/tmp/go-build29350899/b122/_pkg_.a
packagefile net=/tmp/go-build29350899/b097/_pkg_.a
packagefile sync=/root/.cache/go-build/0e/0e1a7f9e3eb922d751c6afb97f22633a331e2bba16bc1bd4e5ba1542c99f7658-d
packagefile time=/root/.cache/go-build/82/8293c45673dea5a2afe9dcfcf5d2fe013cbf1ce1f5df0b1b9feb6b7ffcc7af39-d
EOF
/root/go/pkg/mod/golang.org/toolchain@v0.0.1-go1.24.4.linux-amd64/pkg/tool/linux_amd64/compile -o $WORK/b358/_pkg_.a -trimpath "$WORK/b358=>" -p github.com/bettercap/bettercap/v2/modules/net_probe -lang=go1.23 -complete -buildid 7WtrqwvCrEfbjZjP7viW/7WtrqwvCrEfbjZjP7viW -goversion go1.24.4 -c=4 -shared -nolocalimports -importcfg $WORK/b358/importcfg -pack ./modules/net_probe/net_probe.go ./modules/net_probe/net_probe_nbns.go ./modules/net_probe/net_probe_upnp.go ./modules/net_probe/net_probe_wsd.go
/root/go/pkg/mod/golang.org/toolchain@v0.0.1-go1.24.4.linux-amd64/pkg/tool/linux_amd64/buildid -w $WORK/b355/_pkg_.a # internal
cp $WORK/b355/_pkg_.a /root/.cache/go-build/c5/c51bf6536e81b28797f3c0a6c8b17605ec398cd8743e95c20af434d9eccb3afc-d # internal
github.com/bettercap/bettercap/v2/modules/packet_proxy
mkdir -p $WORK/b359/
cat >/tmp/go-build29350899/b359/importcfg << 'EOF' # internal
# import config
packagefile context=/root/.cache/go-build/3e/3e6ab3e7831dc084ecf1e13f2cdb3a9b0c120bd0b859895935cc0b4283700dbb-d
packagefile fmt=/root/.cache/go-build/49/4968b44b691d284d426af1baebb3b3d5752072363ef1bee827ed0f740d3a8c7e-d
packagefile github.com/bettercap/bettercap/v2/core=/root/.cache/go-build/e5/e527935001e6a9fe29d8d9bfe5e20913197d4831768491672dc9dddcab97bfb4-d
packagefile github.com/bettercap/bettercap/v2/session=/tmp/go-build29350899/b126/_pkg_.a
packagefile github.com/evilsocket/islazy/fs=/root/.cache/go-build/30/30be4f8ab5fe5182d6e4b848bd9333ee918ad9e1034d33fdc05f808d605e1db1-d
packagefile github.com/florianl/go-nfqueue/v2=/root/.cache/go-build/1e/1e093af9252f301b708549f067415862be58fa620132b37ff2d573bf7ddc2e14-d
packagefile plugin=/tmp/go-build29350899/b366/_pkg_.a
packagefile strings=/root/.cache/go-build/a9/a97f8a8181a9c583fc013703f277d8f35d080bc38f4420b3e9d5d5ed67b9aa42-d
packagefile syscall=/root/.cache/go-build/9f/9fbc2784e052e081f7bb71ca8dc1412d78e1f7096e7638e201fe827884545be6-d
packagefile time=/root/.cache/go-build/82/8293c45673dea5a2afe9dcfcf5d2fe013cbf1ce1f5df0b1b9feb6b7ffcc7af39-d
EOF
/root/go/pkg/mod/golang.org/toolchain@v0.0.1-go1.24.4.linux-amd64/pkg/tool/linux_amd64/compile -o $WORK/b359/_pkg_.a -trimpath "$WORK/b359=>" -p github.com/bettercap/bettercap/v2/modules/packet_proxy -lang=go1.23 -complete -buildid XA3yPlCsupFmsXXO7AjW/XA3yPlCsupFmsXXO7AjW -goversion go1.24.4 -c=4 -shared -nolocalimports -importcfg $WORK/b359/importcfg -pack ./modules/packet_proxy/packet_proxy_linux.go
/root/go/pkg/mod/golang.org/toolchain@v0.0.1-go1.24.4.linux-amd64/pkg/tool/linux_amd64/buildid -w $WORK/b332/_pkg_.a # internal
cp $WORK/b332/_pkg_.a /root/.cache/go-build/0d/0d6fb71b9b7cd75481215eab6189ec25597f0cc3fa7bae5e828e37d0bc563813-d # internal
github.com/bettercap/bettercap/v2/modules/tcp_proxy
mkdir -p $WORK/b367/
cat >/tmp/go-build29350899/b367/importcfg << 'EOF' # internal
# import config
packagefile encoding/json=/root/.cache/go-build/bd/bde971ea3855d832695652a556a597377b978eacbde032d003254128a1f19cc4-d
packagefile fmt=/root/.cache/go-build/49/4968b44b691d284d426af1baebb3b3d5752072363ef1bee827ed0f740d3a8c7e-d
packagefile github.com/bettercap/bettercap/v2/firewall=/tmp/go-build29350899/b074/_pkg_.a
packagefile github.com/bettercap/bettercap/v2/log=/root/.cache/go-build/15/1587a4c7bc569e9104eed6eaa843646b15463381d1a036260c5db3dbd21acf44-d
packagefile github.com/bettercap/bettercap/v2/session=/tmp/go-build29350899/b126/_pkg_.a
packagefile github.com/evilsocket/islazy/plugin=/root/.cache/go-build/24/242819aa40adc9f6d950c268dfe94ad681cde36717ebd056841ccb63ac82f69c-d
packagefile github.com/robertkrimen/otto=/root/.cache/go-build/8c/8ca43cbccabb4a1b894017ad70350f91b61be403fe2376c927dd268e9885be0c-d
packagefile io=/root/.cache/go-build/19/194487409864eb31dab0c57813b847117386f5d18b4d7d5f2ce9a1639c147f14-d
packagefile net=/tmp/go-build29350899/b097/_pkg_.a
packagefile strings=/root/.cache/go-build/a9/a97f8a8181a9c583fc013703f277d8f35d080bc38f4420b3e9d5d5ed67b9aa42-d
packagefile sync=/root/.cache/go-build/0e/0e1a7f9e3eb922d751c6afb97f22633a331e2bba16bc1bd4e5ba1542c99f7658-d
EOF
/root/go/pkg/mod/golang.org/toolchain@v0.0.1-go1.24.4.linux-amd64/pkg/tool/linux_amd64/compile -o $WORK/b367/_pkg_.a -trimpath "$WORK/b367=>" -p github.com/bettercap/bettercap/v2/modules/tcp_proxy -lang=go1.23 -complete -buildid B9pMYt-zkzuOdcR7kCg6/B9pMYt-zkzuOdcR7kCg6 -goversion go1.24.4 -c=4 -shared -nolocalimports -importcfg $WORK/b367/importcfg -pack ./modules/tcp_proxy/tcp_proxy.go ./modules/tcp_proxy/tcp_proxy_script.go
/root/go/pkg/mod/golang.org/toolchain@v0.0.1-go1.24.4.linux-amd64/pkg/tool/linux_amd64/buildid -w $WORK/b357/_pkg_.a # internal
cp $WORK/b357/_pkg_.a /root/.cache/go-build/b4/b4eb5076ddd90abde2b5d2eb21c009750d4db94aa4809371e96f16b6f10c9123-d # internal
github.com/bettercap/bettercap/v2/modules/ticker
mkdir -p $WORK/b368/
cat >/tmp/go-build29350899/b368/importcfg << 'EOF' # internal
# import config
packagefile errors=/root/.cache/go-build/ef/ef2239267842d9814a8ed571225e5bd1dfefbc9f7396b17f96ded4ca80bb6e0d-d
packagefile github.com/bettercap/bettercap/v2/session=/tmp/go-build29350899/b126/_pkg_.a
packagefile strconv=/root/.cache/go-build/e5/e5bd11f9b8c60d4473dcb1923861ef465c38a079680d0f4755d3533985e61a72-d
packagefile time=/root/.cache/go-build/82/8293c45673dea5a2afe9dcfcf5d2fe013cbf1ce1f5df0b1b9feb6b7ffcc7af39-d
EOF
/root/go/pkg/mod/golang.org/toolchain@v0.0.1-go1.24.4.linux-amd64/pkg/tool/linux_amd64/compile -o $WORK/b368/_pkg_.a -trimpath "$WORK/b368=>" -p github.com/bettercap/bettercap/v2/modules/ticker -lang=go1.23 -complete -buildid 3HkvbOcMYbToi2gwG8XQ/3HkvbOcMYbToi2gwG8XQ -goversion go1.24.4 -c=4 -shared -nolocalimports -importcfg $WORK/b368/importcfg -pack ./modules/ticker/ticker.go
/root/go/pkg/mod/golang.org/toolchain@v0.0.1-go1.24.4.linux-amd64/pkg/tool/linux_amd64/buildid -w $WORK/b358/_pkg_.a # internal
/root/go/pkg/mod/golang.org/toolchain@v0.0.1-go1.24.4.linux-amd64/pkg/tool/linux_amd64/buildid -w $WORK/b297/_pkg_.a # internal
cp $WORK/b358/_pkg_.a /root/.cache/go-build/c0/c085275585eb6795c07bb5b8ed63f634c345a6701819d512772f8a3d0ab9fc5f-d # internal
/root/go/pkg/mod/golang.org/toolchain@v0.0.1-go1.24.4.linux-amd64/pkg/tool/linux_amd64/buildid -w $WORK/b356/_pkg_.a # internal
cp $WORK/b297/_pkg_.a /root/.cache/go-build/6d/6dd94c6154fe283999be95ff528fc71aec4a5afd18b709bb913f012324531704-d # internal
github.com/bettercap/bettercap/v2/modules/update
mkdir -p $WORK/b370/
cat >/tmp/go-build29350899/b370/importcfg << 'EOF' # internal
# import config
packagefile context=/root/.cache/go-build/3e/3e6ab3e7831dc084ecf1e13f2cdb3a9b0c120bd0b859895935cc0b4283700dbb-d
packagefile github.com/bettercap/bettercap/v2/core=/root/.cache/go-build/e5/e527935001e6a9fe29d8d9bfe5e20913197d4831768491672dc9dddcab97bfb4-d
packagefile github.com/bettercap/bettercap/v2/session=/tmp/go-build29350899/b126/_pkg_.a
packagefile github.com/evilsocket/islazy/tui=/root/.cache/go-build/d0/d0d7ac00e7634e7ee7fb092ea5bedf57881a018cf70567c895796602c7a1812b-d
packagefile github.com/google/go-github/github=/root/.cache/go-build/ea/ea747e698808840c20de70d84dbb5637d7f7b78b4c57676cb59bd8a4080c7c5b-d
packagefile math=/root/.cache/go-build/7c/7c38be7a01778ab9303105d335c8729cf15159d637fa5b94ec313585a9bda2b2-d
packagefile strconv=/root/.cache/go-build/e5/e5bd11f9b8c60d4473dcb1923861ef465c38a079680d0f4755d3533985e61a72-d
packagefile strings=/root/.cache/go-build/a9/a97f8a8181a9c583fc013703f277d8f35d080bc38f4420b3e9d5d5ed67b9aa42-d
EOF
/root/go/pkg/mod/golang.org/toolchain@v0.0.1-go1.24.4.linux-amd64/pkg/tool/linux_amd64/compile -o $WORK/b370/_pkg_.a -trimpath "$WORK/b370=>" -p github.com/bettercap/bettercap/v2/modules/update -lang=go1.23 -complete -buildid EVo3MDErpL42x3k1RHw_/EVo3MDErpL42x3k1RHw_ -goversion go1.24.4 -c=4 -shared -nolocalimports -importcfg $WORK/b370/importcfg -pack ./modules/update/update.go
/root/go/pkg/mod/golang.org/toolchain@v0.0.1-go1.24.4.linux-amd64/pkg/tool/linux_amd64/buildid -w $WORK/b335/_pkg_.a # internal
cp $WORK/b356/_pkg_.a /root/.cache/go-build/cb/cb751a097dd936b918626ffa6e7309ec5abc51c8ece75b590eba0794a497be35-d # internal
github.com/bettercap/bettercap/v2/modules/wol
mkdir -p $WORK/b371/
cat >/tmp/go-build29350899/b371/importcfg << 'EOF' # internal
# import config
packagefile fmt=/root/.cache/go-build/49/4968b44b691d284d426af1baebb3b3d5752072363ef1bee827ed0f740d3a8c7e-d
packagefile github.com/bettercap/bettercap/v2/packets=/tmp/go-build29350899/b240/_pkg_.a
packagefile github.com/bettercap/bettercap/v2/session=/tmp/go-build29350899/b126/_pkg_.a
packagefile github.com/evilsocket/islazy/str=/root/.cache/go-build/9f/9f2d016df65d0865c72a7a459f03257b337de1d7ce40135c0001d0b47c83b456-d
packagefile github.com/evilsocket/islazy/tui=/root/.cache/go-build/d0/d0d7ac00e7634e7ee7fb092ea5bedf57881a018cf70567c895796602c7a1812b-d
packagefile github.com/gopacket/gopacket/layers=/tmp/go-build29350899/b113/_pkg_.a
packagefile net=/tmp/go-build29350899/b097/_pkg_.a
packagefile regexp=/root/.cache/go-build/be/bed3b499ba0d1d4d2732e9b3e9e1170f062c76346a6050691d11fac54018c80e-d
EOF
/root/go/pkg/mod/golang.org/toolchain@v0.0.1-go1.24.4.linux-amd64/pkg/tool/linux_amd64/compile -o $WORK/b371/_pkg_.a -trimpath "$WORK/b371=>" -p github.com/bettercap/bettercap/v2/modules/wol -lang=go1.23 -complete -buildid tVu3LlhN_DbSAT7vVLu4/tVu3LlhN_DbSAT7vVLu4 -goversion go1.24.4 -c=4 -shared -nolocalimports -importcfg $WORK/b371/importcfg -pack ./modules/wol/wol.go
cp $WORK/b335/_pkg_.a /root/.cache/go-build/6d/6d63e286ce2de44d92e590607d010adc46e027a735db73095b37bbfbfdf75aa5-d # internal
github.com/bettercap/bettercap/v2/modules/https_proxy
mkdir -p $WORK/b353/
cat >/tmp/go-build29350899/b353/importcfg << 'EOF' # internal
# import config
packagefile github.com/bettercap/bettercap/v2/modules/http_proxy=/tmp/go-build29350899/b335/_pkg_.a
packagefile github.com/bettercap/bettercap/v2/session=/tmp/go-build29350899/b126/_pkg_.a
packagefile github.com/bettercap/bettercap/v2/tls=/tmp/go-build29350899/b251/_pkg_.a
packagefile github.com/evilsocket/islazy/fs=/root/.cache/go-build/30/30be4f8ab5fe5182d6e4b848bd9333ee918ad9e1034d33fdc05f808d605e1db1-d
packagefile github.com/evilsocket/islazy/str=/root/.cache/go-build/9f/9f2d016df65d0865c72a7a459f03257b337de1d7ce40135c0001d0b47c83b456-d
EOF
/root/go/pkg/mod/golang.org/toolchain@v0.0.1-go1.24.4.linux-amd64/pkg/tool/linux_amd64/compile -o $WORK/b353/_pkg_.a -trimpath "$WORK/b353=>" -p github.com/bettercap/bettercap/v2/modules/https_proxy -lang=go1.23 -complete -buildid RdzC1P-YyhyLu3emtCSZ/RdzC1P-YyhyLu3emtCSZ -goversion go1.24.4 -c=4 -shared -nolocalimports -importcfg $WORK/b353/importcfg -pack ./modules/https_proxy/https_proxy.go
/root/go/pkg/mod/golang.org/toolchain@v0.0.1-go1.24.4.linux-amd64/pkg/tool/linux_amd64/buildid -w $WORK/b359/_pkg_.a # internal
cp $WORK/b359/_pkg_.a /root/.cache/go-build/cd/cda8f702373ee51b8c3191739c2cde3a5c61d186a8a7ac990ab6047d98f9c6a7-d # internal
/root/go/pkg/mod/golang.org/toolchain@v0.0.1-go1.24.4.linux-amd64/pkg/tool/linux_amd64/buildid -w $WORK/b367/_pkg_.a # internal
/root/go/pkg/mod/golang.org/toolchain@v0.0.1-go1.24.4.linux-amd64/pkg/tool/linux_amd64/buildid -w $WORK/b368/_pkg_.a # internal
cp $WORK/b368/_pkg_.a /root/.cache/go-build/c8/c8d041bb80df6c964752a5a01a683dd04279e9eb77044e521edfa64db04c3b95-d # internal
cp $WORK/b367/_pkg_.a /root/.cache/go-build/fd/fdfe023ed052c7ffddc29ba919b606b359fcb834d1c01806b31d7763d42df7a1-d # internal
github.com/bettercap/bettercap/v2/modules/ui
mkdir -p $WORK/b369/
cat >/tmp/go-build29350899/b369/importcfg << 'EOF' # internal
# import config
packagefile context=/root/.cache/go-build/3e/3e6ab3e7831dc084ecf1e13f2cdb3a9b0c120bd0b859895935cc0b4283700dbb-d
packagefile embed=/root/.cache/go-build/a2/a27bb79c1d89655620adccb48add73472402cd294c3d85200ab88b4f880a0c16-d
packagefile fmt=/root/.cache/go-build/49/4968b44b691d284d426af1baebb3b3d5752072363ef1bee827ed0f740d3a8c7e-d
packagefile github.com/bettercap/bettercap/v2/session=/tmp/go-build29350899/b126/_pkg_.a
packagefile io/fs=/root/.cache/go-build/e8/e83c2ce9c200dbec04b741d4a2b9e323e610216d7962f2e3c5bdd7e004b75fab-d
packagefile net/http=/tmp/go-build29350899/b181/_pkg_.a
packagefile time=/root/.cache/go-build/82/8293c45673dea5a2afe9dcfcf5d2fe013cbf1ce1f5df0b1b9feb6b7ffcc7af39-d
EOF
cat >/tmp/go-build29350899/b369/embedcfg << 'EOF' # internal
{
	"Patterns": {
		"ui": [
			"ui/assets/fontawesome/LICENSE.txt",
			"ui/assets/fontawesome/css/all.css",
			"ui/assets/fontawesome/css/all.min.css",
			"ui/assets/fontawesome/css/brands.css",
			"ui/assets/fontawesome/css/brands.min.css",
			"ui/assets/fontawesome/css/fontawesome.css",
			"ui/assets/fontawesome/css/fontawesome.min.css",
			"ui/assets/fontawesome/css/regular.css",
			"ui/assets/fontawesome/css/regular.min.css",
			"ui/assets/fontawesome/css/solid.css",
			"ui/assets/fontawesome/css/solid.min.css",
			"ui/assets/fontawesome/css/svg-with-js.css",
			"ui/assets/fontawesome/css/svg-with-js.min.css",
			"ui/assets/fontawesome/css/v4-shims.css",
			"ui/assets/fontawesome/css/v4-shims.min.css",
			"ui/assets/fontawesome/js/all.js",
			"ui/assets/fontawesome/js/all.min.js",
			"ui/assets/fontawesome/js/brands.js",
			"ui/assets/fontawesome/js/brands.min.js",
			"ui/assets/fontawesome/js/fontawesome.js",
			"ui/assets/fontawesome/js/fontawesome.min.js",
			"ui/assets/fontawesome/js/regular.js",
			"ui/assets/fontawesome/js/regular.min.js",
			"ui/assets/fontawesome/js/solid.js",
			"ui/assets/fontawesome/js/solid.min.js",
			"ui/assets/fontawesome/js/v4-shims.js",
			"ui/assets/fontawesome/js/v4-shims.min.js",
			"ui/assets/fontawesome/less/brands.less",
			"ui/assets/fontawesome/less/fontawesome.less",
			"ui/assets/fontawesome/less/regular.less",
			"ui/assets/fontawesome/less/solid.less",
			"ui/assets/fontawesome/less/v4-shims.less",
			"ui/assets/fontawesome/metadata/categories.yml",
			"ui/assets/fontawesome/metadata/icons.json",
			"ui/assets/fontawesome/metadata/icons.yml",
			"ui/assets/fontawesome/metadata/shims.json",
			"ui/assets/fontawesome/metadata/shims.yml",
			"ui/assets/fontawesome/metadata/sponsors.yml",
			"ui/assets/fontawesome/scss/brands.scss",
			"ui/assets/fontawesome/scss/fontawesome.scss",
			"ui/assets/fontawesome/scss/regular.scss",
			"ui/assets/fontawesome/scss/solid.scss",
			"ui/assets/fontawesome/scss/v4-shims.scss",
			"ui/assets/fontawesome/sprites/brands.svg",
			"ui/assets/fontawesome/sprites/regular.svg",
			"ui/assets/fontawesome/sprites/solid.svg",
			"ui/assets/fontawesome/svgs/brands/500px.svg",
			"ui/assets/fontawesome/svgs/brands/accessible-icon.svg",
			"ui/assets/fontawesome/svgs/brands/accusoft.svg",
			"ui/assets/fontawesome/svgs/brands/acquisitions-incorporated.svg",
			"ui/assets/fontawesome/svgs/brands/adn.svg",
			"ui/assets/fontawesome/svgs/brands/adobe.svg",
			"ui/assets/fontawesome/svgs/brands/adversal.svg",
			"ui/assets/fontawesome/svgs/brands/affiliatetheme.svg",
			"ui/assets/fontawesome/svgs/brands/airbnb.svg",
			"ui/assets/fontawesome/svgs/brands/algolia.svg",
			"ui/assets/fontawesome/svgs/brands/alipay.svg",
			"ui/assets/fontawesome/svgs/brands/amazon-pay.svg",
			"ui/assets/fontawesome/svgs/brands/amazon.svg",
			"ui/assets/fontawesome/svgs/brands/amilia.svg",
			"ui/assets/fontawesome/svgs/brands/android.svg",
			"ui/assets/fontawesome/svgs/brands/angellist.svg",
			"ui/assets/fontawesome/svgs/brands/angrycreative.svg",
			"ui/assets/fontawesome/svgs/brands/angular.svg",
			"ui/assets/fontawesome/svgs/brands/app-store-ios.svg",
			"ui/assets/fontawesome/svgs/brands/app-store.svg",
			"ui/assets/fontawesome/svgs/brands/apper.svg",
			"ui/assets/fontawesome/svgs/brands/apple-pay.svg",
			"ui/assets/fontawesome/svgs/brands/apple.svg",
			"ui/assets/fontawesome/svgs/brands/artstation.svg",
			"ui/assets/fontawesome/svgs/brands/asymmetrik.svg",
			"ui/assets/fontawesome/svgs/brands/atlassian.svg",
			"ui/assets/fontawesome/svgs/brands/audible.svg",
			"ui/assets/fontawesome/svgs/brands/autoprefixer.svg",
			"ui/assets/fontawesome/svgs/brands/avianex.svg",
			"ui/assets/fontawesome/svgs/brands/aviato.svg",
			"ui/assets/fontawesome/svgs/brands/aws.svg",
			"ui/assets/fontawesome/svgs/brands/bandcamp.svg",
			"ui/assets/fontawesome/svgs/brands/battle-net.svg",
			"ui/assets/fontawesome/svgs/brands/behance-square.svg",
			"ui/assets/fontawesome/svgs/brands/behance.svg",
			"ui/assets/fontawesome/svgs/brands/bimobject.svg",
			"ui/assets/fontawesome/svgs/brands/bitbucket.svg",
			"ui/assets/fontawesome/svgs/brands/bitcoin.svg",
			"ui/assets/fontawesome/svgs/brands/bity.svg",
			"ui/assets/fontawesome/svgs/brands/black-tie.svg",
			"ui/assets/fontawesome/svgs/brands/blackberry.svg",
			"ui/assets/fontawesome/svgs/brands/blogger-b.svg",
			"ui/assets/fontawesome/svgs/brands/blogger.svg",
			"ui/assets/fontawesome/svgs/brands/bluetooth-b.svg",
			"ui/assets/fontawesome/svgs/brands/bluetooth.svg",
			"ui/assets/fontawesome/svgs/brands/bootstrap.svg",
			"ui/assets/fontawesome/svgs/brands/btc.svg",
			"ui/assets/fontawesome/svgs/brands/buffer.svg",
			"ui/assets/fontawesome/svgs/brands/buromobelexperte.svg",
			"ui/assets/fontawesome/svgs/brands/buysellads.svg",
			"ui/assets/fontawesome/svgs/brands/canadian-maple-leaf.svg",
			"ui/assets/fontawesome/svgs/brands/cc-amazon-pay.svg",
			"ui/assets/fontawesome/svgs/brands/cc-amex.svg",
			"ui/assets/fontawesome/svgs/brands/cc-apple-pay.svg",
			"ui/assets/fontawesome/svgs/brands/cc-diners-club.svg",
			"ui/assets/fontawesome/svgs/brands/cc-discover.svg",
			"ui/assets/fontawesome/svgs/brands/cc-jcb.svg",
			"ui/assets/fontawesome/svgs/brands/cc-mastercard.svg",
			"ui/assets/fontawesome/svgs/brands/cc-paypal.svg",
			"ui/assets/fontawesome/svgs/brands/cc-stripe.svg",
			"ui/assets/fontawesome/svgs/brands/cc-visa.svg",
			"ui/assets/fontawesome/svgs/brands/centercode.svg",
			"ui/assets/fontawesome/svgs/brands/centos.svg",
			"ui/assets/fontawesome/svgs/brands/chrome.svg",
			"ui/assets/fontawesome/svgs/brands/chromecast.svg",
			"ui/assets/fontawesome/svgs/brands/cloudscale.svg",
			"ui/assets/fontawesome/svgs/brands/cloudsmith.svg",
			"ui/assets/fontawesome/svgs/brands/cloudversify.svg",
			"ui/assets/fontawesome/svgs/brands/codepen.svg",
			"ui/assets/fontawesome/svgs/brands/codiepie.svg",
			"ui/assets/fontawesome/svgs/brands/confluence.svg",
			"ui/assets/fontawesome/svgs/brands/connectdevelop.svg",
			"ui/assets/fontawesome/svgs/brands/contao.svg",
			"ui/assets/fontawesome/svgs/brands/cpanel.svg",
			"ui/assets/fontawesome/svgs/brands/creative-commons-by.svg",
			"ui/assets/fontawesome/svgs/brands/creative-commons-nc-eu.svg",
			"ui/assets/fontawesome/svgs/brands/creative-commons-nc-jp.svg",
			"ui/assets/fontawesome/svgs/brands/creative-commons-nc.svg",
			"ui/assets/fontawesome/svgs/brands/creative-commons-nd.svg",
			"ui/assets/fontawesome/svgs/brands/creative-commons-pd-alt.svg",
			"ui/assets/fontawesome/svgs/brands/creative-commons-pd.svg",
			"ui/assets/fontawesome/svgs/brands/creative-commons-remix.svg",
			"ui/assets/fontawesome/svgs/brands/creative-commons-sa.svg",
			"ui/assets/fontawesome/svgs/brands/creative-commons-sampling-plus.svg",
			"ui/assets/fontawesome/svgs/brands/creative-commons-sampling.svg",
			"ui/assets/fontawesome/svgs/brands/creative-commons-share.svg",
			"ui/assets/fontawesome/svgs/brands/creative-commons-zero.svg",
			"ui/assets/fontawesome/svgs/brands/creative-commons.svg",
			"ui/assets/fontawesome/svgs/brands/critical-role.svg",
			"ui/assets/fontawesome/svgs/brands/css3-alt.svg",
			"ui/assets/fontawesome/svgs/brands/css3.svg",
			"ui/assets/fontawesome/svgs/brands/cuttlefish.svg",
			"ui/assets/fontawesome/svgs/brands/d-and-d-beyond.svg",
			"ui/assets/fontawesome/svgs/brands/d-and-d.svg",
			"ui/assets/fontawesome/svgs/brands/dashcube.svg",
			"ui/assets/fontawesome/svgs/brands/delicious.svg",
			"ui/assets/fontawesome/svgs/brands/deploydog.svg",
			"ui/assets/fontawesome/svgs/brands/deskpro.svg",
			"ui/assets/fontawesome/svgs/brands/dev.svg",
			"ui/assets/fontawesome/svgs/brands/deviantart.svg",
			"ui/assets/fontawesome/svgs/brands/dhl.svg",
			"ui/assets/fontawesome/svgs/brands/diaspora.svg",
			"ui/assets/fontawesome/svgs/brands/digg.svg",
			"ui/assets/fontawesome/svgs/brands/digital-ocean.svg",
			"ui/assets/fontawesome/svgs/brands/discord.svg",
			"ui/assets/fontawesome/svgs/brands/discourse.svg",
			"ui/assets/fontawesome/svgs/brands/dochub.svg",
			"ui/assets/fontawesome/svgs/brands/docker.svg",
			"ui/assets/fontawesome/svgs/brands/draft2digital.svg",
			"ui/assets/fontawesome/svgs/brands/dribbble-square.svg",
			"ui/assets/fontawesome/svgs/brands/dribbble.svg",
			"ui/assets/fontawesome/svgs/brands/dropbox.svg",
			"ui/assets/fontawesome/svgs/brands/drupal.svg",
			"ui/assets/fontawesome/svgs/brands/dyalog.svg",
			"ui/assets/fontawesome/svgs/brands/earlybirds.svg",
			"ui/assets/fontawesome/svgs/brands/ebay.svg",
			"ui/assets/fontawesome/svgs/brands/edge.svg",
			"ui/assets/fontawesome/svgs/brands/elementor.svg",
			"ui/assets/fontawesome/svgs/brands/ello.svg",
			"ui/assets/fontawesome/svgs/brands/ember.svg",
			"ui/assets/fontawesome/svgs/brands/empire.svg",
			"ui/assets/fontawesome/svgs/brands/envira.svg",
			"ui/assets/fontawesome/svgs/brands/erlang.svg",
			"ui/assets/fontawesome/svgs/brands/ethereum.svg",
			"ui/assets/fontawesome/svgs/brands/etsy.svg",
			"ui/assets/fontawesome/svgs/brands/evernote.svg",
			"ui/assets/fontawesome/svgs/brands/expeditedssl.svg",
			"ui/assets/fontawesome/svgs/brands/facebook-f.svg",
			"ui/assets/fontawesome/svgs/brands/facebook-messenger.svg",
			"ui/assets/fontawesome/svgs/brands/facebook-square.svg",
			"ui/assets/fontawesome/svgs/brands/facebook.svg",
			"ui/assets/fontawesome/svgs/brands/fantasy-flight-games.svg",
			"ui/assets/fontawesome/svgs/brands/fedex.svg",
			"ui/assets/fontawesome/svgs/brands/fedora.svg",
			"ui/assets/fontawesome/svgs/brands/figma.svg",
			"ui/assets/fontawesome/svgs/brands/firefox.svg",
			"ui/assets/fontawesome/svgs/brands/first-order-alt.svg",
			"ui/assets/fontawesome/svgs/brands/first-order.svg",
			"ui/assets/fontawesome/svgs/brands/firstdraft.svg",
			"ui/assets/fontawesome/svgs/brands/flickr.svg",
			"ui/assets/fontawesome/svgs/brands/flipboard.svg",
			"ui/assets/fontawesome/svgs/brands/fly.svg",
			"ui/assets/fontawesome/svgs/brands/font-awesome-alt.svg",
			"ui/assets/fontawesome/svgs/brands/font-awesome-flag.svg",
			"ui/assets/fontawesome/svgs/brands/font-awesome-logo-full.svg",
			"ui/assets/fontawesome/svgs/brands/font-awesome.svg",
			"ui/assets/fontawesome/svgs/brands/fonticons-fi.svg",
			"ui/assets/fontawesome/svgs/brands/fonticons.svg",
			"ui/assets/fontawesome/svgs/brands/fort-awesome-alt.svg",
			"ui/assets/fontawesome/svgs/brands/fort-awesome.svg",
			"ui/assets/fontawesome/svgs/brands/forumbee.svg",
			"ui/assets/fontawesome/svgs/brands/foursquare.svg",
			"ui/assets/fontawesome/svgs/brands/free-code-camp.svg",
			"ui/assets/fontawesome/svgs/brands/freebsd.svg",
			"ui/assets/fontawesome/svgs/brands/fulcrum.svg",
			"ui/assets/fontawesome/svgs/brands/galactic-republic.svg",
			"ui/assets/fontawesome/svgs/brands/galactic-senate.svg",
			"ui/assets/fontawesome/svgs/brands/get-pocket.svg",
			"ui/assets/fontawesome/svgs/brands/gg-circle.svg",
			"ui/assets/fontawesome/svgs/brands/gg.svg",
			"ui/assets/fontawesome/svgs/brands/git-square.svg",
			"ui/assets/fontawesome/svgs/brands/git.svg",
			"ui/assets/fontawesome/svgs/brands/github-alt.svg",
			"ui/assets/fontawesome/svgs/brands/github-square.svg",
			"ui/assets/fontawesome/svgs/brands/github.svg",
			"ui/assets/fontawesome/svgs/brands/gitkraken.svg",
			"ui/assets/fontawesome/svgs/brands/gitlab.svg",
			"ui/assets/fontawesome/svgs/brands/gitter.svg",
			"ui/assets/fontawesome/svgs/brands/glide-g.svg",
			"ui/assets/fontawesome/svgs/brands/glide.svg",
			"ui/assets/fontawesome/svgs/brands/gofore.svg",
			"ui/assets/fontawesome/svgs/brands/goodreads-g.svg",
			"ui/assets/fontawesome/svgs/brands/goodreads.svg",
			"ui/assets/fontawesome/svgs/brands/google-drive.svg",
			"ui/assets/fontawesome/svgs/brands/google-play.svg",
			"ui/assets/fontawesome/svgs/brands/google-plus-g.svg",
			"ui/assets/fontawesome/svgs/brands/google-plus-square.svg",
			"ui/assets/fontawesome/svgs/brands/google-plus.svg",
			"ui/assets/fontawesome/svgs/brands/google-wallet.svg",
			"ui/assets/fontawesome/svgs/brands/google.svg",
			"ui/assets/fontawesome/svgs/brands/gratipay.svg",
			"ui/assets/fontawesome/svgs/brands/grav.svg",
			"ui/assets/fontawesome/svgs/brands/gripfire.svg",
			"ui/assets/fontawesome/svgs/brands/grunt.svg",
			"ui/assets/fontawesome/svgs/brands/gulp.svg",
			"ui/assets/fontawesome/svgs/brands/hacker-news-square.svg",
			"ui/assets/fontawesome/svgs/brands/hacker-news.svg",
			"ui/assets/fontawesome/svgs/brands/hackerrank.svg",
			"ui/assets/fontawesome/svgs/brands/hips.svg",
			"ui/assets/fontawesome/svgs/brands/hire-a-helper.svg",
			"ui/assets/fontawesome/svgs/brands/hooli.svg",
			"ui/assets/fontawesome/svgs/brands/hornbill.svg",
			"ui/assets/fontawesome/svgs/brands/hotjar.svg",
			"ui/assets/fontawesome/svgs/brands/houzz.svg",
			"ui/assets/fontawesome/svgs/brands/html5.svg",
			"ui/assets/fontawesome/svgs/brands/hubspot.svg",
			"ui/assets/fontawesome/svgs/brands/imdb.svg",
			"ui/assets/fontawesome/svgs/brands/instagram.svg",
			"ui/assets/fontawesome/svgs/brands/intercom.svg",
			"ui/assets/fontawesome/svgs/brands/internet-explorer.svg",
			"ui/assets/fontawesome/svgs/brands/invision.svg",
			"ui/assets/fontawesome/svgs/brands/ioxhost.svg",
			"ui/assets/fontawesome/svgs/brands/itch-io.svg",
			"ui/assets/fontawesome/svgs/brands/itunes-note.svg",
			"ui/assets/fontawesome/svgs/brands/itunes.svg",
			"ui/assets/fontawesome/svgs/brands/java.svg",
			"ui/assets/fontawesome/svgs/brands/jedi-order.svg",
			"ui/assets/fontawesome/svgs/brands/jenkins.svg",
			"ui/assets/fontawesome/svgs/brands/jira.svg",
			"ui/assets/fontawesome/svgs/brands/joget.svg",
			"ui/assets/fontawesome/svgs/brands/joomla.svg",
			"ui/assets/fontawesome/svgs/brands/js-square.svg",
			"ui/assets/fontawesome/svgs/brands/js.svg",
			"ui/assets/fontawesome/svgs/brands/jsfiddle.svg",
			"ui/assets/fontawesome/svgs/brands/kaggle.svg",
			"ui/assets/fontawesome/svgs/brands/keybase.svg",
			"ui/assets/fontawesome/svgs/brands/keycdn.svg",
			"ui/assets/fontawesome/svgs/brands/kickstarter-k.svg",
			"ui/assets/fontawesome/svgs/brands/kickstarter.svg",
			"ui/assets/fontawesome/svgs/brands/korvue.svg",
			"ui/assets/fontawesome/svgs/brands/laravel.svg",
			"ui/assets/fontawesome/svgs/brands/lastfm-square.svg",
			"ui/assets/fontawesome/svgs/brands/lastfm.svg",
			"ui/assets/fontawesome/svgs/brands/leanpub.svg",
			"ui/assets/fontawesome/svgs/brands/less.svg",
			"ui/assets/fontawesome/svgs/brands/line.svg",
			"ui/assets/fontawesome/svgs/brands/linkedin-in.svg",
			"ui/assets/fontawesome/svgs/brands/linkedin.svg",
			"ui/assets/fontawesome/svgs/brands/linode.svg",
			"ui/assets/fontawesome/svgs/brands/linux.svg",
			"ui/assets/fontawesome/svgs/brands/lyft.svg",
			"ui/assets/fontawesome/svgs/brands/magento.svg",
			"ui/assets/fontawesome/svgs/brands/mailchimp.svg",
			"ui/assets/fontawesome/svgs/brands/mandalorian.svg",
			"ui/assets/fontawesome/svgs/brands/markdown.svg",
			"ui/assets/fontawesome/svgs/brands/mastodon.svg",
			"ui/assets/fontawesome/svgs/brands/maxcdn.svg",
			"ui/assets/fontawesome/svgs/brands/medapps.svg",
			"ui/assets/fontawesome/svgs/brands/medium-m.svg",
			"ui/assets/fontawesome/svgs/brands/medium.svg",
			"ui/assets/fontawesome/svgs/brands/medrt.svg",
			"ui/assets/fontawesome/svgs/brands/meetup.svg",
			"ui/assets/fontawesome/svgs/brands/megaport.svg",
			"ui/assets/fontawesome/svgs/brands/mendeley.svg",
			"ui/assets/fontawesome/svgs/brands/microsoft.svg",
			"ui/assets/fontawesome/svgs/brands/mix.svg",
			"ui/assets/fontawesome/svgs/brands/mixcloud.svg",
			"ui/assets/fontawesome/svgs/brands/mizuni.svg",
			"ui/assets/fontawesome/svgs/brands/modx.svg",
			"ui/assets/fontawesome/svgs/brands/monero.svg",
			"ui/assets/fontawesome/svgs/brands/napster.svg",
			"ui/assets/fontawesome/svgs/brands/neos.svg",
			"ui/assets/fontawesome/svgs/brands/nimblr.svg",
			"ui/assets/fontawesome/svgs/brands/nintendo-switch.svg",
			"ui/assets/fontawesome/svgs/brands/node-js.svg",
			"ui/assets/fontawesome/svgs/brands/node.svg",
			"ui/assets/fontawesome/svgs/brands/npm.svg",
			"ui/assets/fontawesome/svgs/brands/ns8.svg",
			"ui/assets/fontawesome/svgs/brands/nutritionix.svg",
			"ui/assets/fontawesome/svgs/brands/odnoklassniki-square.svg",
			"ui/assets/fontawesome/svgs/brands/odnoklassniki.svg",
			"ui/assets/fontawesome/svgs/brands/old-republic.svg",
			"ui/assets/fontawesome/svgs/brands/opencart.svg",
			"ui/assets/fontawesome/svgs/brands/openid.svg",
			"ui/assets/fontawesome/svgs/brands/opera.svg",
			"ui/assets/fontawesome/svgs/brands/optin-monster.svg",
			"ui/assets/fontawesome/svgs/brands/osi.svg",
			"ui/assets/fontawesome/svgs/brands/page4.svg",
			"ui/assets/fontawesome/svgs/brands/pagelines.svg",
			"ui/assets/fontawesome/svgs/brands/palfed.svg",
			"ui/assets/fontawesome/svgs/brands/patreon.svg",
			"ui/assets/fontawesome/svgs/brands/paypal.svg",
			"ui/assets/fontawesome/svgs/brands/penny-arcade.svg",
			"ui/assets/fontawesome/svgs/brands/periscope.svg",
			"ui/assets/fontawesome/svgs/brands/phabricator.svg",
			"ui/assets/fontawesome/svgs/brands/phoenix-framework.svg",
			"ui/assets/fontawesome/svgs/brands/phoenix-squadron.svg",
			"ui/assets/fontawesome/svgs/brands/php.svg",
			"ui/assets/fontawesome/svgs/brands/pied-piper-alt.svg",
			"ui/assets/fontawesome/svgs/brands/pied-piper-hat.svg",
			"ui/assets/fontawesome/svgs/brands/pied-piper-pp.svg",
			"ui/assets/fontawesome/svgs/brands/pied-piper.svg",
			"ui/assets/fontawesome/svgs/brands/pinterest-p.svg",
			"ui/assets/fontawesome/svgs/brands/pinterest-square.svg",
			"ui/assets/fontawesome/svgs/brands/pinterest.svg",
			"ui/assets/fontawesome/svgs/brands/playstation.svg",
			"ui/assets/fontawesome/svgs/brands/product-hunt.svg",
			"ui/assets/fontawesome/svgs/brands/pushed.svg",
			"ui/assets/fontawesome/svgs/brands/python.svg",
			"ui/assets/fontawesome/svgs/brands/qq.svg",
			"ui/assets/fontawesome/svgs/brands/quinscape.svg",
			"ui/assets/fontawesome/svgs/brands/quora.svg",
			"ui/assets/fontawesome/svgs/brands/r-project.svg",
			"ui/assets/fontawesome/svgs/brands/raspberry-pi.svg",
			"ui/assets/fontawesome/svgs/brands/ravelry.svg",
			"ui/assets/fontawesome/svgs/brands/react.svg",
			"ui/assets/fontawesome/svgs/brands/reacteurope.svg",
			"ui/assets/fontawesome/svgs/brands/readme.svg",
			"ui/assets/fontawesome/svgs/brands/rebel.svg",
			"ui/assets/fontawesome/svgs/brands/red-river.svg",
			"ui/assets/fontawesome/svgs/brands/reddit-alien.svg",
			"ui/assets/fontawesome/svgs/brands/reddit-square.svg",
			"ui/assets/fontawesome/svgs/brands/reddit.svg",
			"ui/assets/fontawesome/svgs/brands/redhat.svg",
			"ui/assets/fontawesome/svgs/brands/renren.svg",
			"ui/assets/fontawesome/svgs/brands/replyd.svg",
			"ui/assets/fontawesome/svgs/brands/researchgate.svg",
			"ui/assets/fontawesome/svgs/brands/resolving.svg",
			"ui/assets/fontawesome/svgs/brands/rev.svg",
			"ui/assets/fontawesome/svgs/brands/rocketchat.svg",
			"ui/assets/fontawesome/svgs/brands/rockrms.svg",
			"ui/assets/fontawesome/svgs/brands/safari.svg",
			"ui/assets/fontawesome/svgs/brands/salesforce.svg",
			"ui/assets/fontawesome/svgs/brands/sass.svg",
			"ui/assets/fontawesome/svgs/brands/schlix.svg",
			"ui/assets/fontawesome/svgs/brands/scribd.svg",
			"ui/assets/fontawesome/svgs/brands/searchengin.svg",
			"ui/assets/fontawesome/svgs/brands/sellcast.svg",
			"ui/assets/fontawesome/svgs/brands/sellsy.svg",
			"ui/assets/fontawesome/svgs/brands/servicestack.svg",
			"ui/assets/fontawesome/svgs/brands/shirtsinbulk.svg",
			"ui/assets/fontawesome/svgs/brands/shopware.svg",
			"ui/assets/fontawesome/svgs/brands/simplybuilt.svg",
			"ui/assets/fontawesome/svgs/brands/sistrix.svg",
			"ui/assets/fontawesome/svgs/brands/sith.svg",
			"ui/assets/fontawesome/svgs/brands/sketch.svg",
			"ui/assets/fontawesome/svgs/brands/skyatlas.svg",
			"ui/assets/fontawesome/svgs/brands/skype.svg",
			"ui/assets/fontawesome/svgs/brands/slack-hash.svg",
			"ui/assets/fontawesome/svgs/brands/slack.svg",
			"ui/assets/fontawesome/svgs/brands/slideshare.svg",
			"ui/assets/fontawesome/svgs/brands/snapchat-ghost.svg",
			"ui/assets/fontawesome/svgs/brands/snapchat-square.svg",
			"ui/assets/fontawesome/svgs/brands/snapchat.svg",
			"ui/assets/fontawesome/svgs/brands/soundcloud.svg",
			"ui/assets/fontawesome/svgs/brands/sourcetree.svg",
			"ui/assets/fontawesome/svgs/brands/speakap.svg",
			"ui/assets/fontawesome/svgs/brands/speaker-deck.svg",
			"ui/assets/fontawesome/svgs/brands/spotify.svg",
			"ui/assets/fontawesome/svgs/brands/squarespace.svg",
			"ui/assets/fontawesome/svgs/brands/stack-exchange.svg",
			"ui/assets/fontawesome/svgs/brands/stack-overflow.svg",
			"ui/assets/fontawesome/svgs/brands/staylinked.svg",
			"ui/assets/fontawesome/svgs/brands/steam-square.svg",
			"ui/assets/fontawesome/svgs/brands/steam-symbol.svg",
			"ui/assets/fontawesome/svgs/brands/steam.svg",
			"ui/assets/fontawesome/svgs/brands/sticker-mule.svg",
			"ui/assets/fontawesome/svgs/brands/strava.svg",
			"ui/assets/fontawesome/svgs/brands/stripe-s.svg",
			"ui/assets/fontawesome/svgs/brands/stripe.svg",
			"ui/assets/fontawesome/svgs/brands/studiovinari.svg",
			"ui/assets/fontawesome/svgs/brands/stumbleupon-circle.svg",
			"ui/assets/fontawesome/svgs/brands/stumbleupon.svg",
			"ui/assets/fontawesome/svgs/brands/superpowers.svg",
			"ui/assets/fontawesome/svgs/brands/supple.svg",
			"ui/assets/fontawesome/svgs/brands/suse.svg",
			"ui/assets/fontawesome/svgs/brands/symfony.svg",
			"ui/assets/fontawesome/svgs/brands/teamspeak.svg",
			"ui/assets/fontawesome/svgs/brands/telegram-plane.svg",
			"ui/assets/fontawesome/svgs/brands/telegram.svg",
			"ui/assets/fontawesome/svgs/brands/tencent-weibo.svg",
			"ui/assets/fontawesome/svgs/brands/the-red-yeti.svg",
			"ui/assets/fontawesome/svgs/brands/themeco.svg",
			"ui/assets/fontawesome/svgs/brands/themeisle.svg",
			"ui/assets/fontawesome/svgs/brands/think-peaks.svg",
			"ui/assets/fontawesome/svgs/brands/trade-federation.svg",
			"ui/assets/fontawesome/svgs/brands/trello.svg",
			"ui/assets/fontawesome/svgs/brands/tripadvisor.svg",
			"ui/assets/fontawesome/svgs/brands/tumblr-square.svg",
			"ui/assets/fontawesome/svgs/brands/tumblr.svg",
			"ui/assets/fontawesome/svgs/brands/twitch.svg",
			"ui/assets/fontawesome/svgs/brands/twitter-square.svg",
			"ui/assets/fontawesome/svgs/brands/twitter.svg",
			"ui/assets/fontawesome/svgs/brands/typo3.svg",
			"ui/assets/fontawesome/svgs/brands/uber.svg",
			"ui/assets/fontawesome/svgs/brands/ubuntu.svg",
			"ui/assets/fontawesome/svgs/brands/uikit.svg",
			"ui/assets/fontawesome/svgs/brands/uniregistry.svg",
			"ui/assets/fontawesome/svgs/brands/untappd.svg",
			"ui/assets/fontawesome/svgs/brands/ups.svg",
			"ui/assets/fontawesome/svgs/brands/usb.svg",
			"ui/assets/fontawesome/svgs/brands/usps.svg",
			"ui/assets/fontawesome/svgs/brands/ussunnah.svg",
			"ui/assets/fontawesome/svgs/brands/vaadin.svg",
			"ui/assets/fontawesome/svgs/brands/viacoin.svg",
			"ui/assets/fontawesome/svgs/brands/viadeo-square.svg",
			"ui/assets/fontawesome/svgs/brands/viadeo.svg",
			"ui/assets/fontawesome/svgs/brands/viber.svg",
			"ui/assets/fontawesome/svgs/brands/vimeo-square.svg",
			"ui/assets/fontawesome/svgs/brands/vimeo-v.svg",
			"ui/assets/fontawesome/svgs/brands/vimeo.svg",
			"ui/assets/fontawesome/svgs/brands/vine.svg",
			"ui/assets/fontawesome/svgs/brands/vk.svg",
			"ui/assets/fontawesome/svgs/brands/vnv.svg",
			"ui/assets/fontawesome/svgs/brands/vuejs.svg",
			"ui/assets/fontawesome/svgs/brands/waze.svg",
			"ui/assets/fontawesome/svgs/brands/weebly.svg",
			"ui/assets/fontawesome/svgs/brands/weibo.svg",
			"ui/assets/fontawesome/svgs/brands/weixin.svg",
			"ui/assets/fontawesome/svgs/brands/whatsapp-square.svg",
			"ui/assets/fontawesome/svgs/brands/whatsapp.svg",
			"ui/assets/fontawesome/svgs/brands/whmcs.svg",
			"ui/assets/fontawesome/svgs/brands/wikipedia-w.svg",
			"ui/assets/fontawesome/svgs/brands/windows.svg",
			"ui/assets/fontawesome/svgs/brands/wix.svg",
			"ui/assets/fontawesome/svgs/brands/wizards-of-the-coast.svg",
			"ui/assets/fontawesome/svgs/brands/wolf-pack-battalion.svg",
			"ui/assets/fontawesome/svgs/brands/wordpress-simple.svg",
			"ui/assets/fontawesome/svgs/brands/wordpress.svg",
			"ui/assets/fontawesome/svgs/brands/wpbeginner.svg",
			"ui/assets/fontawesome/svgs/brands/wpexplorer.svg",
			"ui/assets/fontawesome/svgs/brands/wpforms.svg",
			"ui/assets/fontawesome/svgs/brands/wpressr.svg",
			"ui/assets/fontawesome/svgs/brands/xbox.svg",
			"ui/assets/fontawesome/svgs/brands/xing-square.svg",
			"ui/assets/fontawesome/svgs/brands/xing.svg",
			"ui/assets/fontawesome/svgs/brands/y-combinator.svg",
			"ui/assets/fontawesome/svgs/brands/yahoo.svg",
			"ui/assets/fontawesome/svgs/brands/yammer.svg",
			"ui/assets/fontawesome/svgs/brands/yandex-international.svg",
			"ui/assets/fontawesome/svgs/brands/yandex.svg",
			"ui/assets/fontawesome/svgs/brands/yarn.svg",
			"ui/assets/fontawesome/svgs/brands/yelp.svg",
			"ui/assets/fontawesome/svgs/brands/yoast.svg",
			"ui/assets/fontawesome/svgs/brands/youtube-square.svg",
			"ui/assets/fontawesome/svgs/brands/youtube.svg",
			"ui/assets/fontawesome/svgs/brands/zhihu.svg",
			"ui/assets/fontawesome/svgs/regular/address-book.svg",
			"ui/assets/fontawesome/svgs/regular/address-card.svg",
			"ui/assets/fontawesome/svgs/regular/angry.svg",
			"ui/assets/fontawesome/svgs/regular/arrow-alt-circle-down.svg",
			"ui/assets/fontawesome/svgs/regular/arrow-alt-circle-left.svg",
			"ui/assets/fontawesome/svgs/regular/arrow-alt-circle-right.svg",
			"ui/assets/fontawesome/svgs/regular/arrow-alt-circle-up.svg",
			"ui/assets/fontawesome/svgs/regular/bell-slash.svg",
			"ui/assets/fontawesome/svgs/regular/bell.svg",
			"ui/assets/fontawesome/svgs/regular/bookmark.svg",
			"ui/assets/fontawesome/svgs/regular/building.svg",
			"ui/assets/fontawesome/svgs/regular/calendar-alt.svg",
			"ui/assets/fontawesome/svgs/regular/calendar-check.svg",
			"ui/assets/fontawesome/svgs/regular/calendar-minus.svg",
			"ui/assets/fontawesome/svgs/regular/calendar-plus.svg",
			"ui/assets/fontawesome/svgs/regular/calendar-times.svg",
			"ui/assets/fontawesome/svgs/regular/calendar.svg",
			"ui/assets/fontawesome/svgs/regular/caret-square-down.svg",
			"ui/assets/fontawesome/svgs/regular/caret-square-left.svg",
			"ui/assets/fontawesome/svgs/regular/caret-square-right.svg",
			"ui/assets/fontawesome/svgs/regular/caret-square-up.svg",
			"ui/assets/fontawesome/svgs/regular/chart-bar.svg",
			"ui/assets/fontawesome/svgs/regular/check-circle.svg",
			"ui/assets/fontawesome/svgs/regular/check-square.svg",
			"ui/assets/fontawesome/svgs/regular/circle.svg",
			"ui/assets/fontawesome/svgs/regular/clipboard.svg",
			"ui/assets/fontawesome/svgs/regular/clock.svg",
			"ui/assets/fontawesome/svgs/regular/clone.svg",
			"ui/assets/fontawesome/svgs/regular/closed-captioning.svg",
			"ui/assets/fontawesome/svgs/regular/comment-alt.svg",
			"ui/assets/fontawesome/svgs/regular/comment-dots.svg",
			"ui/assets/fontawesome/svgs/regular/comment.svg",
			"ui/assets/fontawesome/svgs/regular/comments.svg",
			"ui/assets/fontawesome/svgs/regular/compass.svg",
			"ui/assets/fontawesome/svgs/regular/copy.svg",
			"ui/assets/fontawesome/svgs/regular/copyright.svg",
			"ui/assets/fontawesome/svgs/regular/credit-card.svg",
			"ui/assets/fontawesome/svgs/regular/dizzy.svg",
			"ui/assets/fontawesome/svgs/regular/dot-circle.svg",
			"ui/assets/fontawesome/svgs/regular/edit.svg",
			"ui/assets/fontawesome/svgs/regular/envelope-open.svg",
			"ui/assets/fontawesome/svgs/regular/envelope.svg",
			"ui/assets/fontawesome/svgs/regular/eye-slash.svg",
			"ui/assets/fontawesome/svgs/regular/eye.svg",
			"ui/assets/fontawesome/svgs/regular/file-alt.svg",
			"ui/assets/fontawesome/svgs/regular/file-archive.svg",
			"ui/assets/fontawesome/svgs/regular/file-audio.svg",
			"ui/assets/fontawesome/svgs/regular/file-code.svg",
			"ui/assets/fontawesome/svgs/regular/file-excel.svg",
			"ui/assets/fontawesome/svgs/regular/file-image.svg",
			"ui/assets/fontawesome/svgs/regular/file-pdf.svg",
			"ui/assets/fontawesome/svgs/regular/file-powerpoint.svg",
			"ui/assets/fontawesome/svgs/regular/file-video.svg",
			"ui/assets/fontawesome/svgs/regular/file-word.svg",
			"ui/assets/fontawesome/svgs/regular/file.svg",
			"ui/assets/fontawesome/svgs/regular/flag.svg",
			"ui/assets/fontawesome/svgs/regular/flushed.svg",
			"ui/assets/fontawesome/svgs/regular/folder-open.svg",
			"ui/assets/fontawesome/svgs/regular/folder.svg",
			"ui/assets/fontawesome/svgs/regular/font-awesome-logo-full.svg",
			"ui/assets/fontawesome/svgs/regular/frown-open.svg",
			"ui/assets/fontawesome/svgs/regular/frown.svg",
			"ui/assets/fontawesome/svgs/regular/futbol.svg",
			"ui/assets/fontawesome/svgs/regular/gem.svg",
			"ui/assets/fontawesome/svgs/regular/grimace.svg",
			"ui/assets/fontawesome/svgs/regular/grin-alt.svg",
			"ui/assets/fontawesome/svgs/regular/grin-beam-sweat.svg",
			"ui/assets/fontawesome/svgs/regular/grin-beam.svg",
			"ui/assets/fontawesome/svgs/regular/grin-hearts.svg",
			"ui/assets/fontawesome/svgs/regular/grin-squint-tears.svg",
			"ui/assets/fontawesome/svgs/regular/grin-squint.svg",
			"ui/assets/fontawesome/svgs/regular/grin-stars.svg",
			"ui/assets/fontawesome/svgs/regular/grin-tears.svg",
			"ui/assets/fontawesome/svgs/regular/grin-tongue-squint.svg",
			"ui/assets/fontawesome/svgs/regular/grin-tongue-wink.svg",
			"ui/assets/fontawesome/svgs/regular/grin-tongue.svg",
			"ui/assets/fontawesome/svgs/regular/grin-wink.svg",
			"ui/assets/fontawesome/svgs/regular/grin.svg",
			"ui/assets/fontawesome/svgs/regular/hand-lizard.svg",
			"ui/assets/fontawesome/svgs/regular/hand-paper.svg",
			"ui/assets/fontawesome/svgs/regular/hand-peace.svg",
			"ui/assets/fontawesome/svgs/regular/hand-point-down.svg",
			"ui/assets/fontawesome/svgs/regular/hand-point-left.svg",
			"ui/assets/fontawesome/svgs/regular/hand-point-right.svg",
			"ui/assets/fontawesome/svgs/regular/hand-point-up.svg",
			"ui/assets/fontawesome/svgs/regular/hand-pointer.svg",
			"ui/assets/fontawesome/svgs/regular/hand-rock.svg",
			"ui/assets/fontawesome/svgs/regular/hand-scissors.svg",
			"ui/assets/fontawesome/svgs/regular/hand-spock.svg",
			"ui/assets/fontawesome/svgs/regular/handshake.svg",
			"ui/assets/fontawesome/svgs/regular/hdd.svg",
			"ui/assets/fontawesome/svgs/regular/heart.svg",
			"ui/assets/fontawesome/svgs/regular/hospital.svg",
			"ui/assets/fontawesome/svgs/regular/hourglass.svg",
			"ui/assets/fontawesome/svgs/regular/id-badge.svg",
			"ui/assets/fontawesome/svgs/regular/id-card.svg",
			"ui/assets/fontawesome/svgs/regular/image.svg",
			"ui/assets/fontawesome/svgs/regular/images.svg",
			"ui/assets/fontawesome/svgs/regular/keyboard.svg",
			"ui/assets/fontawesome/svgs/regular/kiss-beam.svg",
			"ui/assets/fontawesome/svgs/regular/kiss-wink-heart.svg",
			"ui/assets/fontawesome/svgs/regular/kiss.svg",
			"ui/assets/fontawesome/svgs/regular/laugh-beam.svg",
			"ui/assets/fontawesome/svgs/regular/laugh-squint.svg",
			"ui/assets/fontawesome/svgs/regular/laugh-wink.svg",
			"ui/assets/fontawesome/svgs/regular/laugh.svg",
			"ui/assets/fontawesome/svgs/regular/lemon.svg",
			"ui/assets/fontawesome/svgs/regular/life-ring.svg",
			"ui/assets/fontawesome/svgs/regular/lightbulb.svg",
			"ui/assets/fontawesome/svgs/regular/list-alt.svg",
			"ui/assets/fontawesome/svgs/regular/map.svg",
			"ui/assets/fontawesome/svgs/regular/meh-blank.svg",
			"ui/assets/fontawesome/svgs/regular/meh-rolling-eyes.svg",
			"ui/assets/fontawesome/svgs/regular/meh.svg",
			"ui/assets/fontawesome/svgs/regular/minus-square.svg",
			"ui/assets/fontawesome/svgs/regular/money-bill-alt.svg",
			"ui/assets/fontawesome/svgs/regular/moon.svg",
			"ui/assets/fontawesome/svgs/regular/newspaper.svg",
			"ui/assets/fontawesome/svgs/regular/object-group.svg",
			"ui/assets/fontawesome/svgs/regular/object-ungroup.svg",
			"ui/assets/fontawesome/svgs/regular/paper-plane.svg",
			"ui/assets/fontawesome/svgs/regular/pause-circle.svg",
			"ui/assets/fontawesome/svgs/regular/play-circle.svg",
			"ui/assets/fontawesome/svgs/regular/plus-square.svg",
			"ui/assets/fontawesome/svgs/regular/question-circle.svg",
			"ui/assets/fontawesome/svgs/regular/registered.svg",
			"ui/assets/fontawesome/svgs/regular/sad-cry.svg",
			"ui/assets/fontawesome/svgs/regular/sad-tear.svg",
			"ui/assets/fontawesome/svgs/regular/save.svg",
			"ui/assets/fontawesome/svgs/regular/share-square.svg",
			"ui/assets/fontawesome/svgs/regular/smile-beam.svg",
			"ui/assets/fontawesome/svgs/regular/smile-wink.svg",
			"ui/assets/fontawesome/svgs/regular/smile.svg",
			"ui/assets/fontawesome/svgs/regular/snowflake.svg",
			"ui/assets/fontawesome/svgs/regular/square.svg",
			"ui/assets/fontawesome/svgs/regular/star-half.svg",
			"ui/assets/fontawesome/svgs/regular/star.svg",
			"ui/assets/fontawesome/svgs/regular/sticky-note.svg",
			"ui/assets/fontawesome/svgs/regular/stop-circle.svg",
			"ui/assets/fontawesome/svgs/regular/sun.svg",
			"ui/assets/fontawesome/svgs/regular/surprise.svg",
			"ui/assets/fontawesome/svgs/regular/thumbs-down.svg",
			"ui/assets/fontawesome/svgs/regular/thumbs-up.svg",
			"ui/assets/fontawesome/svgs/regular/times-circle.svg",
			"ui/assets/fontawesome/svgs/regular/tired.svg",
			"ui/assets/fontawesome/svgs/regular/trash-alt.svg",
			"ui/assets/fontawesome/svgs/regular/user-circle.svg",
			"ui/assets/fontawesome/svgs/regular/user.svg",
			"ui/assets/fontawesome/svgs/regular/window-close.svg",
			"ui/assets/fontawesome/svgs/regular/window-maximize.svg",
			"ui/assets/fontawesome/svgs/regular/window-minimize.svg",
			"ui/assets/fontawesome/svgs/regular/window-restore.svg",
			"ui/assets/fontawesome/svgs/solid/ad.svg",
			"ui/assets/fontawesome/svgs/solid/address-book.svg",
			"ui/assets/fontawesome/svgs/solid/address-card.svg",
			"ui/assets/fontawesome/svgs/solid/adjust.svg",
			"ui/assets/fontawesome/svgs/solid/air-freshener.svg",
			"ui/assets/fontawesome/svgs/solid/align-center.svg",
			"ui/assets/fontawesome/svgs/solid/align-justify.svg",
			"ui/assets/fontawesome/svgs/solid/align-left.svg",
			"ui/assets/fontawesome/svgs/solid/align-right.svg",
			"ui/assets/fontawesome/svgs/solid/allergies.svg",
			"ui/assets/fontawesome/svgs/solid/ambulance.svg",
			"ui/assets/fontawesome/svgs/solid/american-sign-language-interpreting.svg",
			"ui/assets/fontawesome/svgs/solid/anchor.svg",
			"ui/assets/fontawesome/svgs/solid/angle-double-down.svg",
			"ui/assets/fontawesome/svgs/solid/angle-double-left.svg",
			"ui/assets/fontawesome/svgs/solid/angle-double-right.svg",
			"ui/assets/fontawesome/svgs/solid/angle-double-up.svg",
			"ui/assets/fontawesome/svgs/solid/angle-down.svg",
			"ui/assets/fontawesome/svgs/solid/angle-left.svg",
			"ui/assets/fontawesome/svgs/solid/angle-right.svg",
			"ui/assets/fontawesome/svgs/solid/angle-up.svg",
			"ui/assets/fontawesome/svgs/solid/angry.svg",
			"ui/assets/fontawesome/svgs/solid/ankh.svg",
			"ui/assets/fontawesome/svgs/solid/apple-alt.svg",
			"ui/assets/fontawesome/svgs/solid/archive.svg",
			"ui/assets/fontawesome/svgs/solid/archway.svg",
			"ui/assets/fontawesome/svgs/solid/arrow-alt-circle-down.svg",
			"ui/assets/fontawesome/svgs/solid/arrow-alt-circle-left.svg",
			"ui/assets/fontawesome/svgs/solid/arrow-alt-circle-right.svg",
			"ui/assets/fontawesome/svgs/solid/arrow-alt-circle-up.svg",
			"ui/assets/fontawesome/svgs/solid/arrow-circle-down.svg",
			"ui/assets/fontawesome/svgs/solid/arrow-circle-left.svg",
			"ui/assets/fontawesome/svgs/solid/arrow-circle-right.svg",
			"ui/assets/fontawesome/svgs/solid/arrow-circle-up.svg",
			"ui/assets/fontawesome/svgs/solid/arrow-down.svg",
			"ui/assets/fontawesome/svgs/solid/arrow-left.svg",
			"ui/assets/fontawesome/svgs/solid/arrow-right.svg",
			"ui/assets/fontawesome/svgs/solid/arrow-up.svg",
			"ui/assets/fontawesome/svgs/solid/arrows-alt-h.svg",
			"ui/assets/fontawesome/svgs/solid/arrows-alt-v.svg",
			"ui/assets/fontawesome/svgs/solid/arrows-alt.svg",
			"ui/assets/fontawesome/svgs/solid/assistive-listening-systems.svg",
			"ui/assets/fontawesome/svgs/solid/asterisk.svg",
			"ui/assets/fontawesome/svgs/solid/at.svg",
			"ui/assets/fontawesome/svgs/solid/atlas.svg",
			"ui/assets/fontawesome/svgs/solid/atom.svg",
			"ui/assets/fontawesome/svgs/solid/audio-description.svg",
			"ui/assets/fontawesome/svgs/solid/award.svg",
			"ui/assets/fontawesome/svgs/solid/baby-carriage.svg",
			"ui/assets/fontawesome/svgs/solid/baby.svg",
			"ui/assets/fontawesome/svgs/solid/backspace.svg",
			"ui/assets/fontawesome/svgs/solid/backward.svg",
			"ui/assets/fontawesome/svgs/solid/bacon.svg",
			"ui/assets/fontawesome/svgs/solid/balance-scale.svg",
			"ui/assets/fontawesome/svgs/solid/ban.svg",
			"ui/assets/fontawesome/svgs/solid/band-aid.svg",
			"ui/assets/fontawesome/svgs/solid/barcode.svg",
			"ui/assets/fontawesome/svgs/solid/bars.svg",
			"ui/assets/fontawesome/svgs/solid/baseball-ball.svg",
			"ui/assets/fontawesome/svgs/solid/basketball-ball.svg",
			"ui/assets/fontawesome/svgs/solid/bath.svg",
			"ui/assets/fontawesome/svgs/solid/battery-empty.svg",
			"ui/assets/fontawesome/svgs/solid/battery-full.svg",
			"ui/assets/fontawesome/svgs/solid/battery-half.svg",
			"ui/assets/fontawesome/svgs/solid/battery-quarter.svg",
			"ui/assets/fontawesome/svgs/solid/battery-three-quarters.svg",
			"ui/assets/fontawesome/svgs/solid/bed.svg",
			"ui/assets/fontawesome/svgs/solid/beer.svg",
			"ui/assets/fontawesome/svgs/solid/bell-slash.svg",
			"ui/assets/fontawesome/svgs/solid/bell.svg",
			"ui/assets/fontawesome/svgs/solid/bezier-curve.svg",
			"ui/assets/fontawesome/svgs/solid/bible.svg",
			"ui/assets/fontawesome/svgs/solid/bicycle.svg",
			"ui/assets/fontawesome/svgs/solid/binoculars.svg",
			"ui/assets/fontawesome/svgs/solid/biohazard.svg",
			"ui/assets/fontawesome/svgs/solid/birthday-cake.svg",
			"ui/assets/fontawesome/svgs/solid/blender-phone.svg",
			"ui/assets/fontawesome/svgs/solid/blender.svg",
			"ui/assets/fontawesome/svgs/solid/blind.svg",
			"ui/assets/fontawesome/svgs/solid/blog.svg",
			"ui/assets/fontawesome/svgs/solid/bold.svg",
			"ui/assets/fontawesome/svgs/solid/bolt.svg",
			"ui/assets/fontawesome/svgs/solid/bomb.svg",
			"ui/assets/fontawesome/svgs/solid/bone.svg",
			"ui/assets/fontawesome/svgs/solid/bong.svg",
			"ui/assets/fontawesome/svgs/solid/book-dead.svg",
			"ui/assets/fontawesome/svgs/solid/book-medical.svg",
			"ui/assets/fontawesome/svgs/solid/book-open.svg",
			"ui/assets/fontawesome/svgs/solid/book-reader.svg",
			"ui/assets/fontawesome/svgs/solid/book.svg",
			"ui/assets/fontawesome/svgs/solid/bookmark.svg",
			"ui/assets/fontawesome/svgs/solid/bowling-ball.svg",
			"ui/assets/fontawesome/svgs/solid/box-open.svg",
			"ui/assets/fontawesome/svgs/solid/box.svg",
			"ui/assets/fontawesome/svgs/solid/boxes.svg",
			"ui/assets/fontawesome/svgs/solid/braille.svg",
			"ui/assets/fontawesome/svgs/solid/brain.svg",
			"ui/assets/fontawesome/svgs/solid/bread-slice.svg",
			"ui/assets/fontawesome/svgs/solid/briefcase-medical.svg",
			"ui/assets/fontawesome/svgs/solid/briefcase.svg",
			"ui/assets/fontawesome/svgs/solid/broadcast-tower.svg",
			"ui/assets/fontawesome/svgs/solid/broom.svg",
			"ui/assets/fontawesome/svgs/solid/brush.svg",
			"ui/assets/fontawesome/svgs/solid/bug.svg",
			"ui/assets/fontawesome/svgs/solid/building.svg",
			"ui/assets/fontawesome/svgs/solid/bullhorn.svg",
			"ui/assets/fontawesome/svgs/solid/bullseye.svg",
			"ui/assets/fontawesome/svgs/solid/burn.svg",
			"ui/assets/fontawesome/svgs/solid/bus-alt.svg",
			"ui/assets/fontawesome/svgs/solid/bus.svg",
			"ui/assets/fontawesome/svgs/solid/business-time.svg",
			"ui/assets/fontawesome/svgs/solid/calculator.svg",
			"ui/assets/fontawesome/svgs/solid/calendar-alt.svg",
			"ui/assets/fontawesome/svgs/solid/calendar-check.svg",
			"ui/assets/fontawesome/svgs/solid/calendar-day.svg",
			"ui/assets/fontawesome/svgs/solid/calendar-minus.svg",
			"ui/assets/fontawesome/svgs/solid/calendar-plus.svg",
			"ui/assets/fontawesome/svgs/solid/calendar-times.svg",
			"ui/assets/fontawesome/svgs/solid/calendar-week.svg",
			"ui/assets/fontawesome/svgs/solid/calendar.svg",
			"ui/assets/fontawesome/svgs/solid/camera-retro.svg",
			"ui/assets/fontawesome/svgs/solid/camera.svg",
			"ui/assets/fontawesome/svgs/solid/campground.svg",
			"ui/assets/fontawesome/svgs/solid/candy-cane.svg",
			"ui/assets/fontawesome/svgs/solid/cannabis.svg",
			"ui/assets/fontawesome/svgs/solid/capsules.svg",
			"ui/assets/fontawesome/svgs/solid/car-alt.svg",
			"ui/assets/fontawesome/svgs/solid/car-battery.svg",
			"ui/assets/fontawesome/svgs/solid/car-crash.svg",
			"ui/assets/fontawesome/svgs/solid/car-side.svg",
			"ui/assets/fontawesome/svgs/solid/car.svg",
			"ui/assets/fontawesome/svgs/solid/caret-down.svg",
			"ui/assets/fontawesome/svgs/solid/caret-left.svg",
			"ui/assets/fontawesome/svgs/solid/caret-right.svg",
			"ui/assets/fontawesome/svgs/solid/caret-square-down.svg",
			"ui/assets/fontawesome/svgs/solid/caret-square-left.svg",
			"ui/assets/fontawesome/svgs/solid/caret-square-right.svg",
			"ui/assets/fontawesome/svgs/solid/caret-square-up.svg",
			"ui/assets/fontawesome/svgs/solid/caret-up.svg",
			"ui/assets/fontawesome/svgs/solid/carrot.svg",
			"ui/assets/fontawesome/svgs/solid/cart-arrow-down.svg",
			"ui/assets/fontawesome/svgs/solid/cart-plus.svg",
			"ui/assets/fontawesome/svgs/solid/cash-register.svg",
			"ui/assets/fontawesome/svgs/solid/cat.svg",
			"ui/assets/fontawesome/svgs/solid/certificate.svg",
			"ui/assets/fontawesome/svgs/solid/chair.svg",
			"ui/assets/fontawesome/svgs/solid/chalkboard-teacher.svg",
			"ui/assets/fontawesome/svgs/solid/chalkboard.svg",
			"ui/assets/fontawesome/svgs/solid/charging-station.svg",
			"ui/assets/fontawesome/svgs/solid/chart-area.svg",
			"ui/assets/fontawesome/svgs/solid/chart-bar.svg",
			"ui/assets/fontawesome/svgs/solid/chart-line.svg",
			"ui/assets/fontawesome/svgs/solid/chart-pie.svg",
			"ui/assets/fontawesome/svgs/solid/check-circle.svg",
			"ui/assets/fontawesome/svgs/solid/check-double.svg",
			"ui/assets/fontawesome/svgs/solid/check-square.svg",
			"ui/assets/fontawesome/svgs/solid/check.svg",
			"ui/assets/fontawesome/svgs/solid/cheese.svg",
			"ui/assets/fontawesome/svgs/solid/chess-bishop.svg",
			"ui/assets/fontawesome/svgs/solid/chess-board.svg",
			"ui/assets/fontawesome/svgs/solid/chess-king.svg",
			"ui/assets/fontawesome/svgs/solid/chess-knight.svg",
			"ui/assets/fontawesome/svgs/solid/chess-pawn.svg",
			"ui/assets/fontawesome/svgs/solid/chess-queen.svg",
			"ui/assets/fontawesome/svgs/solid/chess-rook.svg",
			"ui/assets/fontawesome/svgs/solid/chess.svg",
			"ui/assets/fontawesome/svgs/solid/chevron-circle-down.svg",
			"ui/assets/fontawesome/svgs/solid/chevron-circle-left.svg",
			"ui/assets/fontawesome/svgs/solid/chevron-circle-right.svg",
			"ui/assets/fontawesome/svgs/solid/chevron-circle-up.svg",
			"ui/assets/fontawesome/svgs/solid/chevron-down.svg",
			"ui/assets/fontawesome/svgs/solid/chevron-left.svg",
			"ui/assets/fontawesome/svgs/solid/chevron-right.svg",
			"ui/assets/fontawesome/svgs/solid/chevron-up.svg",
			"ui/assets/fontawesome/svgs/solid/child.svg",
			"ui/assets/fontawesome/svgs/solid/church.svg",
			"ui/assets/fontawesome/svgs/solid/circle-notch.svg",
			"ui/assets/fontawesome/svgs/solid/circle.svg",
			"ui/assets/fontawesome/svgs/solid/city.svg",
			"ui/assets/fontawesome/svgs/solid/clinic-medical.svg",
			"ui/assets/fontawesome/svgs/solid/clipboard-check.svg",
			"ui/assets/fontawesome/svgs/solid/clipboard-list.svg",
			"ui/assets/fontawesome/svgs/solid/clipboard.svg",
			"ui/assets/fontawesome/svgs/solid/clock.svg",
			"ui/assets/fontawesome/svgs/solid/clone.svg",
			"ui/assets/fontawesome/svgs/solid/closed-captioning.svg",
			"ui/assets/fontawesome/svgs/solid/cloud-download-alt.svg",
			"ui/assets/fontawesome/svgs/solid/cloud-meatball.svg",
			"ui/assets/fontawesome/svgs/solid/cloud-moon-rain.svg",
			"ui/assets/fontawesome/svgs/solid/cloud-moon.svg",
			"ui/assets/fontawesome/svgs/solid/cloud-rain.svg",
			"ui/assets/fontawesome/svgs/solid/cloud-showers-heavy.svg",
			"ui/assets/fontawesome/svgs/solid/cloud-sun-rain.svg",
			"ui/assets/fontawesome/svgs/solid/cloud-sun.svg",
			"ui/assets/fontawesome/svgs/solid/cloud-upload-alt.svg",
			"ui/assets/fontawesome/svgs/solid/cloud.svg",
			"ui/assets/fontawesome/svgs/solid/cocktail.svg",
			"ui/assets/fontawesome/svgs/solid/code-branch.svg",
			"ui/assets/fontawesome/svgs/solid/code.svg",
			"ui/assets/fontawesome/svgs/solid/coffee.svg",
			"ui/assets/fontawesome/svgs/solid/cog.svg",
			"ui/assets/fontawesome/svgs/solid/cogs.svg",
			"ui/assets/fontawesome/svgs/solid/coins.svg",
			"ui/assets/fontawesome/svgs/solid/columns.svg",
			"ui/assets/fontawesome/svgs/solid/comment-alt.svg",
			"ui/assets/fontawesome/svgs/solid/comment-dollar.svg",
			"ui/assets/fontawesome/svgs/solid/comment-dots.svg",
			"ui/assets/fontawesome/svgs/solid/comment-medical.svg",
			"ui/assets/fontawesome/svgs/solid/comment-slash.svg",
			"ui/assets/fontawesome/svgs/solid/comment.svg",
			"ui/assets/fontawesome/svgs/solid/comments-dollar.svg",
			"ui/assets/fontawesome/svgs/solid/comments.svg",
			"ui/assets/fontawesome/svgs/solid/compact-disc.svg",
			"ui/assets/fontawesome/svgs/solid/compass.svg",
			"ui/assets/fontawesome/svgs/solid/compress-arrows-alt.svg",
			"ui/assets/fontawesome/svgs/solid/compress.svg",
			"ui/assets/fontawesome/svgs/solid/concierge-bell.svg",
			"ui/assets/fontawesome/svgs/solid/cookie-bite.svg",
			"ui/assets/fontawesome/svgs/solid/cookie.svg",
			"ui/assets/fontawesome/svgs/solid/copy.svg",
			"ui/assets/fontawesome/svgs/solid/copyright.svg",
			"ui/assets/fontawesome/svgs/solid/couch.svg",
			"ui/assets/fontawesome/svgs/solid/credit-card.svg",
			"ui/assets/fontawesome/svgs/solid/crop-alt.svg",
			"ui/assets/fontawesome/svgs/solid/crop.svg",
			"ui/assets/fontawesome/svgs/solid/cross.svg",
			"ui/assets/fontawesome/svgs/solid/crosshairs.svg",
			"ui/assets/fontawesome/svgs/solid/crow.svg",
			"ui/assets/fontawesome/svgs/solid/crown.svg",
			"ui/assets/fontawesome/svgs/solid/crutch.svg",
			"ui/assets/fontawesome/svgs/solid/cube.svg",
			"ui/assets/fontawesome/svgs/solid/cubes.svg",
			"ui/assets/fontawesome/svgs/solid/cut.svg",
			"ui/assets/fontawesome/svgs/solid/database.svg",
			"ui/assets/fontawesome/svgs/solid/deaf.svg",
			"ui/assets/fontawesome/svgs/solid/democrat.svg",
			"ui/assets/fontawesome/svgs/solid/desktop.svg",
			"ui/assets/fontawesome/svgs/solid/dharmachakra.svg",
			"ui/assets/fontawesome/svgs/solid/diagnoses.svg",
			"ui/assets/fontawesome/svgs/solid/dice-d20.svg",
			"ui/assets/fontawesome/svgs/solid/dice-d6.svg",
			"ui/assets/fontawesome/svgs/solid/dice-five.svg",
			"ui/assets/fontawesome/svgs/solid/dice-four.svg",
			"ui/assets/fontawesome/svgs/solid/dice-one.svg",
			"ui/assets/fontawesome/svgs/solid/dice-six.svg",
			"ui/assets/fontawesome/svgs/solid/dice-three.svg",
			"ui/assets/fontawesome/svgs/solid/dice-two.svg",
			"ui/assets/fontawesome/svgs/solid/dice.svg",
			"ui/assets/fontawesome/svgs/solid/digital-tachograph.svg",
			"ui/assets/fontawesome/svgs/solid/directions.svg",
			"ui/assets/fontawesome/svgs/solid/divide.svg",
			"ui/assets/fontawesome/svgs/solid/dizzy.svg",
			"ui/assets/fontawesome/svgs/solid/dna.svg",
			"ui/assets/fontawesome/svgs/solid/dog.svg",
			"ui/assets/fontawesome/svgs/solid/dollar-sign.svg",
			"ui/assets/fontawesome/svgs/solid/dolly-flatbed.svg",
			"ui/assets/fontawesome/svgs/solid/dolly.svg",
			"ui/assets/fontawesome/svgs/solid/donate.svg",
			"ui/assets/fontawesome/svgs/solid/door-closed.svg",
			"ui/assets/fontawesome/svgs/solid/door-open.svg",
			"ui/assets/fontawesome/svgs/solid/dot-circle.svg",
			"ui/assets/fontawesome/svgs/solid/dove.svg",
			"ui/assets/fontawesome/svgs/solid/download.svg",
			"ui/assets/fontawesome/svgs/solid/drafting-compass.svg",
			"ui/assets/fontawesome/svgs/solid/dragon.svg",
			"ui/assets/fontawesome/svgs/solid/draw-polygon.svg",
			"ui/assets/fontawesome/svgs/solid/drum-steelpan.svg",
			"ui/assets/fontawesome/svgs/solid/drum.svg",
			"ui/assets/fontawesome/svgs/solid/drumstick-bite.svg",
			"ui/assets/fontawesome/svgs/solid/dumbbell.svg",
			"ui/assets/fontawesome/svgs/solid/dumpster-fire.svg",
			"ui/assets/fontawesome/svgs/solid/dumpster.svg",
			"ui/assets/fontawesome/svgs/solid/dungeon.svg",
			"ui/assets/fontawesome/svgs/solid/edit.svg",
			"ui/assets/fontawesome/svgs/solid/egg.svg",
			"ui/assets/fontawesome/svgs/solid/eject.svg",
			"ui/assets/fontawesome/svgs/solid/ellipsis-h.svg",
			"ui/assets/fontawesome/svgs/solid/ellipsis-v.svg",
			"ui/assets/fontawesome/svgs/solid/envelope-open-text.svg",
			"ui/assets/fontawesome/svgs/solid/envelope-open.svg",
			"ui/assets/fontawesome/svgs/solid/envelope-square.svg",
			"ui/assets/fontawesome/svgs/solid/envelope.svg",
			"ui/assets/fontawesome/svgs/solid/equals.svg",
			"ui/assets/fontawesome/svgs/solid/eraser.svg",
			"ui/assets/fontawesome/svgs/solid/ethernet.svg",
			"ui/assets/fontawesome/svgs/solid/euro-sign.svg",
			"ui/assets/fontawesome/svgs/solid/exchange-alt.svg",
			"ui/assets/fontawesome/svgs/solid/exclamation-circle.svg",
			"ui/assets/fontawesome/svgs/solid/exclamation-triangle.svg",
			"ui/assets/fontawesome/svgs/solid/exclamation.svg",
			"ui/assets/fontawesome/svgs/solid/expand-arrows-alt.svg",
			"ui/assets/fontawesome/svgs/solid/expand.svg",
			"ui/assets/fontawesome/svgs/solid/external-link-alt.svg",
			"ui/assets/fontawesome/svgs/solid/external-link-square-alt.svg",
			"ui/assets/fontawesome/svgs/solid/eye-dropper.svg",
			"ui/assets/fontawesome/svgs/solid/eye-slash.svg",
			"ui/assets/fontawesome/svgs/solid/eye.svg",
			"ui/assets/fontawesome/svgs/solid/fast-backward.svg",
			"ui/assets/fontawesome/svgs/solid/fast-forward.svg",
			"ui/assets/fontawesome/svgs/solid/fax.svg",
			"ui/assets/fontawesome/svgs/solid/feather-alt.svg",
			"ui/assets/fontawesome/svgs/solid/feather.svg",
			"ui/assets/fontawesome/svgs/solid/female.svg",
			"ui/assets/fontawesome/svgs/solid/fighter-jet.svg",
			"ui/assets/fontawesome/svgs/solid/file-alt.svg",
			"ui/assets/fontawesome/svgs/solid/file-archive.svg",
			"ui/assets/fontawesome/svgs/solid/file-audio.svg",
			"ui/assets/fontawesome/svgs/solid/file-code.svg",
			"ui/assets/fontawesome/svgs/solid/file-contract.svg",
			"ui/assets/fontawesome/svgs/solid/file-csv.svg",
			"ui/assets/fontawesome/svgs/solid/file-download.svg",
			"ui/assets/fontawesome/svgs/solid/file-excel.svg",
			"ui/assets/fontawesome/svgs/solid/file-export.svg",
			"ui/assets/fontawesome/svgs/solid/file-image.svg",
			"ui/assets/fontawesome/svgs/solid/file-import.svg",
			"ui/assets/fontawesome/svgs/solid/file-invoice-dollar.svg",
			"ui/assets/fontawesome/svgs/solid/file-invoice.svg",
			"ui/assets/fontawesome/svgs/solid/file-medical-alt.svg",
			"ui/assets/fontawesome/svgs/solid/file-medical.svg",
			"ui/assets/fontawesome/svgs/solid/file-pdf.svg",
			"ui/assets/fontawesome/svgs/solid/file-powerpoint.svg",
			"ui/assets/fontawesome/svgs/solid/file-prescription.svg",
			"ui/assets/fontawesome/svgs/solid/file-signature.svg",
			"ui/assets/fontawesome/svgs/solid/file-upload.svg",
			"ui/assets/fontawesome/svgs/solid/file-video.svg",
			"ui/assets/fontawesome/svgs/solid/file-word.svg",
			"ui/assets/fontawesome/svgs/solid/file.svg",
			"ui/assets/fontawesome/svgs/solid/fill-drip.svg",
			"ui/assets/fontawesome/svgs/solid/fill.svg",
			"ui/assets/fontawesome/svgs/solid/film.svg",
			"ui/assets/fontawesome/svgs/solid/filter.svg",
			"ui/assets/fontawesome/svgs/solid/fingerprint.svg",
			"ui/assets/fontawesome/svgs/solid/fire-alt.svg",
			"ui/assets/fontawesome/svgs/solid/fire-extinguisher.svg",
			"ui/assets/fontawesome/svgs/solid/fire.svg",
			"ui/assets/fontawesome/svgs/solid/first-aid.svg",
			"ui/assets/fontawesome/svgs/solid/fish.svg",
			"ui/assets/fontawesome/svgs/solid/fist-raised.svg",
			"ui/assets/fontawesome/svgs/solid/flag-checkered.svg",
			"ui/assets/fontawesome/svgs/solid/flag-usa.svg",
			"ui/assets/fontawesome/svgs/solid/flag.svg",
			"ui/assets/fontawesome/svgs/solid/flask.svg",
			"ui/assets/fontawesome/svgs/solid/flushed.svg",
			"ui/assets/fontawesome/svgs/solid/folder-minus.svg",
			"ui/assets/fontawesome/svgs/solid/folder-open.svg",
			"ui/assets/fontawesome/svgs/solid/folder-plus.svg",
			"ui/assets/fontawesome/svgs/solid/folder.svg",
			"ui/assets/fontawesome/svgs/solid/font-awesome-logo-full.svg",
			"ui/assets/fontawesome/svgs/solid/font.svg",
			"ui/assets/fontawesome/svgs/solid/football-ball.svg",
			"ui/assets/fontawesome/svgs/solid/forward.svg",
			"ui/assets/fontawesome/svgs/solid/frog.svg",
			"ui/assets/fontawesome/svgs/solid/frown-open.svg",
			"ui/assets/fontawesome/svgs/solid/frown.svg",
			"ui/assets/fontawesome/svgs/solid/funnel-dollar.svg",
			"ui/assets/fontawesome/svgs/solid/futbol.svg",
			"ui/assets/fontawesome/svgs/solid/gamepad.svg",
			"ui/assets/fontawesome/svgs/solid/gas-pump.svg",
			"ui/assets/fontawesome/svgs/solid/gavel.svg",
			"ui/assets/fontawesome/svgs/solid/gem.svg",
			"ui/assets/fontawesome/svgs/solid/genderless.svg",
			"ui/assets/fontawesome/svgs/solid/ghost.svg",
			"ui/assets/fontawesome/svgs/solid/gift.svg",
			"ui/assets/fontawesome/svgs/solid/gifts.svg",
			"ui/assets/fontawesome/svgs/solid/glass-cheers.svg",
			"ui/assets/fontawesome/svgs/solid/glass-martini-alt.svg",
			"ui/assets/fontawesome/svgs/solid/glass-martini.svg",
			"ui/assets/fontawesome/svgs/solid/glass-whiskey.svg",
			"ui/assets/fontawesome/svgs/solid/glasses.svg",
			"ui/assets/fontawesome/svgs/solid/globe-africa.svg",
			"ui/assets/fontawesome/svgs/solid/globe-americas.svg",
			"ui/assets/fontawesome/svgs/solid/globe-asia.svg",
			"ui/assets/fontawesome/svgs/solid/globe-europe.svg",
			"ui/assets/fontawesome/svgs/solid/globe.svg",
			"ui/assets/fontawesome/svgs/solid/golf-ball.svg",
			"ui/assets/fontawesome/svgs/solid/gopuram.svg",
			"ui/assets/fontawesome/svgs/solid/graduation-cap.svg",
			"ui/assets/fontawesome/svgs/solid/greater-than-equal.svg",
			"ui/assets/fontawesome/svgs/solid/greater-than.svg",
			"ui/assets/fontawesome/svgs/solid/grimace.svg",
			"ui/assets/fontawesome/svgs/solid/grin-alt.svg",
			"ui/assets/fontawesome/svgs/solid/grin-beam-sweat.svg",
			"ui/assets/fontawesome/svgs/solid/grin-beam.svg",
			"ui/assets/fontawesome/svgs/solid/grin-hearts.svg",
			"ui/assets/fontawesome/svgs/solid/grin-squint-tears.svg",
			"ui/assets/fontawesome/svgs/solid/grin-squint.svg",
			"ui/assets/fontawesome/svgs/solid/grin-stars.svg",
			"ui/assets/fontawesome/svgs/solid/grin-tears.svg",
			"ui/assets/fontawesome/svgs/solid/grin-tongue-squint.svg",
			"ui/assets/fontawesome/svgs/solid/grin-tongue-wink.svg",
			"ui/assets/fontawesome/svgs/solid/grin-tongue.svg",
			"ui/assets/fontawesome/svgs/solid/grin-wink.svg",
			"ui/assets/fontawesome/svgs/solid/grin.svg",
			"ui/assets/fontawesome/svgs/solid/grip-horizontal.svg",
			"ui/assets/fontawesome/svgs/solid/grip-lines-vertical.svg",
			"ui/assets/fontawesome/svgs/solid/grip-lines.svg",
			"ui/assets/fontawesome/svgs/solid/grip-vertical.svg",
			"ui/assets/fontawesome/svgs/solid/guitar.svg",
			"ui/assets/fontawesome/svgs/solid/h-square.svg",
			"ui/assets/fontawesome/svgs/solid/hamburger.svg",
			"ui/assets/fontawesome/svgs/solid/hammer.svg",
			"ui/assets/fontawesome/svgs/solid/hamsa.svg",
			"ui/assets/fontawesome/svgs/solid/hand-holding-heart.svg",
			"ui/assets/fontawesome/svgs/solid/hand-holding-usd.svg",
			"ui/assets/fontawesome/svgs/solid/hand-holding.svg",
			"ui/assets/fontawesome/svgs/solid/hand-lizard.svg",
			"ui/assets/fontawesome/svgs/solid/hand-middle-finger.svg",
			"ui/assets/fontawesome/svgs/solid/hand-paper.svg",
			"ui/assets/fontawesome/svgs/solid/hand-peace.svg",
			"ui/assets/fontawesome/svgs/solid/hand-point-down.svg",
			"ui/assets/fontawesome/svgs/solid/hand-point-left.svg",
			"ui/assets/fontawesome/svgs/solid/hand-point-right.svg",
			"ui/assets/fontawesome/svgs/solid/hand-point-up.svg",
			"ui/assets/fontawesome/svgs/solid/hand-pointer.svg",
			"ui/assets/fontawesome/svgs/solid/hand-rock.svg",
			"ui/assets/fontawesome/svgs/solid/hand-scissors.svg",
			"ui/assets/fontawesome/svgs/solid/hand-spock.svg",
			"ui/assets/fontawesome/svgs/solid/hands-helping.svg",
			"ui/assets/fontawesome/svgs/solid/hands.svg",
			"ui/assets/fontawesome/svgs/solid/handshake.svg",
			"ui/assets/fontawesome/svgs/solid/hanukiah.svg",
			"ui/assets/fontawesome/svgs/solid/hard-hat.svg",
			"ui/assets/fontawesome/svgs/solid/hashtag.svg",
			"ui/assets/fontawesome/svgs/solid/hat-wizard.svg",
			"ui/assets/fontawesome/svgs/solid/haykal.svg",
			"ui/assets/fontawesome/svgs/solid/hdd.svg",
			"ui/assets/fontawesome/svgs/solid/heading.svg",
			"ui/assets/fontawesome/svgs/solid/headphones-alt.svg",
			"ui/assets/fontawesome/svgs/solid/headphones.svg",
			"ui/assets/fontawesome/svgs/solid/headset.svg",
			"ui/assets/fontawesome/svgs/solid/heart-broken.svg",
			"ui/assets/fontawesome/svgs/solid/heart.svg",
			"ui/assets/fontawesome/svgs/solid/heartbeat.svg",
			"ui/assets/fontawesome/svgs/solid/helicopter.svg",
			"ui/assets/fontawesome/svgs/solid/highlighter.svg",
			"ui/assets/fontawesome/svgs/solid/hiking.svg",
			"ui/assets/fontawesome/svgs/solid/hippo.svg",
			"ui/assets/fontawesome/svgs/solid/history.svg",
			"ui/assets/fontawesome/svgs/solid/hockey-puck.svg",
			"ui/assets/fontawesome/svgs/solid/holly-berry.svg",
			"ui/assets/fontawesome/svgs/solid/home.svg",
			"ui/assets/fontawesome/svgs/solid/horse-head.svg",
			"ui/assets/fontawesome/svgs/solid/horse.svg",
			"ui/assets/fontawesome/svgs/solid/hospital-alt.svg",
			"ui/assets/fontawesome/svgs/solid/hospital-symbol.svg",
			"ui/assets/fontawesome/svgs/solid/hospital.svg",
			"ui/assets/fontawesome/svgs/solid/hot-tub.svg",
			"ui/assets/fontawesome/svgs/solid/hotdog.svg",
			"ui/assets/fontawesome/svgs/solid/hotel.svg",
			"ui/assets/fontawesome/svgs/solid/hourglass-end.svg",
			"ui/assets/fontawesome/svgs/solid/hourglass-half.svg",
			"ui/assets/fontawesome/svgs/solid/hourglass-start.svg",
			"ui/assets/fontawesome/svgs/solid/hourglass.svg",
			"ui/assets/fontawesome/svgs/solid/house-damage.svg",
			"ui/assets/fontawesome/svgs/solid/hryvnia.svg",
			"ui/assets/fontawesome/svgs/solid/i-cursor.svg",
			"ui/assets/fontawesome/svgs/solid/ice-cream.svg",
			"ui/assets/fontawesome/svgs/solid/icicles.svg",
			"ui/assets/fontawesome/svgs/solid/id-badge.svg",
			"ui/assets/fontawesome/svgs/solid/id-card-alt.svg",
			"ui/assets/fontawesome/svgs/solid/id-card.svg",
			"ui/assets/fontawesome/svgs/solid/igloo.svg",
			"ui/assets/fontawesome/svgs/solid/image.svg",
			"ui/assets/fontawesome/svgs/solid/images.svg",
			"ui/assets/fontawesome/svgs/solid/inbox.svg",
			"ui/assets/fontawesome/svgs/solid/indent.svg",
			"ui/assets/fontawesome/svgs/solid/industry.svg",
			"ui/assets/fontawesome/svgs/solid/infinity.svg",
			"ui/assets/fontawesome/svgs/solid/info-circle.svg",
			"ui/assets/fontawesome/svgs/solid/info.svg",
			"ui/assets/fontawesome/svgs/solid/italic.svg",
			"ui/assets/fontawesome/svgs/solid/jedi.svg",
			"ui/assets/fontawesome/svgs/solid/joint.svg",
			"ui/assets/fontawesome/svgs/solid/journal-whills.svg",
			"ui/assets/fontawesome/svgs/solid/kaaba.svg",
			"ui/assets/fontawesome/svgs/solid/key.svg",
			"ui/assets/fontawesome/svgs/solid/keyboard.svg",
			"ui/assets/fontawesome/svgs/solid/khanda.svg",
			"ui/assets/fontawesome/svgs/solid/kiss-beam.svg",
			"ui/assets/fontawesome/svgs/solid/kiss-wink-heart.svg",
			"ui/assets/fontawesome/svgs/solid/kiss.svg",
			"ui/assets/fontawesome/svgs/solid/kiwi-bird.svg",
			"ui/assets/fontawesome/svgs/solid/landmark.svg",
			"ui/assets/fontawesome/svgs/solid/language.svg",
			"ui/assets/fontawesome/svgs/solid/laptop-code.svg",
			"ui/assets/fontawesome/svgs/solid/laptop-medical.svg",
			"ui/assets/fontawesome/svgs/solid/laptop.svg",
			"ui/assets/fontawesome/svgs/solid/laugh-beam.svg",
			"ui/assets/fontawesome/svgs/solid/laugh-squint.svg",
			"ui/assets/fontawesome/svgs/solid/laugh-wink.svg",
			"ui/assets/fontawesome/svgs/solid/laugh.svg",
			"ui/assets/fontawesome/svgs/solid/layer-group.svg",
			"ui/assets/fontawesome/svgs/solid/leaf.svg",
			"ui/assets/fontawesome/svgs/solid/lemon.svg",
			"ui/assets/fontawesome/svgs/solid/less-than-equal.svg",
			"ui/assets/fontawesome/svgs/solid/less-than.svg",
			"ui/assets/fontawesome/svgs/solid/level-down-alt.svg",
			"ui/assets/fontawesome/svgs/solid/level-up-alt.svg",
			"ui/assets/fontawesome/svgs/solid/life-ring.svg",
			"ui/assets/fontawesome/svgs/solid/lightbulb.svg",
			"ui/assets/fontawesome/svgs/solid/link.svg",
			"ui/assets/fontawesome/svgs/solid/lira-sign.svg",
			"ui/assets/fontawesome/svgs/solid/list-alt.svg",
			"ui/assets/fontawesome/svgs/solid/list-ol.svg",
			"ui/assets/fontawesome/svgs/solid/list-ul.svg",
			"ui/assets/fontawesome/svgs/solid/list.svg",
			"ui/assets/fontawesome/svgs/solid/location-arrow.svg",
			"ui/assets/fontawesome/svgs/solid/lock-open.svg",
			"ui/assets/fontawesome/svgs/solid/lock.svg",
			"ui/assets/fontawesome/svgs/solid/long-arrow-alt-down.svg",
			"ui/assets/fontawesome/svgs/solid/long-arrow-alt-left.svg",
			"ui/assets/fontawesome/svgs/solid/long-arrow-alt-right.svg",
			"ui/assets/fontawesome/svgs/solid/long-arrow-alt-up.svg",
			"ui/assets/fontawesome/svgs/solid/low-vision.svg",
			"ui/assets/fontawesome/svgs/solid/luggage-cart.svg",
			"ui/assets/fontawesome/svgs/solid/magic.svg",
			"ui/assets/fontawesome/svgs/solid/magnet.svg",
			"ui/assets/fontawesome/svgs/solid/mail-bulk.svg",
			"ui/assets/fontawesome/svgs/solid/male.svg",
			"ui/assets/fontawesome/svgs/solid/map-marked-alt.svg",
			"ui/assets/fontawesome/svgs/solid/map-marked.svg",
			"ui/assets/fontawesome/svgs/solid/map-marker-alt.svg",
			"ui/assets/fontawesome/svgs/solid/map-marker.svg",
			"ui/assets/fontawesome/svgs/solid/map-pin.svg",
			"ui/assets/fontawesome/svgs/solid/map-signs.svg",
			"ui/assets/fontawesome/svgs/solid/map.svg",
			"ui/assets/fontawesome/svgs/solid/marker.svg",
			"ui/assets/fontawesome/svgs/solid/mars-double.svg",
			"ui/assets/fontawesome/svgs/solid/mars-stroke-h.svg",
			"ui/assets/fontawesome/svgs/solid/mars-stroke-v.svg",
			"ui/assets/fontawesome/svgs/solid/mars-stroke.svg",
			"ui/assets/fontawesome/svgs/solid/mars.svg",
			"ui/assets/fontawesome/svgs/solid/mask.svg",
			"ui/assets/fontawesome/svgs/solid/medal.svg",
			"ui/assets/fontawesome/svgs/solid/medkit.svg",
			"ui/assets/fontawesome/svgs/solid/meh-blank.svg",
			"ui/assets/fontawesome/svgs/solid/meh-rolling-eyes.svg",
			"ui/assets/fontawesome/svgs/solid/meh.svg",
			"ui/assets/fontawesome/svgs/solid/memory.svg",
			"ui/assets/fontawesome/svgs/solid/menorah.svg",
			"ui/assets/fontawesome/svgs/solid/mercury.svg",
			"ui/assets/fontawesome/svgs/solid/meteor.svg",
			"ui/assets/fontawesome/svgs/solid/microchip.svg",
			"ui/assets/fontawesome/svgs/solid/microphone-alt-slash.svg",
			"ui/assets/fontawesome/svgs/solid/microphone-alt.svg",
			"ui/assets/fontawesome/svgs/solid/microphone-slash.svg",
			"ui/assets/fontawesome/svgs/solid/microphone.svg",
			"ui/assets/fontawesome/svgs/solid/microscope.svg",
			"ui/assets/fontawesome/svgs/solid/minus-circle.svg",
			"ui/assets/fontawesome/svgs/solid/minus-square.svg",
			"ui/assets/fontawesome/svgs/solid/minus.svg",
			"ui/assets/fontawesome/svgs/solid/mitten.svg",
			"ui/assets/fontawesome/svgs/solid/mobile-alt.svg",
			"ui/assets/fontawesome/svgs/solid/mobile.svg",
			"ui/assets/fontawesome/svgs/solid/money-bill-alt.svg",
			"ui/assets/fontawesome/svgs/solid/money-bill-wave-alt.svg",
			"ui/assets/fontawesome/svgs/solid/money-bill-wave.svg",
			"ui/assets/fontawesome/svgs/solid/money-bill.svg",
			"ui/assets/fontawesome/svgs/solid/money-check-alt.svg",
			"ui/assets/fontawesome/svgs/solid/money-check.svg",
			"ui/assets/fontawesome/svgs/solid/monument.svg",
			"ui/assets/fontawesome/svgs/solid/moon.svg",
			"ui/assets/fontawesome/svgs/solid/mortar-pestle.svg",
			"ui/assets/fontawesome/svgs/solid/mosque.svg",
			"ui/assets/fontawesome/svgs/solid/motorcycle.svg",
			"ui/assets/fontawesome/svgs/solid/mountain.svg",
			"ui/assets/fontawesome/svgs/solid/mouse-pointer.svg",
			"ui/assets/fontawesome/svgs/solid/mug-hot.svg",
			"ui/assets/fontawesome/svgs/solid/music.svg",
			"ui/assets/fontawesome/svgs/solid/network-wired.svg",
			"ui/assets/fontawesome/svgs/solid/neuter.svg",
			"ui/assets/fontawesome/svgs/solid/newspaper.svg",
			"ui/assets/fontawesome/svgs/solid/not-equal.svg",
			"ui/assets/fontawesome/svgs/solid/notes-medical.svg",
			"ui/assets/fontawesome/svgs/solid/object-group.svg",
			"ui/assets/fontawesome/svgs/solid/object-ungroup.svg",
			"ui/assets/fontawesome/svgs/solid/oil-can.svg",
			"ui/assets/fontawesome/svgs/solid/om.svg",
			"ui/assets/fontawesome/svgs/solid/otter.svg",
			"ui/assets/fontawesome/svgs/solid/outdent.svg",
			"ui/assets/fontawesome/svgs/solid/pager.svg",
			"ui/assets/fontawesome/svgs/solid/paint-brush.svg",
			"ui/assets/fontawesome/svgs/solid/paint-roller.svg",
			"ui/assets/fontawesome/svgs/solid/palette.svg",
			"ui/assets/fontawesome/svgs/solid/pallet.svg",
			"ui/assets/fontawesome/svgs/solid/paper-plane.svg",
			"ui/assets/fontawesome/svgs/solid/paperclip.svg",
			"ui/assets/fontawesome/svgs/solid/parachute-box.svg",
			"ui/assets/fontawesome/svgs/solid/paragraph.svg",
			"ui/assets/fontawesome/svgs/solid/parking.svg",
			"ui/assets/fontawesome/svgs/solid/passport.svg",
			"ui/assets/fontawesome/svgs/solid/pastafarianism.svg",
			"ui/assets/fontawesome/svgs/solid/paste.svg",
			"ui/assets/fontawesome/svgs/solid/pause-circle.svg",
			"ui/assets/fontawesome/svgs/solid/pause.svg",
			"ui/assets/fontawesome/svgs/solid/paw.svg",
			"ui/assets/fontawesome/svgs/solid/peace.svg",
			"ui/assets/fontawesome/svgs/solid/pen-alt.svg",
			"ui/assets/fontawesome/svgs/solid/pen-fancy.svg",
			"ui/assets/fontawesome/svgs/solid/pen-nib.svg",
			"ui/assets/fontawesome/svgs/solid/pen-square.svg",
			"ui/assets/fontawesome/svgs/solid/pen.svg",
			"ui/assets/fontawesome/svgs/solid/pencil-alt.svg",
			"ui/assets/fontawesome/svgs/solid/pencil-ruler.svg",
			"ui/assets/fontawesome/svgs/solid/people-carry.svg",
			"ui/assets/fontawesome/svgs/solid/pepper-hot.svg",
			"ui/assets/fontawesome/svgs/solid/percent.svg",
			"ui/assets/fontawesome/svgs/solid/percentage.svg",
			"ui/assets/fontawesome/svgs/solid/person-booth.svg",
			"ui/assets/fontawesome/svgs/solid/phone-slash.svg",
			"ui/assets/fontawesome/svgs/solid/phone-square.svg",
			"ui/assets/fontawesome/svgs/solid/phone-volume.svg",
			"ui/assets/fontawesome/svgs/solid/phone.svg",
			"ui/assets/fontawesome/svgs/solid/piggy-bank.svg",
			"ui/assets/fontawesome/svgs/solid/pills.svg",
			"ui/assets/fontawesome/svgs/solid/pizza-slice.svg",
			"ui/assets/fontawesome/svgs/solid/place-of-worship.svg",
			"ui/assets/fontawesome/svgs/solid/plane-arrival.svg",
			"ui/assets/fontawesome/svgs/solid/plane-departure.svg",
			"ui/assets/fontawesome/svgs/solid/plane.svg",
			"ui/assets/fontawesome/svgs/solid/play-circle.svg",
			"ui/assets/fontawesome/svgs/solid/play.svg",
			"ui/assets/fontawesome/svgs/solid/plug.svg",
			"ui/assets/fontawesome/svgs/solid/plus-circle.svg",
			"ui/assets/fontawesome/svgs/solid/plus-square.svg",
			"ui/assets/fontawesome/svgs/solid/plus.svg",
			"ui/assets/fontawesome/svgs/solid/podcast.svg",
			"ui/assets/fontawesome/svgs/solid/poll-h.svg",
			"ui/assets/fontawesome/svgs/solid/poll.svg",
			"ui/assets/fontawesome/svgs/solid/poo-storm.svg",
			"ui/assets/fontawesome/svgs/solid/poo.svg",
			"ui/assets/fontawesome/svgs/solid/poop.svg",
			"ui/assets/fontawesome/svgs/solid/portrait.svg",
			"ui/assets/fontawesome/svgs/solid/pound-sign.svg",
			"ui/assets/fontawesome/svgs/solid/power-off.svg",
			"ui/assets/fontawesome/svgs/solid/pray.svg",
			"ui/assets/fontawesome/svgs/solid/praying-hands.svg",
			"ui/assets/fontawesome/svgs/solid/prescription-bottle-alt.svg",
			"ui/assets/fontawesome/svgs/solid/prescription-bottle.svg",
			"ui/assets/fontawesome/svgs/solid/prescription.svg",
			"ui/assets/fontawesome/svgs/solid/print.svg",
			"ui/assets/fontawesome/svgs/solid/procedures.svg",
			"ui/assets/fontawesome/svgs/solid/project-diagram.svg",
			"ui/assets/fontawesome/svgs/solid/puzzle-piece.svg",
			"ui/assets/fontawesome/svgs/solid/qrcode.svg",
			"ui/assets/fontawesome/svgs/solid/question-circle.svg",
			"ui/assets/fontawesome/svgs/solid/question.svg",
			"ui/assets/fontawesome/svgs/solid/quidditch.svg",
			"ui/assets/fontawesome/svgs/solid/quote-left.svg",
			"ui/assets/fontawesome/svgs/solid/quote-right.svg",
			"ui/assets/fontawesome/svgs/solid/quran.svg",
			"ui/assets/fontawesome/svgs/solid/radiation-alt.svg",
			"ui/assets/fontawesome/svgs/solid/radiation.svg",
			"ui/assets/fontawesome/svgs/solid/rainbow.svg",
			"ui/assets/fontawesome/svgs/solid/random.svg",
			"ui/assets/fontawesome/svgs/solid/receipt.svg",
			"ui/assets/fontawesome/svgs/solid/recycle.svg",
			"ui/assets/fontawesome/svgs/solid/redo-alt.svg",
			"ui/assets/fontawesome/svgs/solid/redo.svg",
			"ui/assets/fontawesome/svgs/solid/registered.svg",
			"ui/assets/fontawesome/svgs/solid/reply-all.svg",
			"ui/assets/fontawesome/svgs/solid/reply.svg",
			"ui/assets/fontawesome/svgs/solid/republican.svg",
			"ui/assets/fontawesome/svgs/solid/restroom.svg",
			"ui/assets/fontawesome/svgs/solid/retweet.svg",
			"ui/assets/fontawesome/svgs/solid/ribbon.svg",
			"ui/assets/fontawesome/svgs/solid/ring.svg",
			"ui/assets/fontawesome/svgs/solid/road.svg",
			"ui/assets/fontawesome/svgs/solid/robot.svg",
			"ui/assets/fontawesome/svgs/solid/rocket.svg",
			"ui/assets/fontawesome/svgs/solid/route.svg",
			"ui/assets/fontawesome/svgs/solid/rss-square.svg",
			"ui/assets/fontawesome/svgs/solid/rss.svg",
			"ui/assets/fontawesome/svgs/solid/ruble-sign.svg",
			"ui/assets/fontawesome/svgs/solid/ruler-combined.svg",
			"ui/assets/fontawesome/svgs/solid/ruler-horizontal.svg",
			"ui/assets/fontawesome/svgs/solid/ruler-vertical.svg",
			"ui/assets/fontawesome/svgs/solid/ruler.svg",
			"ui/assets/fontawesome/svgs/solid/running.svg",
			"ui/assets/fontawesome/svgs/solid/rupee-sign.svg",
			"ui/assets/fontawesome/svgs/solid/sad-cry.svg",
			"ui/assets/fontawesome/svgs/solid/sad-tear.svg",
			"ui/assets/fontawesome/svgs/solid/satellite-dish.svg",
			"ui/assets/fontawesome/svgs/solid/satellite.svg",
			"ui/assets/fontawesome/svgs/solid/save.svg",
			"ui/assets/fontawesome/svgs/solid/school.svg",
			"ui/assets/fontawesome/svgs/solid/screwdriver.svg",
			"ui/assets/fontawesome/svgs/solid/scroll.svg",
			"ui/assets/fontawesome/svgs/solid/sd-card.svg",
			"ui/assets/fontawesome/svgs/solid/search-dollar.svg",
			"ui/assets/fontawesome/svgs/solid/search-location.svg",
			"ui/assets/fontawesome/svgs/solid/search-minus.svg",
			"ui/assets/fontawesome/svgs/solid/search-plus.svg",
			"ui/assets/fontawesome/svgs/solid/search.svg",
			"ui/assets/fontawesome/svgs/solid/seedling.svg",
			"ui/assets/fontawesome/svgs/solid/server.svg",
			"ui/assets/fontawesome/svgs/solid/shapes.svg",
			"ui/assets/fontawesome/svgs/solid/share-alt-square.svg",
			"ui/assets/fontawesome/svgs/solid/share-alt.svg",
			"ui/assets/fontawesome/svgs/solid/share-square.svg",
			"ui/assets/fontawesome/svgs/solid/share.svg",
			"ui/assets/fontawesome/svgs/solid/shekel-sign.svg",
			"ui/assets/fontawesome/svgs/solid/shield-alt.svg",
			"ui/assets/fontawesome/svgs/solid/ship.svg",
			"ui/assets/fontawesome/svgs/solid/shipping-fast.svg",
			"ui/assets/fontawesome/svgs/solid/shoe-prints.svg",
			"ui/assets/fontawesome/svgs/solid/shopping-bag.svg",
			"ui/assets/fontawesome/svgs/solid/shopping-basket.svg",
			"ui/assets/fontawesome/svgs/solid/shopping-cart.svg",
			"ui/assets/fontawesome/svgs/solid/shower.svg",
			"ui/assets/fontawesome/svgs/solid/shuttle-van.svg",
			"ui/assets/fontawesome/svgs/solid/sign-in-alt.svg",
			"ui/assets/fontawesome/svgs/solid/sign-language.svg",
			"ui/assets/fontawesome/svgs/solid/sign-out-alt.svg",
			"ui/assets/fontawesome/svgs/solid/sign.svg",
			"ui/assets/fontawesome/svgs/solid/signal.svg",
			"ui/assets/fontawesome/svgs/solid/signature.svg",
			"ui/assets/fontawesome/svgs/solid/sim-card.svg",
			"ui/assets/fontawesome/svgs/solid/sitemap.svg",
			"ui/assets/fontawesome/svgs/solid/skating.svg",
			"ui/assets/fontawesome/svgs/solid/skiing-nordic.svg",
			"ui/assets/fontawesome/svgs/solid/skiing.svg",
			"ui/assets/fontawesome/svgs/solid/skull-crossbones.svg",
			"ui/assets/fontawesome/svgs/solid/skull.svg",
			"ui/assets/fontawesome/svgs/solid/slash.svg",
			"ui/assets/fontawesome/svgs/solid/sleigh.svg",
			"ui/assets/fontawesome/svgs/solid/sliders-h.svg",
			"ui/assets/fontawesome/svgs/solid/smile-beam.svg",
			"ui/assets/fontawesome/svgs/solid/smile-wink.svg",
			"ui/assets/fontawesome/svgs/solid/smile.svg",
			"ui/assets/fontawesome/svgs/solid/smog.svg",
			"ui/assets/fontawesome/svgs/solid/smoking-ban.svg",
			"ui/assets/fontawesome/svgs/solid/smoking.svg",
			"ui/assets/fontawesome/svgs/solid/sms.svg",
			"ui/assets/fontawesome/svgs/solid/snowboarding.svg",
			"ui/assets/fontawesome/svgs/solid/snowflake.svg",
			"ui/assets/fontawesome/svgs/solid/snowman.svg",
			"ui/assets/fontawesome/svgs/solid/snowplow.svg",
			"ui/assets/fontawesome/svgs/solid/socks.svg",
			"ui/assets/fontawesome/svgs/solid/solar-panel.svg",
			"ui/assets/fontawesome/svgs/solid/sort-alpha-down.svg",
			"ui/assets/fontawesome/svgs/solid/sort-alpha-up.svg",
			"ui/assets/fontawesome/svgs/solid/sort-amount-down.svg",
			"ui/assets/fontawesome/svgs/solid/sort-amount-up.svg",
			"ui/assets/fontawesome/svgs/solid/sort-down.svg",
			"ui/assets/fontawesome/svgs/solid/sort-numeric-down.svg",
			"ui/assets/fontawesome/svgs/solid/sort-numeric-up.svg",
			"ui/assets/fontawesome/svgs/solid/sort-up.svg",
			"ui/assets/fontawesome/svgs/solid/sort.svg",
			"ui/assets/fontawesome/svgs/solid/spa.svg",
			"ui/assets/fontawesome/svgs/solid/space-shuttle.svg",
			"ui/assets/fontawesome/svgs/solid/spider.svg",
			"ui/assets/fontawesome/svgs/solid/spinner.svg",
			"ui/assets/fontawesome/svgs/solid/splotch.svg",
			"ui/assets/fontawesome/svgs/solid/spray-can.svg",
			"ui/assets/fontawesome/svgs/solid/square-full.svg",
			"ui/assets/fontawesome/svgs/solid/square-root-alt.svg",
			"ui/assets/fontawesome/svgs/solid/square.svg",
			"ui/assets/fontawesome/svgs/solid/stamp.svg",
			"ui/assets/fontawesome/svgs/solid/star-and-crescent.svg",
			"ui/assets/fontawesome/svgs/solid/star-half-alt.svg",
			"ui/assets/fontawesome/svgs/solid/star-half.svg",
			"ui/assets/fontawesome/svgs/solid/star-of-david.svg",
			"ui/assets/fontawesome/svgs/solid/star-of-life.svg",
			"ui/assets/fontawesome/svgs/solid/star.svg",
			"ui/assets/fontawesome/svgs/solid/step-backward.svg",
			"ui/assets/fontawesome/svgs/solid/step-forward.svg",
			"ui/assets/fontawesome/svgs/solid/stethoscope.svg",
			"ui/assets/fontawesome/svgs/solid/sticky-note.svg",
			"ui/assets/fontawesome/svgs/solid/stop-circle.svg",
			"ui/assets/fontawesome/svgs/solid/stop.svg",
			"ui/assets/fontawesome/svgs/solid/stopwatch.svg",
			"ui/assets/fontawesome/svgs/solid/store-alt.svg",
			"ui/assets/fontawesome/svgs/solid/store.svg",
			"ui/assets/fontawesome/svgs/solid/stream.svg",
			"ui/assets/fontawesome/svgs/solid/street-view.svg",
			"ui/assets/fontawesome/svgs/solid/strikethrough.svg",
			"ui/assets/fontawesome/svgs/solid/stroopwafel.svg",
			"ui/assets/fontawesome/svgs/solid/subscript.svg",
			"ui/assets/fontawesome/svgs/solid/subway.svg",
			"ui/assets/fontawesome/svgs/solid/suitcase-rolling.svg",
			"ui/assets/fontawesome/svgs/solid/suitcase.svg",
			"ui/assets/fontawesome/svgs/solid/sun.svg",
			"ui/assets/fontawesome/svgs/solid/superscript.svg",
			"ui/assets/fontawesome/svgs/solid/surprise.svg",
			"ui/assets/fontawesome/svgs/solid/swatchbook.svg",
			"ui/assets/fontawesome/svgs/solid/swimmer.svg",
			"ui/assets/fontawesome/svgs/solid/swimming-pool.svg",
			"ui/assets/fontawesome/svgs/solid/synagogue.svg",
			"ui/assets/fontawesome/svgs/solid/sync-alt.svg",
			"ui/assets/fontawesome/svgs/solid/sync.svg",
			"ui/assets/fontawesome/svgs/solid/syringe.svg",
			"ui/assets/fontawesome/svgs/solid/table-tennis.svg",
			"ui/assets/fontawesome/svgs/solid/table.svg",
			"ui/assets/fontawesome/svgs/solid/tablet-alt.svg",
			"ui/assets/fontawesome/svgs/solid/tablet.svg",
			"ui/assets/fontawesome/svgs/solid/tablets.svg",
			"ui/assets/fontawesome/svgs/solid/tachometer-alt.svg",
			"ui/assets/fontawesome/svgs/solid/tag.svg",
			"ui/assets/fontawesome/svgs/solid/tags.svg",
			"ui/assets/fontawesome/svgs/solid/tape.svg",
			"ui/assets/fontawesome/svgs/solid/tasks.svg",
			"ui/assets/fontawesome/svgs/solid/taxi.svg",
			"ui/assets/fontawesome/svgs/solid/teeth-open.svg",
			"ui/assets/fontawesome/svgs/solid/teeth.svg",
			"ui/assets/fontawesome/svgs/solid/temperature-high.svg",
			"ui/assets/fontawesome/svgs/solid/temperature-low.svg",
			"ui/assets/fontawesome/svgs/solid/tenge.svg",
			"ui/assets/fontawesome/svgs/solid/terminal.svg",
			"ui/assets/fontawesome/svgs/solid/text-height.svg",
			"ui/assets/fontawesome/svgs/solid/text-width.svg",
			"ui/assets/fontawesome/svgs/solid/th-large.svg",
			"ui/assets/fontawesome/svgs/solid/th-list.svg",
			"ui/assets/fontawesome/svgs/solid/th.svg",
			"ui/assets/fontawesome/svgs/solid/theater-masks.svg",
			"ui/assets/fontawesome/svgs/solid/thermometer-empty.svg",
			"ui/assets/fontawesome/svgs/solid/thermometer-full.svg",
			"ui/assets/fontawesome/svgs/solid/thermometer-half.svg",
			"ui/assets/fontawesome/svgs/solid/thermometer-quarter.svg",
			"ui/assets/fontawesome/svgs/solid/thermometer-three-quarters.svg",
			"ui/assets/fontawesome/svgs/solid/thermometer.svg",
			"ui/assets/fontawesome/svgs/solid/thumbs-down.svg",
			"ui/assets/fontawesome/svgs/solid/thumbs-up.svg",
			"ui/assets/fontawesome/svgs/solid/thumbtack.svg",
			"ui/assets/fontawesome/svgs/solid/ticket-alt.svg",
			"ui/assets/fontawesome/svgs/solid/times-circle.svg",
			"ui/assets/fontawesome/svgs/solid/times.svg",
			"ui/assets/fontawesome/svgs/solid/tint-slash.svg",
			"ui/assets/fontawesome/svgs/solid/tint.svg",
			"ui/assets/fontawesome/svgs/solid/tired.svg",
			"ui/assets/fontawesome/svgs/solid/toggle-off.svg",
			"ui/assets/fontawesome/svgs/solid/toggle-on.svg",
			"ui/assets/fontawesome/svgs/solid/toilet-paper.svg",
			"ui/assets/fontawesome/svgs/solid/toilet.svg",
			"ui/assets/fontawesome/svgs/solid/toolbox.svg",
			"ui/assets/fontawesome/svgs/solid/tools.svg",
			"ui/assets/fontawesome/svgs/solid/tooth.svg",
			"ui/assets/fontawesome/svgs/solid/torah.svg",
			"ui/assets/fontawesome/svgs/solid/torii-gate.svg",
			"ui/assets/fontawesome/svgs/solid/tractor.svg",
			"ui/assets/fontawesome/svgs/solid/trademark.svg",
			"ui/assets/fontawesome/svgs/solid/traffic-light.svg",
			"ui/assets/fontawesome/svgs/solid/train.svg",
			"ui/assets/fontawesome/svgs/solid/tram.svg",
			"ui/assets/fontawesome/svgs/solid/transgender-alt.svg",
			"ui/assets/fontawesome/svgs/solid/transgender.svg",
			"ui/assets/fontawesome/svgs/solid/trash-alt.svg",
			"ui/assets/fontawesome/svgs/solid/trash-restore-alt.svg",
			"ui/assets/fontawesome/svgs/solid/trash-restore.svg",
			"ui/assets/fontawesome/svgs/solid/trash.svg",
			"ui/assets/fontawesome/svgs/solid/tree.svg",
			"ui/assets/fontawesome/svgs/solid/trophy.svg",
			"ui/assets/fontawesome/svgs/solid/truck-loading.svg",
			"ui/assets/fontawesome/svgs/solid/truck-monster.svg",
			"ui/assets/fontawesome/svgs/solid/truck-moving.svg",
			"ui/assets/fontawesome/svgs/solid/truck-pickup.svg",
			"ui/assets/fontawesome/svgs/solid/truck.svg",
			"ui/assets/fontawesome/svgs/solid/tshirt.svg",
			"ui/assets/fontawesome/svgs/solid/tty.svg",
			"ui/assets/fontawesome/svgs/solid/tv.svg",
			"ui/assets/fontawesome/svgs/solid/umbrella-beach.svg",
			"ui/assets/fontawesome/svgs/solid/umbrella.svg",
			"ui/assets/fontawesome/svgs/solid/underline.svg",
			"ui/assets/fontawesome/svgs/solid/undo-alt.svg",
			"ui/assets/fontawesome/svgs/solid/undo.svg",
			"ui/assets/fontawesome/svgs/solid/universal-access.svg",
			"ui/assets/fontawesome/svgs/solid/university.svg",
			"ui/assets/fontawesome/svgs/solid/unlink.svg",
			"ui/assets/fontawesome/svgs/solid/unlock-alt.svg",
			"ui/assets/fontawesome/svgs/solid/unlock.svg",
			"ui/assets/fontawesome/svgs/solid/upload.svg",
			"ui/assets/fontawesome/svgs/solid/user-alt-slash.svg",
			"ui/assets/fontawesome/svgs/solid/user-alt.svg",
			"ui/assets/fontawesome/svgs/solid/user-astronaut.svg",
			"ui/assets/fontawesome/svgs/solid/user-check.svg",
			"ui/assets/fontawesome/svgs/solid/user-circle.svg",
			"ui/assets/fontawesome/svgs/solid/user-clock.svg",
			"ui/assets/fontawesome/svgs/solid/user-cog.svg",
			"ui/assets/fontawesome/svgs/solid/user-edit.svg",
			"ui/assets/fontawesome/svgs/solid/user-friends.svg",
			"ui/assets/fontawesome/svgs/solid/user-graduate.svg",
			"ui/assets/fontawesome/svgs/solid/user-injured.svg",
			"ui/assets/fontawesome/svgs/solid/user-lock.svg",
			"ui/assets/fontawesome/svgs/solid/user-md.svg",
			"ui/assets/fontawesome/svgs/solid/user-minus.svg",
			"ui/assets/fontawesome/svgs/solid/user-ninja.svg",
			"ui/assets/fontawesome/svgs/solid/user-nurse.svg",
			"ui/assets/fontawesome/svgs/solid/user-plus.svg",
			"ui/assets/fontawesome/svgs/solid/user-secret.svg",
			"ui/assets/fontawesome/svgs/solid/user-shield.svg",
			"ui/assets/fontawesome/svgs/solid/user-slash.svg",
			"ui/assets/fontawesome/svgs/solid/user-tag.svg",
			"ui/assets/fontawesome/svgs/solid/user-tie.svg",
			"ui/assets/fontawesome/svgs/solid/user-times.svg",
			"ui/assets/fontawesome/svgs/solid/user.svg",
			"ui/assets/fontawesome/svgs/solid/users-cog.svg",
			"ui/assets/fontawesome/svgs/solid/users.svg",
			"ui/assets/fontawesome/svgs/solid/utensil-spoon.svg",
			"ui/assets/fontawesome/svgs/solid/utensils.svg",
			"ui/assets/fontawesome/svgs/solid/vector-square.svg",
			"ui/assets/fontawesome/svgs/solid/venus-double.svg",
			"ui/assets/fontawesome/svgs/solid/venus-mars.svg",
			"ui/assets/fontawesome/svgs/solid/venus.svg",
			"ui/assets/fontawesome/svgs/solid/vial.svg",
			"ui/assets/fontawesome/svgs/solid/vials.svg",
			"ui/assets/fontawesome/svgs/solid/video-slash.svg",
			"ui/assets/fontawesome/svgs/solid/video.svg",
			"ui/assets/fontawesome/svgs/solid/vihara.svg",
			"ui/assets/fontawesome/svgs/solid/volleyball-ball.svg",
			"ui/assets/fontawesome/svgs/solid/volume-down.svg",
			"ui/assets/fontawesome/svgs/solid/volume-mute.svg",
			"ui/assets/fontawesome/svgs/solid/volume-off.svg",
			"ui/assets/fontawesome/svgs/solid/volume-up.svg",
			"ui/assets/fontawesome/svgs/solid/vote-yea.svg",
			"ui/assets/fontawesome/svgs/solid/vr-cardboard.svg",
			"ui/assets/fontawesome/svgs/solid/walking.svg",
			"ui/assets/fontawesome/svgs/solid/wallet.svg",
			"ui/assets/fontawesome/svgs/solid/warehouse.svg",
			"ui/assets/fontawesome/svgs/solid/water.svg",
			"ui/assets/fontawesome/svgs/solid/wave-square.svg",
			"ui/assets/fontawesome/svgs/solid/weight-hanging.svg",
			"ui/assets/fontawesome/svgs/solid/weight.svg",
			"ui/assets/fontawesome/svgs/solid/wheelchair.svg",
			"ui/assets/fontawesome/svgs/solid/wifi.svg",
			"ui/assets/fontawesome/svgs/solid/wind.svg",
			"ui/assets/fontawesome/svgs/solid/window-close.svg",
			"ui/assets/fontawesome/svgs/solid/window-maximize.svg",
			"ui/assets/fontawesome/svgs/solid/window-minimize.svg",
			"ui/assets/fontawesome/svgs/solid/window-restore.svg",
			"ui/assets/fontawesome/svgs/solid/wine-bottle.svg",
			"ui/assets/fontawesome/svgs/solid/wine-glass-alt.svg",
			"ui/assets/fontawesome/svgs/solid/wine-glass.svg",
			"ui/assets/fontawesome/svgs/solid/won-sign.svg",
			"ui/assets/fontawesome/svgs/solid/wrench.svg",
			"ui/assets/fontawesome/svgs/solid/x-ray.svg",
			"ui/assets/fontawesome/svgs/solid/yen-sign.svg",
			"ui/assets/fontawesome/svgs/solid/yin-yang.svg",
			"ui/assets/fontawesome/webfonts/fa-brands-400.eot",
			"ui/assets/fontawesome/webfonts/fa-brands-400.svg",
			"ui/assets/fontawesome/webfonts/fa-brands-400.ttf",
			"ui/assets/fontawesome/webfonts/fa-brands-400.woff",
			"ui/assets/fontawesome/webfonts/fa-brands-400.woff2",
			"ui/assets/fontawesome/webfonts/fa-regular-400.eot",
			"ui/assets/fontawesome/webfonts/fa-regular-400.svg",
			"ui/assets/fontawesome/webfonts/fa-regular-400.ttf",
			"ui/assets/fontawesome/webfonts/fa-regular-400.woff",
			"ui/assets/fontawesome/webfonts/fa-regular-400.woff2",
			"ui/assets/fontawesome/webfonts/fa-solid-900.eot",
			"ui/assets/fontawesome/webfonts/fa-solid-900.svg",
			"ui/assets/fontawesome/webfonts/fa-solid-900.ttf",
			"ui/assets/fontawesome/webfonts/fa-solid-900.woff",
			"ui/assets/fontawesome/webfonts/fa-solid-900.woff2",
			"ui/assets/images/android.svg",
			"ui/assets/images/gateway.svg",
			"ui/assets/images/logo.png",
			"ui/assets/openlayers/ol.css",
			"ui/assets/openlayers/ol.js",
			"ui/fa-brands-400.eot",
			"ui/fa-brands-400.svg",
			"ui/fa-brands-400.ttf",
			"ui/fa-brands-400.woff",
			"ui/fa-brands-400.woff2",
			"ui/fa-regular-400.eot",
			"ui/fa-regular-400.svg",
			"ui/fa-regular-400.ttf",
			"ui/fa-regular-400.woff",
			"ui/fa-regular-400.woff2",
			"ui/fa-solid-900.eot",
			"ui/fa-solid-900.svg",
			"ui/fa-solid-900.ttf",
			"ui/fa-solid-900.woff",
			"ui/fa-solid-900.woff2",
			"ui/favicon.ico",
			"ui/index.html",
			"ui/main.js",
			"ui/main.js.map",
			"ui/polyfills.js",
			"ui/polyfills.js.map",
			"ui/runtime.js",
			"ui/runtime.js.map",
			"ui/scripts.js",
			"ui/scripts.js.map",
			"ui/styles.js",
			"ui/styles.js.map",
			"ui/vendor.js",
			"ui/vendor.js.map"
		]
	},
	"Files": {
		"ui/assets/fontawesome/LICENSE.txt": "/root/research/bettercap/modules/ui/ui/assets/fontawesome/LICENSE.txt",
		"ui/assets/fontawesome/css/all.css": "/root/research/bettercap/modules/ui/ui/assets/fontawesome/css/all.css",
		"ui/assets/fontawesome/css/all.min.css": "/root/research/bettercap/modules/ui/ui/assets/fontawesome/css/all.min.css",
		"ui/assets/fontawesome/css/brands.css": "/root/research/bettercap/modules/ui/ui/assets/fontawesome/css/brands.css",
		"ui/assets/fontawesome/css/brands.min.css": "/root/research/bettercap/modules/ui/ui/assets/fontawesome/css/brands.min.css",
		"ui/assets/fontawesome/css/fontawesome.css": "/root/research/bettercap/modules/ui/ui/assets/fontawesome/css/fontawesome.css",
		"ui/assets/fontawesome/css/fontawesome.min.css": "/root/research/bettercap/modules/ui/ui/assets/fontawesome/css/fontawesome.min.css",
		"ui/assets/fontawesome/css/regular.css": "/root/research/bettercap/modules/ui/ui/assets/fontawesome/css/regular.css",
		"ui/assets/fontawesome/css/regular.min.css": "/root/research/bettercap/modules/ui/ui/assets/fontawesome/css/regular.min.css",
		"ui/assets/fontawesome/css/solid.css": "/root/research/bettercap/modules/ui/ui/assets/fontawesome/css/solid.css",
		"ui/assets/fontawesome/css/solid.min.css": "/root/research/bettercap/modules/ui/ui/assets/fontawesome/css/solid.min.css",
		"ui/assets/fontawesome/css/svg-with-js.css": "/root/research/bettercap/modules/ui/ui/assets/fontawesome/css/svg-with-js.css",
		"ui/assets/fontawesome/css/svg-with-js.min.css": "/root/research/bettercap/modules/ui/ui/assets/fontawesome/css/svg-with-js.min.css",
		"ui/assets/fontawesome/css/v4-shims.css": "/root/research/bettercap/modules/ui/ui/assets/fontawesome/css/v4-shims.css",
		"ui/assets/fontawesome/css/v4-shims.min.css": "/root/research/bettercap/modules/ui/ui/assets/fontawesome/css/v4-shims.min.css",
		"ui/assets/fontawesome/js/all.js": "/root/research/bettercap/modules/ui/ui/assets/fontawesome/js/all.js",
		"ui/assets/fontawesome/js/all.min.js": "/root/research/bettercap/modules/ui/ui/assets/fontawesome/js/all.min.js",
		"ui/assets/fontawesome/js/brands.js": "/root/research/bettercap/modules/ui/ui/assets/fontawesome/js/brands.js",
		"ui/assets/fontawesome/js/brands.min.js": "/root/research/bettercap/modules/ui/ui/assets/fontawesome/js/brands.min.js",
		"ui/assets/fontawesome/js/fontawesome.js": "/root/research/bettercap/modules/ui/ui/assets/fontawesome/js/fontawesome.js",
		"ui/assets/fontawesome/js/fontawesome.min.js": "/root/research/bettercap/modules/ui/ui/assets/fontawesome/js/fontawesome.min.js",
		"ui/assets/fontawesome/js/regular.js": "/root/research/bettercap/modules/ui/ui/assets/fontawesome/js/regular.js",
		"ui/assets/fontawesome/js/regular.min.js": "/root/research/bettercap/modules/ui/ui/assets/fontawesome/js/regular.min.js",
		"ui/assets/fontawesome/js/solid.js": "/root/research/bettercap/modules/ui/ui/assets/fontawesome/js/solid.js",
		"ui/assets/fontawesome/js/solid.min.js": "/root/research/bettercap/modules/ui/ui/assets/fontawesome/js/solid.min.js",
		"ui/assets/fontawesome/js/v4-shims.js": "/root/research/bettercap/modules/ui/ui/assets/fontawesome/js/v4-shims.js",
		"ui/assets/fontawesome/js/v4-shims.min.js": "/root/research/bettercap/modules/ui/ui/assets/fontawesome/js/v4-shims.min.js",
		"ui/assets/fontawesome/less/brands.less": "/root/research/bettercap/modules/ui/ui/assets/fontawesome/less/brands.less",
		"ui/assets/fontawesome/less/fontawesome.less": "/root/research/bettercap/modules/ui/ui/assets/fontawesome/less/fontawesome.less",
		"ui/assets/fontawesome/less/regular.less": "/root/research/bettercap/modules/ui/ui/assets/fontawesome/less/regular.less",
		"ui/assets/fontawesome/less/solid.less": "/root/research/bettercap/modules/ui/ui/assets/fontawesome/less/solid.less",
		"ui/assets/fontawesome/less/v4-shims.less": "/root/research/bettercap/modules/ui/ui/assets/fontawesome/less/v4-shims.less",
		"ui/assets/fontawesome/metadata/categories.yml": "/root/research/bettercap/modules/ui/ui/assets/fontawesome/metadata/categories.yml",
		"ui/assets/fontawesome/metadata/icons.json": "/root/research/bettercap/modules/ui/ui/assets/fontawesome/metadata/icons.json",
		"ui/assets/fontawesome/metadata/icons.yml": "/root/research/bettercap/modules/ui/ui/assets/fontawesome/metadata/icons.yml",
		"ui/assets/fontawesome/metadata/shims.json": "/root/research/bettercap/modules/ui/ui/assets/fontawesome/metadata/shims.json",
		"ui/assets/fontawesome/metadata/shims.yml": "/root/research/bettercap/modules/ui/ui/assets/fontawesome/metadata/shims.yml",
		"ui/assets/fontawesome/metadata/sponsors.yml": "/root/research/bettercap/modules/ui/ui/assets/fontawesome/metadata/sponsors.yml",
		"ui/assets/fontawesome/scss/brands.scss": "/root/research/bettercap/modules/ui/ui/assets/fontawesome/scss/brands.scss",
		"ui/assets/fontawesome/scss/fontawesome.scss": "/root/research/bettercap/modules/ui/ui/assets/fontawesome/scss/fontawesome.scss",
		"ui/assets/fontawesome/scss/regular.scss": "/root/research/bettercap/modules/ui/ui/assets/fontawesome/scss/regular.scss",
		"ui/assets/fontawesome/scss/solid.scss": "/root/research/bettercap/modules/ui/ui/assets/fontawesome/scss/solid.scss",
		"ui/assets/fontawesome/scss/v4-shims.scss": "/root/research/bettercap/modules/ui/ui/assets/fontawesome/scss/v4-shims.scss",
		"ui/assets/fontawesome/sprites/brands.svg": "/root/research/bettercap/modules/ui/ui/assets/fontawesome/sprites/brands.svg",
		"ui/assets/fontawesome/sprites/regular.svg": "/root/research/bettercap/modules/ui/ui/assets/fontawesome/sprites/regular.svg",
		"ui/assets/fontawesome/sprites/solid.svg": "/root/research/bettercap/modules/ui/ui/assets/fontawesome/sprites/solid.svg",
		"ui/assets/fontawesome/svgs/brands/500px.svg": "/root/research/bettercap/modules/ui/ui/assets/fontawesome/svgs/brands/500px.svg",
		"ui/assets/fontawesome/svgs/brands/accessible-icon.svg": "/root/research/bettercap/modules/ui/ui/assets/fontawesome/svgs/brands/accessible-icon.svg",
		"ui/assets/fontawesome/svgs/brands/accusoft.svg": "/root/research/bettercap/modules/ui/ui/assets/fontawesome/svgs/brands/accusoft.svg",
		"ui/assets/fontawesome/svgs/brands/acquisitions-incorporated.svg": "/root/research/bettercap/modules/ui/ui/assets/fontawesome/svgs/brands/acquisitions-incorporated.svg",
		"ui/assets/fontawesome/svgs/brands/adn.svg": "/root/research/bettercap/modules/ui/ui/assets/fontawesome/svgs/brands/adn.svg",
		"ui/assets/fontawesome/svgs/brands/adobe.svg": "/root/research/bettercap/modules/ui/ui/assets/fontawesome/svgs/brands/adobe.svg",
		"ui/assets/fontawesome/svgs/brands/adversal.svg": "/root/research/bettercap/modules/ui/ui/assets/fontawesome/svgs/brands/adversal.svg",
		"ui/assets/fontawesome/svgs/brands/affiliatetheme.svg": "/root/research/bettercap/modules/ui/ui/assets/fontawesome/svgs/brands/affiliatetheme.svg",
		"ui/assets/fontawesome/svgs/brands/airbnb.svg": "/root/research/bettercap/modules/ui/ui/assets/fontawesome/svgs/brands/airbnb.svg",
		"ui/assets/fontawesome/svgs/brands/algolia.svg": "/root/research/bettercap/modules/ui/ui/assets/fontawesome/svgs/brands/algolia.svg",
		"ui/assets/fontawesome/svgs/brands/alipay.svg": "/root/research/bettercap/modules/ui/ui/assets/fontawesome/svgs/brands/alipay.svg",
		"ui/assets/fontawesome/svgs/brands/amazon-pay.svg": "/root/research/bettercap/modules/ui/ui/assets/fontawesome/svgs/brands/amazon-pay.svg",
		"ui/assets/fontawesome/svgs/brands/amazon.svg": "/root/research/bettercap/modules/ui/ui/assets/fontawesome/svgs/brands/amazon.svg",
		"ui/assets/fontawesome/svgs/brands/amilia.svg": "/root/research/bettercap/modules/ui/ui/assets/fontawesome/svgs/brands/amilia.svg",
		"ui/assets/fontawesome/svgs/brands/android.svg": "/root/research/bettercap/modules/ui/ui/assets/fontawesome/svgs/brands/android.svg",
		"ui/assets/fontawesome/svgs/brands/angellist.svg": "/root/research/bettercap/modules/ui/ui/assets/fontawesome/svgs/brands/angellist.svg",
		"ui/assets/fontawesome/svgs/brands/angrycreative.svg": "/root/research/bettercap/modules/ui/ui/assets/fontawesome/svgs/brands/angrycreative.svg",
		"ui/assets/fontawesome/svgs/brands/angular.svg": "/root/research/bettercap/modules/ui/ui/assets/fontawesome/svgs/brands/angular.svg",
		"ui/assets/fontawesome/svgs/brands/app-store-ios.svg": "/root/research/bettercap/modules/ui/ui/assets/fontawesome/svgs/brands/app-store-ios.svg",
		"ui/assets/fontawesome/svgs/brands/app-store.svg": "/root/research/bettercap/modules/ui/ui/assets/fontawesome/svgs/brands/app-store.svg",
		"ui/assets/fontawesome/svgs/brands/apper.svg": "/root/research/bettercap/modules/ui/ui/assets/fontawesome/svgs/brands/apper.svg",
		"ui/assets/fontawesome/svgs/brands/apple-pay.svg": "/root/research/bettercap/modules/ui/ui/assets/fontawesome/svgs/brands/apple-pay.svg",
		"ui/assets/fontawesome/svgs/brands/apple.svg": "/root/research/bettercap/modules/ui/ui/assets/fontawesome/svgs/brands/apple.svg",
		"ui/assets/fontawesome/svgs/brands/artstation.svg": "/root/research/bettercap/modules/ui/ui/assets/fontawesome/svgs/brands/artstation.svg",
		"ui/assets/fontawesome/svgs/brands/asymmetrik.svg": "/root/research/bettercap/modules/ui/ui/assets/fontawesome/svgs/brands/asymmetrik.svg",
		"ui/assets/fontawesome/svgs/brands/atlassian.svg": "/root/research/bettercap/modules/ui/ui/assets/fontawesome/svgs/brands/atlassian.svg",
		"ui/assets/fontawesome/svgs/brands/audible.svg": "/root/research/bettercap/modules/ui/ui/assets/fontawesome/svgs/brands/audible.svg",
		"ui/assets/fontawesome/svgs/brands/autoprefixer.svg": "/root/research/bettercap/modules/ui/ui/assets/fontawesome/svgs/brands/autoprefixer.svg",
		"ui/assets/fontawesome/svgs/brands/avianex.svg": "/root/research/bettercap/modules/ui/ui/assets/fontawesome/svgs/brands/avianex.svg",
		"ui/assets/fontawesome/svgs/brands/aviato.svg": "/root/research/bettercap/modules/ui/ui/assets/fontawesome/svgs/brands/aviato.svg",
		"ui/assets/fontawesome/svgs/brands/aws.svg": "/root/research/bettercap/modules/ui/ui/assets/fontawesome/svgs/brands/aws.svg",
		"ui/assets/fontawesome/svgs/brands/bandcamp.svg": "/root/research/bettercap/modules/ui/ui/assets/fontawesome/svgs/brands/bandcamp.svg",
		"ui/assets/fontawesome/svgs/brands/battle-net.svg": "/root/research/bettercap/modules/ui/ui/assets/fontawesome/svgs/brands/battle-net.svg",
		"ui/assets/fontawesome/svgs/brands/behance-square.svg": "/root/research/bettercap/modules/ui/ui/assets/fontawesome/svgs/brands/behance-square.svg",
		"ui/assets/fontawesome/svgs/brands/behance.svg": "/root/research/bettercap/modules/ui/ui/assets/fontawesome/svgs/brands/behance.svg",
		"ui/assets/fontawesome/svgs/brands/bimobject.svg": "/root/research/bettercap/modules/ui/ui/assets/fontawesome/svgs/brands/bimobject.svg",
		"ui/assets/fontawesome/svgs/brands/bitbucket.svg": "/root/research/bettercap/modules/ui/ui/assets/fontawesome/svgs/brands/bitbucket.svg",
		"ui/assets/fontawesome/svgs/brands/bitcoin.svg": "/root/research/bettercap/modules/ui/ui/assets/fontawesome/svgs/brands/bitcoin.svg",
		"ui/assets/fontawesome/svgs/brands/bity.svg": "/root/research/bettercap/modules/ui/ui/assets/fontawesome/svgs/brands/bity.svg",
		"ui/assets/fontawesome/svgs/brands/black-tie.svg": "/root/research/bettercap/modules/ui/ui/assets/fontawesome/svgs/brands/black-tie.svg",
		"ui/assets/fontawesome/svgs/brands/blackberry.svg": "/root/research/bettercap/modules/ui/ui/assets/fontawesome/svgs/brands/blackberry.svg",
		"ui/assets/fontawesome/svgs/brands/blogger-b.svg": "/root/research/bettercap/modules/ui/ui/assets/fontawesome/svgs/brands/blogger-b.svg",
		"ui/assets/fontawesome/svgs/brands/blogger.svg": "/root/research/bettercap/modules/ui/ui/assets/fontawesome/svgs/brands/blogger.svg",
		"ui/assets/fontawesome/svgs/brands/bluetooth-b.svg": "/root/research/bettercap/modules/ui/ui/assets/fontawesome/svgs/brands/bluetooth-b.svg",
		"ui/assets/fontawesome/svgs/brands/bluetooth.svg": "/root/research/bettercap/modules/ui/ui/assets/fontawesome/svgs/brands/bluetooth.svg",
		"ui/assets/fontawesome/svgs/brands/bootstrap.svg": "/root/research/bettercap/modules/ui/ui/assets/fontawesome/svgs/brands/bootstrap.svg",
		"ui/assets/fontawesome/svgs/brands/btc.svg": "/root/research/bettercap/modules/ui/ui/assets/fontawesome/svgs/brands/btc.svg",
		"ui/assets/fontawesome/svgs/brands/buffer.svg": "/root/research/bettercap/modules/ui/ui/assets/fontawesome/svgs/brands/buffer.svg",
		"ui/assets/fontawesome/svgs/brands/buromobelexperte.svg": "/root/research/bettercap/modules/ui/ui/assets/fontawesome/svgs/brands/buromobelexperte.svg",
		"ui/assets/fontawesome/svgs/brands/buysellads.svg": "/root/research/bettercap/modules/ui/ui/assets/fontawesome/svgs/brands/buysellads.svg",
		"ui/assets/fontawesome/svgs/brands/canadian-maple-leaf.svg": "/root/research/bettercap/modules/ui/ui/assets/fontawesome/svgs/brands/canadian-maple-leaf.svg",
		"ui/assets/fontawesome/svgs/brands/cc-amazon-pay.svg": "/root/research/bettercap/modules/ui/ui/assets/fontawesome/svgs/brands/cc-amazon-pay.svg",
		"ui/assets/fontawesome/svgs/brands/cc-amex.svg": "/root/research/bettercap/modules/ui/ui/assets/fontawesome/svgs/brands/cc-amex.svg",
		"ui/assets/fontawesome/svgs/brands/cc-apple-pay.svg": "/root/research/bettercap/modules/ui/ui/assets/fontawesome/svgs/brands/cc-apple-pay.svg",
		"ui/assets/fontawesome/svgs/brands/cc-diners-club.svg": "/root/research/bettercap/modules/ui/ui/assets/fontawesome/svgs/brands/cc-diners-club.svg",
		"ui/assets/fontawesome/svgs/brands/cc-discover.svg": "/root/research/bettercap/modules/ui/ui/assets/fontawesome/svgs/brands/cc-discover.svg",
		"ui/assets/fontawesome/svgs/brands/cc-jcb.svg": "/root/research/bettercap/modules/ui/ui/assets/fontawesome/svgs/brands/cc-jcb.svg",
		"ui/assets/fontawesome/svgs/brands/cc-mastercard.svg": "/root/research/bettercap/modules/ui/ui/assets/fontawesome/svgs/brands/cc-mastercard.svg",
		"ui/assets/fontawesome/svgs/brands/cc-paypal.svg": "/root/research/bettercap/modules/ui/ui/assets/fontawesome/svgs/brands/cc-paypal.svg",
		"ui/assets/fontawesome/svgs/brands/cc-stripe.svg": "/root/research/bettercap/modules/ui/ui/assets/fontawesome/svgs/brands/cc-stripe.svg",
		"ui/assets/fontawesome/svgs/brands/cc-visa.svg": "/root/research/bettercap/modules/ui/ui/assets/fontawesome/svgs/brands/cc-visa.svg",
		"ui/assets/fontawesome/svgs/brands/centercode.svg": "/root/research/bettercap/modules/ui/ui/assets/fontawesome/svgs/brands/centercode.svg",
		"ui/assets/fontawesome/svgs/brands/centos.svg": "/root/research/bettercap/modules/ui/ui/assets/fontawesome/svgs/brands/centos.svg",
		"ui/assets/fontawesome/svgs/brands/chrome.svg": "/root/research/bettercap/modules/ui/ui/assets/fontawesome/svgs/brands/chrome.svg",
		"ui/assets/fontawesome/svgs/brands/chromecast.svg": "/root/research/bettercap/modules/ui/ui/assets/fontawesome/svgs/brands/chromecast.svg",
		"ui/assets/fontawesome/svgs/brands/cloudscale.svg": "/root/research/bettercap/modules/ui/ui/assets/fontawesome/svgs/brands/cloudscale.svg",
		"ui/assets/fontawesome/svgs/brands/cloudsmith.svg": "/root/research/bettercap/modules/ui/ui/assets/fontawesome/svgs/brands/cloudsmith.svg",
		"ui/assets/fontawesome/svgs/brands/cloudversify.svg": "/root/research/bettercap/modules/ui/ui/assets/fontawesome/svgs/brands/cloudversify.svg",
		"ui/assets/fontawesome/svgs/brands/codepen.svg": "/root/research/bettercap/modules/ui/ui/assets/fontawesome/svgs/brands/codepen.svg",
		"ui/assets/fontawesome/svgs/brands/codiepie.svg": "/root/research/bettercap/modules/ui/ui/assets/fontawesome/svgs/brands/codiepie.svg",
		"ui/assets/fontawesome/svgs/brands/confluence.svg": "/root/research/bettercap/modules/ui/ui/assets/fontawesome/svgs/brands/confluence.svg",
		"ui/assets/fontawesome/svgs/brands/connectdevelop.svg": "/root/research/bettercap/modules/ui/ui/assets/fontawesome/svgs/brands/connectdevelop.svg",
		"ui/assets/fontawesome/svgs/brands/contao.svg": "/root/research/bettercap/modules/ui/ui/assets/fontawesome/svgs/brands/contao.svg",
		"ui/assets/fontawesome/svgs/brands/cpanel.svg": "/root/research/bettercap/modules/ui/ui/assets/fontawesome/svgs/brands/cpanel.svg",
		"ui/assets/fontawesome/svgs/brands/creative-commons-by.svg": "/root/research/bettercap/modules/ui/ui/assets/fontawesome/svgs/brands/creative-commons-by.svg",
		"ui/assets/fontawesome/svgs/brands/creative-commons-nc-eu.svg": "/root/research/bettercap/modules/ui/ui/assets/fontawesome/svgs/brands/creative-commons-nc-eu.svg",
		"ui/assets/fontawesome/svgs/brands/creative-commons-nc-jp.svg": "/root/research/bettercap/modules/ui/ui/assets/fontawesome/svgs/brands/creative-commons-nc-jp.svg",
		"ui/assets/fontawesome/svgs/brands/creative-commons-nc.svg": "/root/research/bettercap/modules/ui/ui/assets/fontawesome/svgs/brands/creative-commons-nc.svg",
		"ui/assets/fontawesome/svgs/brands/creative-commons-nd.svg": "/root/research/bettercap/modules/ui/ui/assets/fontawesome/svgs/brands/creative-commons-nd.svg",
		"ui/assets/fontawesome/svgs/brands/creative-commons-pd-alt.svg": "/root/research/bettercap/modules/ui/ui/assets/fontawesome/svgs/brands/creative-commons-pd-alt.svg",
		"ui/assets/fontawesome/svgs/brands/creative-commons-pd.svg": "/root/research/bettercap/modules/ui/ui/assets/fontawesome/svgs/brands/creative-commons-pd.svg",
		"ui/assets/fontawesome/svgs/brands/creative-commons-remix.svg": "/root/research/bettercap/modules/ui/ui/assets/fontawesome/svgs/brands/creative-commons-remix.svg",
		"ui/assets/fontawesome/svgs/brands/creative-commons-sa.svg": "/root/research/bettercap/modules/ui/ui/assets/fontawesome/svgs/brands/creative-commons-sa.svg",
		"ui/assets/fontawesome/svgs/brands/creative-commons-sampling-plus.svg": "/root/research/bettercap/modules/ui/ui/assets/fontawesome/svgs/brands/creative-commons-sampling-plus.svg",
		"ui/assets/fontawesome/svgs/brands/creative-commons-sampling.svg": "/root/research/bettercap/modules/ui/ui/assets/fontawesome/svgs/brands/creative-commons-sampling.svg",
		"ui/assets/fontawesome/svgs/brands/creative-commons-share.svg": "/root/research/bettercap/modules/ui/ui/assets/fontawesome/svgs/brands/creative-commons-share.svg",
		"ui/assets/fontawesome/svgs/brands/creative-commons-zero.svg": "/root/research/bettercap/modules/ui/ui/assets/fontawesome/svgs/brands/creative-commons-zero.svg",
		"ui/assets/fontawesome/svgs/brands/creative-commons.svg": "/root/research/bettercap/modules/ui/ui/assets/fontawesome/svgs/brands/creative-commons.svg",
		"ui/assets/fontawesome/svgs/brands/critical-role.svg": "/root/research/bettercap/modules/ui/ui/assets/fontawesome/svgs/brands/critical-role.svg",
		"ui/assets/fontawesome/svgs/brands/css3-alt.svg": "/root/research/bettercap/modules/ui/ui/assets/fontawesome/svgs/brands/css3-alt.svg",
		"ui/assets/fontawesome/svgs/brands/css3.svg": "/root/research/bettercap/modules/ui/ui/assets/fontawesome/svgs/brands/css3.svg",
		"ui/assets/fontawesome/svgs/brands/cuttlefish.svg": "/root/research/bettercap/modules/ui/ui/assets/fontawesome/svgs/brands/cuttlefish.svg",
		"ui/assets/fontawesome/svgs/brands/d-and-d-beyond.svg": "/root/research/bettercap/modules/ui/ui/assets/fontawesome/svgs/brands/d-and-d-beyond.svg",
		"ui/assets/fontawesome/svgs/brands/d-and-d.svg": "/root/research/bettercap/modules/ui/ui/assets/fontawesome/svgs/brands/d-and-d.svg",
		"ui/assets/fontawesome/svgs/brands/dashcube.svg": "/root/research/bettercap/modules/ui/ui/assets/fontawesome/svgs/brands/dashcube.svg",
		"ui/assets/fontawesome/svgs/brands/delicious.svg": "/root/research/bettercap/modules/ui/ui/assets/fontawesome/svgs/brands/delicious.svg",
		"ui/assets/fontawesome/svgs/brands/deploydog.svg": "/root/research/bettercap/modules/ui/ui/assets/fontawesome/svgs/brands/deploydog.svg",
		"ui/assets/fontawesome/svgs/brands/deskpro.svg": "/root/research/bettercap/modules/ui/ui/assets/fontawesome/svgs/brands/deskpro.svg",
		"ui/assets/fontawesome/svgs/brands/dev.svg": "/root/research/bettercap/modules/ui/ui/assets/fontawesome/svgs/brands/dev.svg",
		"ui/assets/fontawesome/svgs/brands/deviantart.svg": "/root/research/bettercap/modules/ui/ui/assets/fontawesome/svgs/brands/deviantart.svg",
		"ui/assets/fontawesome/svgs/brands/dhl.svg": "/root/research/bettercap/modules/ui/ui/assets/fontawesome/svgs/brands/dhl.svg",
		"ui/assets/fontawesome/svgs/brands/diaspora.svg": "/root/research/bettercap/modules/ui/ui/assets/fontawesome/svgs/brands/diaspora.svg",
		"ui/assets/fontawesome/svgs/brands/digg.svg": "/root/research/bettercap/modules/ui/ui/assets/fontawesome/svgs/brands/digg.svg",
		"ui/assets/fontawesome/svgs/brands/digital-ocean.svg": "/root/research/bettercap/modules/ui/ui/assets/fontawesome/svgs/brands/digital-ocean.svg",
		"ui/assets/fontawesome/svgs/brands/discord.svg": "/root/research/bettercap/modules/ui/ui/assets/fontawesome/svgs/brands/discord.svg",
		"ui/assets/fontawesome/svgs/brands/discourse.svg": "/root/research/bettercap/modules/ui/ui/assets/fontawesome/svgs/brands/discourse.svg",
		"ui/assets/fontawesome/svgs/brands/dochub.svg": "/root/research/bettercap/modules/ui/ui/assets/fontawesome/svgs/brands/dochub.svg",
		"ui/assets/fontawesome/svgs/brands/docker.svg": "/root/research/bettercap/modules/ui/ui/assets/fontawesome/svgs/brands/docker.svg",
		"ui/assets/fontawesome/svgs/brands/draft2digital.svg": "/root/research/bettercap/modules/ui/ui/assets/fontawesome/svgs/brands/draft2digital.svg",
		"ui/assets/fontawesome/svgs/brands/dribbble-square.svg": "/root/research/bettercap/modules/ui/ui/assets/fontawesome/svgs/brands/dribbble-square.svg",
		"ui/assets/fontawesome/svgs/brands/dribbble.svg": "/root/research/bettercap/modules/ui/ui/assets/fontawesome/svgs/brands/dribbble.svg",
		"ui/assets/fontawesome/svgs/brands/dropbox.svg": "/root/research/bettercap/modules/ui/ui/assets/fontawesome/svgs/brands/dropbox.svg",
		"ui/assets/fontawesome/svgs/brands/drupal.svg": "/root/research/bettercap/modules/ui/ui/assets/fontawesome/svgs/brands/drupal.svg",
		"ui/assets/fontawesome/svgs/brands/dyalog.svg": "/root/research/bettercap/modules/ui/ui/assets/fontawesome/svgs/brands/dyalog.svg",
		"ui/assets/fontawesome/svgs/brands/earlybirds.svg": "/root/research/bettercap/modules/ui/ui/assets/fontawesome/svgs/brands/earlybirds.svg",
		"ui/assets/fontawesome/svgs/brands/ebay.svg": "/root/research/bettercap/modules/ui/ui/assets/fontawesome/svgs/brands/ebay.svg",
		"ui/assets/fontawesome/svgs/brands/edge.svg": "/root/research/bettercap/modules/ui/ui/assets/fontawesome/svgs/brands/edge.svg",
		"ui/assets/fontawesome/svgs/brands/elementor.svg": "/root/research/bettercap/modules/ui/ui/assets/fontawesome/svgs/brands/elementor.svg",
		"ui/assets/fontawesome/svgs/brands/ello.svg": "/root/research/bettercap/modules/ui/ui/assets/fontawesome/svgs/brands/ello.svg",
		"ui/assets/fontawesome/svgs/brands/ember.svg": "/root/research/bettercap/modules/ui/ui/assets/fontawesome/svgs/brands/ember.svg",
		"ui/assets/fontawesome/svgs/brands/empire.svg": "/root/research/bettercap/modules/ui/ui/assets/fontawesome/svgs/brands/empire.svg",
		"ui/assets/fontawesome/svgs/brands/envira.svg": "/root/research/bettercap/modules/ui/ui/assets/fontawesome/svgs/brands/envira.svg",
		"ui/assets/fontawesome/svgs/brands/erlang.svg": "/root/research/bettercap/modules/ui/ui/assets/fontawesome/svgs/brands/erlang.svg",
		"ui/assets/fontawesome/svgs/brands/ethereum.svg": "/root/research/bettercap/modules/ui/ui/assets/fontawesome/svgs/brands/ethereum.svg",
		"ui/assets/fontawesome/svgs/brands/etsy.svg": "/root/research/bettercap/modules/ui/ui/assets/fontawesome/svgs/brands/etsy.svg",
		"ui/assets/fontawesome/svgs/brands/evernote.svg": "/root/research/bettercap/modules/ui/ui/assets/fontawesome/svgs/brands/evernote.svg",
		"ui/assets/fontawesome/svgs/brands/expeditedssl.svg": "/root/research/bettercap/modules/ui/ui/assets/fontawesome/svgs/brands/expeditedssl.svg",
		"ui/assets/fontawesome/svgs/brands/facebook-f.svg": "/root/research/bettercap/modules/ui/ui/assets/fontawesome/svgs/brands/facebook-f.svg",
		"ui/assets/fontawesome/svgs/brands/facebook-messenger.svg": "/root/research/bettercap/modules/ui/ui/assets/fontawesome/svgs/brands/facebook-messenger.svg",
		"ui/assets/fontawesome/svgs/brands/facebook-square.svg": "/root/research/bettercap/modules/ui/ui/assets/fontawesome/svgs/brands/facebook-square.svg",
		"ui/assets/fontawesome/svgs/brands/facebook.svg": "/root/research/bettercap/modules/ui/ui/assets/fontawesome/svgs/brands/facebook.svg",
		"ui/assets/fontawesome/svgs/brands/fantasy-flight-games.svg": "/root/research/bettercap/modules/ui/ui/assets/fontawesome/svgs/brands/fantasy-flight-games.svg",
		"ui/assets/fontawesome/svgs/brands/fedex.svg": "/root/research/bettercap/modules/ui/ui/assets/fontawesome/svgs/brands/fedex.svg",
		"ui/assets/fontawesome/svgs/brands/fedora.svg": "/root/research/bettercap/modules/ui/ui/assets/fontawesome/svgs/brands/fedora.svg",
		"ui/assets/fontawesome/svgs/brands/figma.svg": "/root/research/bettercap/modules/ui/ui/assets/fontawesome/svgs/brands/figma.svg",
		"ui/assets/fontawesome/svgs/brands/firefox.svg": "/root/research/bettercap/modules/ui/ui/assets/fontawesome/svgs/brands/firefox.svg",
		"ui/assets/fontawesome/svgs/brands/first-order-alt.svg": "/root/research/bettercap/modules/ui/ui/assets/fontawesome/svgs/brands/first-order-alt.svg",
		"ui/assets/fontawesome/svgs/brands/first-order.svg": "/root/research/bettercap/modules/ui/ui/assets/fontawesome/svgs/brands/first-order.svg",
		"ui/assets/fontawesome/svgs/brands/firstdraft.svg": "/root/research/bettercap/modules/ui/ui/assets/fontawesome/svgs/brands/firstdraft.svg",
		"ui/assets/fontawesome/svgs/brands/flickr.svg": "/root/research/bettercap/modules/ui/ui/assets/fontawesome/svgs/brands/flickr.svg",
		"ui/assets/fontawesome/svgs/brands/flipboard.svg": "/root/research/bettercap/modules/ui/ui/assets/fontawesome/svgs/brands/flipboard.svg",
		"ui/assets/fontawesome/svgs/brands/fly.svg": "/root/research/bettercap/modules/ui/ui/assets/fontawesome/svgs/brands/fly.svg",
		"ui/assets/fontawesome/svgs/brands/font-awesome-alt.svg": "/root/research/bettercap/modules/ui/ui/assets/fontawesome/svgs/brands/font-awesome-alt.svg",
		"ui/assets/fontawesome/svgs/brands/font-awesome-flag.svg": "/root/research/bettercap/modules/ui/ui/assets/fontawesome/svgs/brands/font-awesome-flag.svg",
		"ui/assets/fontawesome/svgs/brands/font-awesome-logo-full.svg": "/root/research/bettercap/modules/ui/ui/assets/fontawesome/svgs/brands/font-awesome-logo-full.svg",
		"ui/assets/fontawesome/svgs/brands/font-awesome.svg": "/root/research/bettercap/modules/ui/ui/assets/fontawesome/svgs/brands/font-awesome.svg",
		"ui/assets/fontawesome/svgs/brands/fonticons-fi.svg": "/root/research/bettercap/modules/ui/ui/assets/fontawesome/svgs/brands/fonticons-fi.svg",
		"ui/assets/fontawesome/svgs/brands/fonticons.svg": "/root/research/bettercap/modules/ui/ui/assets/fontawesome/svgs/brands/fonticons.svg",
		"ui/assets/fontawesome/svgs/brands/fort-awesome-alt.svg": "/root/research/bettercap/modules/ui/ui/assets/fontawesome/svgs/brands/fort-awesome-alt.svg",
		"ui/assets/fontawesome/svgs/brands/fort-awesome.svg": "/root/research/bettercap/modules/ui/ui/assets/fontawesome/svgs/brands/fort-awesome.svg",
		"ui/assets/fontawesome/svgs/brands/forumbee.svg": "/root/research/bettercap/modules/ui/ui/assets/fontawesome/svgs/brands/forumbee.svg",
		"ui/assets/fontawesome/svgs/brands/foursquare.svg": "/root/research/bettercap/modules/ui/ui/assets/fontawesome/svgs/brands/foursquare.svg",
		"ui/assets/fontawesome/svgs/brands/free-code-camp.svg": "/root/research/bettercap/modules/ui/ui/assets/fontawesome/svgs/brands/free-code-camp.svg",
		"ui/assets/fontawesome/svgs/brands/freebsd.svg": "/root/research/bettercap/modules/ui/ui/assets/fontawesome/svgs/brands/freebsd.svg",
		"ui/assets/fontawesome/svgs/brands/fulcrum.svg": "/root/research/bettercap/modules/ui/ui/assets/fontawesome/svgs/brands/fulcrum.svg",
		"ui/assets/fontawesome/svgs/brands/galactic-republic.svg": "/root/research/bettercap/modules/ui/ui/assets/fontawesome/svgs/brands/galactic-republic.svg",
		"ui/assets/fontawesome/svgs/brands/galactic-senate.svg": "/root/research/bettercap/modules/ui/ui/assets/fontawesome/svgs/brands/galactic-senate.svg",
		"ui/assets/fontawesome/svgs/brands/get-pocket.svg": "/root/research/bettercap/modules/ui/ui/assets/fontawesome/svgs/brands/get-pocket.svg",
		"ui/assets/fontawesome/svgs/brands/gg-circle.svg": "/root/research/bettercap/modules/ui/ui/assets/fontawesome/svgs/brands/gg-circle.svg",
		"ui/assets/fontawesome/svgs/brands/gg.svg": "/root/research/bettercap/modules/ui/ui/assets/fontawesome/svgs/brands/gg.svg",
		"ui/assets/fontawesome/svgs/brands/git-square.svg": "/root/research/bettercap/modules/ui/ui/assets/fontawesome/svgs/brands/git-square.svg",
		"ui/assets/fontawesome/svgs/brands/git.svg": "/root/research/bettercap/modules/ui/ui/assets/fontawesome/svgs/brands/git.svg",
		"ui/assets/fontawesome/svgs/brands/github-alt.svg": "/root/research/bettercap/modules/ui/ui/assets/fontawesome/svgs/brands/github-alt.svg",
		"ui/assets/fontawesome/svgs/brands/github-square.svg": "/root/research/bettercap/modules/ui/ui/assets/fontawesome/svgs/brands/github-square.svg",
		"ui/assets/fontawesome/svgs/brands/github.svg": "/root/research/bettercap/modules/ui/ui/assets/fontawesome/svgs/brands/github.svg",
		"ui/assets/fontawesome/svgs/brands/gitkraken.svg": "/root/research/bettercap/modules/ui/ui/assets/fontawesome/svgs/brands/gitkraken.svg",
		"ui/assets/fontawesome/svgs/brands/gitlab.svg": "/root/research/bettercap/modules/ui/ui/assets/fontawesome/svgs/brands/gitlab.svg",
		"ui/assets/fontawesome/svgs/brands/gitter.svg": "/root/research/bettercap/modules/ui/ui/assets/fontawesome/svgs/brands/gitter.svg",
		"ui/assets/fontawesome/svgs/brands/glide-g.svg": "/root/research/bettercap/modules/ui/ui/assets/fontawesome/svgs/brands/glide-g.svg",
		"ui/assets/fontawesome/svgs/brands/glide.svg": "/root/research/bettercap/modules/ui/ui/assets/fontawesome/svgs/brands/glide.svg",
		"ui/assets/fontawesome/svgs/brands/gofore.svg": "/root/research/bettercap/modules/ui/ui/assets/fontawesome/svgs/brands/gofore.svg",
		"ui/assets/fontawesome/svgs/brands/goodreads-g.svg": "/root/research/bettercap/modules/ui/ui/assets/fontawesome/svgs/brands/goodreads-g.svg",
		"ui/assets/fontawesome/svgs/brands/goodreads.svg": "/root/research/bettercap/modules/ui/ui/assets/fontawesome/svgs/brands/goodreads.svg",
		"ui/assets/fontawesome/svgs/brands/google-drive.svg": "/root/research/bettercap/modules/ui/ui/assets/fontawesome/svgs/brands/google-drive.svg",
		"ui/assets/fontawesome/svgs/brands/google-play.svg": "/root/research/bettercap/modules/ui/ui/assets/fontawesome/svgs/brands/google-play.svg",
		"ui/assets/fontawesome/svgs/brands/google-plus-g.svg": "/root/research/bettercap/modules/ui/ui/assets/fontawesome/svgs/brands/google-plus-g.svg",
		"ui/assets/fontawesome/svgs/brands/google-plus-square.svg": "/root/research/bettercap/modules/ui/ui/assets/fontawesome/svgs/brands/google-plus-square.svg",
		"ui/assets/fontawesome/svgs/brands/google-plus.svg": "/root/research/bettercap/modules/ui/ui/assets/fontawesome/svgs/brands/google-plus.svg",
		"ui/assets/fontawesome/svgs/brands/google-wallet.svg": "/root/research/bettercap/modules/ui/ui/assets/fontawesome/svgs/brands/google-wallet.svg",
		"ui/assets/fontawesome/svgs/brands/google.svg": "/root/research/bettercap/modules/ui/ui/assets/fontawesome/svgs/brands/google.svg",
		"ui/assets/fontawesome/svgs/brands/gratipay.svg": "/root/research/bettercap/modules/ui/ui/assets/fontawesome/svgs/brands/gratipay.svg",
		"ui/assets/fontawesome/svgs/brands/grav.svg": "/root/research/bettercap/modules/ui/ui/assets/fontawesome/svgs/brands/grav.svg",
		"ui/assets/fontawesome/svgs/brands/gripfire.svg": "/root/research/bettercap/modules/ui/ui/assets/fontawesome/svgs/brands/gripfire.svg",
		"ui/assets/fontawesome/svgs/brands/grunt.svg": "/root/research/bettercap/modules/ui/ui/assets/fontawesome/svgs/brands/grunt.svg",
		"ui/assets/fontawesome/svgs/brands/gulp.svg": "/root/research/bettercap/modules/ui/ui/assets/fontawesome/svgs/brands/gulp.svg",
		"ui/assets/fontawesome/svgs/brands/hacker-news-square.svg": "/root/research/bettercap/modules/ui/ui/assets/fontawesome/svgs/brands/hacker-news-square.svg",
		"ui/assets/fontawesome/svgs/brands/hacker-news.svg": "/root/research/bettercap/modules/ui/ui/assets/fontawesome/svgs/brands/hacker-news.svg",
		"ui/assets/fontawesome/svgs/brands/hackerrank.svg": "/root/research/bettercap/modules/ui/ui/assets/fontawesome/svgs/brands/hackerrank.svg",
		"ui/assets/fontawesome/svgs/brands/hips.svg": "/root/research/bettercap/modules/ui/ui/assets/fontawesome/svgs/brands/hips.svg",
		"ui/assets/fontawesome/svgs/brands/hire-a-helper.svg": "/root/research/bettercap/modules/ui/ui/assets/fontawesome/svgs/brands/hire-a-helper.svg",
		"ui/assets/fontawesome/svgs/brands/hooli.svg": "/root/research/bettercap/modules/ui/ui/assets/fontawesome/svgs/brands/hooli.svg",
		"ui/assets/fontawesome/svgs/brands/hornbill.svg": "/root/research/bettercap/modules/ui/ui/assets/fontawesome/svgs/brands/hornbill.svg",
		"ui/assets/fontawesome/svgs/brands/hotjar.svg": "/root/research/bettercap/modules/ui/ui/assets/fontawesome/svgs/brands/hotjar.svg",
		"ui/assets/fontawesome/svgs/brands/houzz.svg": "/root/research/bettercap/modules/ui/ui/assets/fontawesome/svgs/brands/houzz.svg",
		"ui/assets/fontawesome/svgs/brands/html5.svg": "/root/research/bettercap/modules/ui/ui/assets/fontawesome/svgs/brands/html5.svg",
		"ui/assets/fontawesome/svgs/brands/hubspot.svg": "/root/research/bettercap/modules/ui/ui/assets/fontawesome/svgs/brands/hubspot.svg",
		"ui/assets/fontawesome/svgs/brands/imdb.svg": "/root/research/bettercap/modules/ui/ui/assets/fontawesome/svgs/brands/imdb.svg",
		"ui/assets/fontawesome/svgs/brands/instagram.svg": "/root/research/bettercap/modules/ui/ui/assets/fontawesome/svgs/brands/instagram.svg",
		"ui/assets/fontawesome/svgs/brands/intercom.svg": "/root/research/bettercap/modules/ui/ui/assets/fontawesome/svgs/brands/intercom.svg",
		"ui/assets/fontawesome/svgs/brands/internet-explorer.svg": "/root/research/bettercap/modules/ui/ui/assets/fontawesome/svgs/brands/internet-explorer.svg",
		"ui/assets/fontawesome/svgs/brands/invision.svg": "/root/research/bettercap/modules/ui/ui/assets/fontawesome/svgs/brands/invision.svg",
		"ui/assets/fontawesome/svgs/brands/ioxhost.svg": "/root/research/bettercap/modules/ui/ui/assets/fontawesome/svgs/brands/ioxhost.svg",
		"ui/assets/fontawesome/svgs/brands/itch-io.svg": "/root/research/bettercap/modules/ui/ui/assets/fontawesome/svgs/brands/itch-io.svg",
		"ui/assets/fontawesome/svgs/brands/itunes-note.svg": "/root/research/bettercap/modules/ui/ui/assets/fontawesome/svgs/brands/itunes-note.svg",
		"ui/assets/fontawesome/svgs/brands/itunes.svg": "/root/research/bettercap/modules/ui/ui/assets/fontawesome/svgs/brands/itunes.svg",
		"ui/assets/fontawesome/svgs/brands/java.svg": "/root/research/bettercap/modules/ui/ui/assets/fontawesome/svgs/brands/java.svg",
		"ui/assets/fontawesome/svgs/brands/jedi-order.svg": "/root/research/bettercap/modules/ui/ui/assets/fontawesome/svgs/brands/jedi-order.svg",
		"ui/assets/fontawesome/svgs/brands/jenkins.svg": "/root/research/bettercap/modules/ui/ui/assets/fontawesome/svgs/brands/jenkins.svg",
		"ui/assets/fontawesome/svgs/brands/jira.svg": "/root/research/bettercap/modules/ui/ui/assets/fontawesome/svgs/brands/jira.svg",
		"ui/assets/fontawesome/svgs/brands/joget.svg": "/root/research/bettercap/modules/ui/ui/assets/fontawesome/svgs/brands/joget.svg",
		"ui/assets/fontawesome/svgs/brands/joomla.svg": "/root/research/bettercap/modules/ui/ui/assets/fontawesome/svgs/brands/joomla.svg",
		"ui/assets/fontawesome/svgs/brands/js-square.svg": "/root/research/bettercap/modules/ui/ui/assets/fontawesome/svgs/brands/js-square.svg",
		"ui/assets/fontawesome/svgs/brands/js.svg": "/root/research/bettercap/modules/ui/ui/assets/fontawesome/svgs/brands/js.svg",
		"ui/assets/fontawesome/svgs/brands/jsfiddle.svg": "/root/research/bettercap/modules/ui/ui/assets/fontawesome/svgs/brands/jsfiddle.svg",
		"ui/assets/fontawesome/svgs/brands/kaggle.svg": "/root/research/bettercap/modules/ui/ui/assets/fontawesome/svgs/brands/kaggle.svg",
		"ui/assets/fontawesome/svgs/brands/keybase.svg": "/root/research/bettercap/modules/ui/ui/assets/fontawesome/svgs/brands/keybase.svg",
		"ui/assets/fontawesome/svgs/brands/keycdn.svg": "/root/research/bettercap/modules/ui/ui/assets/fontawesome/svgs/brands/keycdn.svg",
		"ui/assets/fontawesome/svgs/brands/kickstarter-k.svg": "/root/research/bettercap/modules/ui/ui/assets/fontawesome/svgs/brands/kickstarter-k.svg",
		"ui/assets/fontawesome/svgs/brands/kickstarter.svg": "/root/research/bettercap/modules/ui/ui/assets/fontawesome/svgs/brands/kickstarter.svg",
		"ui/assets/fontawesome/svgs/brands/korvue.svg": "/root/research/bettercap/modules/ui/ui/assets/fontawesome/svgs/brands/korvue.svg",
		"ui/assets/fontawesome/svgs/brands/laravel.svg": "/root/research/bettercap/modules/ui/ui/assets/fontawesome/svgs/brands/laravel.svg",
		"ui/assets/fontawesome/svgs/brands/lastfm-square.svg": "/root/research/bettercap/modules/ui/ui/assets/fontawesome/svgs/brands/lastfm-square.svg",
		"ui/assets/fontawesome/svgs/brands/lastfm.svg": "/root/research/bettercap/modules/ui/ui/assets/fontawesome/svgs/brands/lastfm.svg",
		"ui/assets/fontawesome/svgs/brands/leanpub.svg": "/root/research/bettercap/modules/ui/ui/assets/fontawesome/svgs/brands/leanpub.svg",
		"ui/assets/fontawesome/svgs/brands/less.svg": "/root/research/bettercap/modules/ui/ui/assets/fontawesome/svgs/brands/less.svg",
		"ui/assets/fontawesome/svgs/brands/line.svg": "/root/research/bettercap/modules/ui/ui/assets/fontawesome/svgs/brands/line.svg",
		"ui/assets/fontawesome/svgs/brands/linkedin-in.svg": "/root/research/bettercap/modules/ui/ui/assets/fontawesome/svgs/brands/linkedin-in.svg",
		"ui/assets/fontawesome/svgs/brands/linkedin.svg": "/root/research/bettercap/modules/ui/ui/assets/fontawesome/svgs/brands/linkedin.svg",
		"ui/assets/fontawesome/svgs/brands/linode.svg": "/root/research/bettercap/modules/ui/ui/assets/fontawesome/svgs/brands/linode.svg",
		"ui/assets/fontawesome/svgs/brands/linux.svg": "/root/research/bettercap/modules/ui/ui/assets/fontawesome/svgs/brands/linux.svg",
		"ui/assets/fontawesome/svgs/brands/lyft.svg": "/root/research/bettercap/modules/ui/ui/assets/fontawesome/svgs/brands/lyft.svg",
		"ui/assets/fontawesome/svgs/brands/magento.svg": "/root/research/bettercap/modules/ui/ui/assets/fontawesome/svgs/brands/magento.svg",
		"ui/assets/fontawesome/svgs/brands/mailchimp.svg": "/root/research/bettercap/modules/ui/ui/assets/fontawesome/svgs/brands/mailchimp.svg",
		"ui/assets/fontawesome/svgs/brands/mandalorian.svg": "/root/research/bettercap/modules/ui/ui/assets/fontawesome/svgs/brands/mandalorian.svg",
		"ui/assets/fontawesome/svgs/brands/markdown.svg": "/root/research/bettercap/modules/ui/ui/assets/fontawesome/svgs/brands/markdown.svg",
		"ui/assets/fontawesome/svgs/brands/mastodon.svg": "/root/research/bettercap/modules/ui/ui/assets/fontawesome/svgs/brands/mastodon.svg",
		"ui/assets/fontawesome/svgs/brands/maxcdn.svg": "/root/research/bettercap/modules/ui/ui/assets/fontawesome/svgs/brands/maxcdn.svg",
		"ui/assets/fontawesome/svgs/brands/medapps.svg": "/root/research/bettercap/modules/ui/ui/assets/fontawesome/svgs/brands/medapps.svg",
		"ui/assets/fontawesome/svgs/brands/medium-m.svg": "/root/research/bettercap/modules/ui/ui/assets/fontawesome/svgs/brands/medium-m.svg",
		"ui/assets/fontawesome/svgs/brands/medium.svg": "/root/research/bettercap/modules/ui/ui/assets/fontawesome/svgs/brands/medium.svg",
		"ui/assets/fontawesome/svgs/brands/medrt.svg": "/root/research/bettercap/modules/ui/ui/assets/fontawesome/svgs/brands/medrt.svg",
		"ui/assets/fontawesome/svgs/brands/meetup.svg": "/root/research/bettercap/modules/ui/ui/assets/fontawesome/svgs/brands/meetup.svg",
		"ui/assets/fontawesome/svgs/brands/megaport.svg": "/root/research/bettercap/modules/ui/ui/assets/fontawesome/svgs/brands/megaport.svg",
		"ui/assets/fontawesome/svgs/brands/mendeley.svg": "/root/research/bettercap/modules/ui/ui/assets/fontawesome/svgs/brands/mendeley.svg",
		"ui/assets/fontawesome/svgs/brands/microsoft.svg": "/root/research/bettercap/modules/ui/ui/assets/fontawesome/svgs/brands/microsoft.svg",
		"ui/assets/fontawesome/svgs/brands/mix.svg": "/root/research/bettercap/modules/ui/ui/assets/fontawesome/svgs/brands/mix.svg",
		"ui/assets/fontawesome/svgs/brands/mixcloud.svg": "/root/research/bettercap/modules/ui/ui/assets/fontawesome/svgs/brands/mixcloud.svg",
		"ui/assets/fontawesome/svgs/brands/mizuni.svg": "/root/research/bettercap/modules/ui/ui/assets/fontawesome/svgs/brands/mizuni.svg",
		"ui/assets/fontawesome/svgs/brands/modx.svg": "/root/research/bettercap/modules/ui/ui/assets/fontawesome/svgs/brands/modx.svg",
		"ui/assets/fontawesome/svgs/brands/monero.svg": "/root/research/bettercap/modules/ui/ui/assets/fontawesome/svgs/brands/monero.svg",
		"ui/assets/fontawesome/svgs/brands/napster.svg": "/root/research/bettercap/modules/ui/ui/assets/fontawesome/svgs/brands/napster.svg",
		"ui/assets/fontawesome/svgs/brands/neos.svg": "/root/research/bettercap/modules/ui/ui/assets/fontawesome/svgs/brands/neos.svg",
		"ui/assets/fontawesome/svgs/brands/nimblr.svg": "/root/research/bettercap/modules/ui/ui/assets/fontawesome/svgs/brands/nimblr.svg",
		"ui/assets/fontawesome/svgs/brands/nintendo-switch.svg": "/root/research/bettercap/modules/ui/ui/assets/fontawesome/svgs/brands/nintendo-switch.svg",
		"ui/assets/fontawesome/svgs/brands/node-js.svg": "/root/research/bettercap/modules/ui/ui/assets/fontawesome/svgs/brands/node-js.svg",
		"ui/assets/fontawesome/svgs/brands/node.svg": "/root/research/bettercap/modules/ui/ui/assets/fontawesome/svgs/brands/node.svg",
		"ui/assets/fontawesome/svgs/brands/npm.svg": "/root/research/bettercap/modules/ui/ui/assets/fontawesome/svgs/brands/npm.svg",
		"ui/assets/fontawesome/svgs/brands/ns8.svg": "/root/research/bettercap/modules/ui/ui/assets/fontawesome/svgs/brands/ns8.svg",
		"ui/assets/fontawesome/svgs/brands/nutritionix.svg": "/root/research/bettercap/modules/ui/ui/assets/fontawesome/svgs/brands/nutritionix.svg",
		"ui/assets/fontawesome/svgs/brands/odnoklassniki-square.svg": "/root/research/bettercap/modules/ui/ui/assets/fontawesome/svgs/brands/odnoklassniki-square.svg",
		"ui/assets/fontawesome/svgs/brands/odnoklassniki.svg": "/root/research/bettercap/modules/ui/ui/assets/fontawesome/svgs/brands/odnoklassniki.svg",
		"ui/assets/fontawesome/svgs/brands/old-republic.svg": "/root/research/bettercap/modules/ui/ui/assets/fontawesome/svgs/brands/old-republic.svg",
		"ui/assets/fontawesome/svgs/brands/opencart.svg": "/root/research/bettercap/modules/ui/ui/assets/fontawesome/svgs/brands/opencart.svg",
		"ui/assets/fontawesome/svgs/brands/openid.svg": "/root/research/bettercap/modules/ui/ui/assets/fontawesome/svgs/brands/openid.svg",
		"ui/assets/fontawesome/svgs/brands/opera.svg": "/root/research/bettercap/modules/ui/ui/assets/fontawesome/svgs/brands/opera.svg",
		"ui/assets/fontawesome/svgs/brands/optin-monster.svg": "/root/research/bettercap/modules/ui/ui/assets/fontawesome/svgs/brands/optin-monster.svg",
		"ui/assets/fontawesome/svgs/brands/osi.svg": "/root/research/bettercap/modules/ui/ui/assets/fontawesome/svgs/brands/osi.svg",
		"ui/assets/fontawesome/svgs/brands/page4.svg": "/root/research/bettercap/modules/ui/ui/assets/fontawesome/svgs/brands/page4.svg",
		"ui/assets/fontawesome/svgs/brands/pagelines.svg": "/root/research/bettercap/modules/ui/ui/assets/fontawesome/svgs/brands/pagelines.svg",
		"ui/assets/fontawesome/svgs/brands/palfed.svg": "/root/research/bettercap/modules/ui/ui/assets/fontawesome/svgs/brands/palfed.svg",
		"ui/assets/fontawesome/svgs/brands/patreon.svg": "/root/research/bettercap/modules/ui/ui/assets/fontawesome/svgs/brands/patreon.svg",
		"ui/assets/fontawesome/svgs/brands/paypal.svg": "/root/research/bettercap/modules/ui/ui/assets/fontawesome/svgs/brands/paypal.svg",
		"ui/assets/fontawesome/svgs/brands/penny-arcade.svg": "/root/research/bettercap/modules/ui/ui/assets/fontawesome/svgs/brands/penny-arcade.svg",
		"ui/assets/fontawesome/svgs/brands/periscope.svg": "/root/research/bettercap/modules/ui/ui/assets/fontawesome/svgs/brands/periscope.svg",
		"ui/assets/fontawesome/svgs/brands/phabricator.svg": "/root/research/bettercap/modules/ui/ui/assets/fontawesome/svgs/brands/phabricator.svg",
		"ui/assets/fontawesome/svgs/brands/phoenix-framework.svg": "/root/research/bettercap/modules/ui/ui/assets/fontawesome/svgs/brands/phoenix-framework.svg",
		"ui/assets/fontawesome/svgs/brands/phoenix-squadron.svg": "/root/research/bettercap/modules/ui/ui/assets/fontawesome/svgs/brands/phoenix-squadron.svg",
		"ui/assets/fontawesome/svgs/brands/php.svg": "/root/research/bettercap/modules/ui/ui/assets/fontawesome/svgs/brands/php.svg",
		"ui/assets/fontawesome/svgs/brands/pied-piper-alt.svg": "/root/research/bettercap/modules/ui/ui/assets/fontawesome/svgs/brands/pied-piper-alt.svg",
		"ui/assets/fontawesome/svgs/brands/pied-piper-hat.svg": "/root/research/bettercap/modules/ui/ui/assets/fontawesome/svgs/brands/pied-piper-hat.svg",
		"ui/assets/fontawesome/svgs/brands/pied-piper-pp.svg": "/root/research/bettercap/modules/ui/ui/assets/fontawesome/svgs/brands/pied-piper-pp.svg",
		"ui/assets/fontawesome/svgs/brands/pied-piper.svg": "/root/research/bettercap/modules/ui/ui/assets/fontawesome/svgs/brands/pied-piper.svg",
		"ui/assets/fontawesome/svgs/brands/pinterest-p.svg": "/root/research/bettercap/modules/ui/ui/assets/fontawesome/svgs/brands/pinterest-p.svg",
		"ui/assets/fontawesome/svgs/brands/pinterest-square.svg": "/root/research/bettercap/modules/ui/ui/assets/fontawesome/svgs/brands/pinterest-square.svg",
		"ui/assets/fontawesome/svgs/brands/pinterest.svg": "/root/research/bettercap/modules/ui/ui/assets/fontawesome/svgs/brands/pinterest.svg",
		"ui/assets/fontawesome/svgs/brands/playstation.svg": "/root/research/bettercap/modules/ui/ui/assets/fontawesome/svgs/brands/playstation.svg",
		"ui/assets/fontawesome/svgs/brands/product-hunt.svg": "/root/research/bettercap/modules/ui/ui/assets/fontawesome/svgs/brands/product-hunt.svg",
		"ui/assets/fontawesome/svgs/brands/pushed.svg": "/root/research/bettercap/modules/ui/ui/assets/fontawesome/svgs/brands/pushed.svg",
		"ui/assets/fontawesome/svgs/brands/python.svg": "/root/research/bettercap/modules/ui/ui/assets/fontawesome/svgs/brands/python.svg",
		"ui/assets/fontawesome/svgs/brands/qq.svg": "/root/research/bettercap/modules/ui/ui/assets/fontawesome/svgs/brands/qq.svg",
		"ui/assets/fontawesome/svgs/brands/quinscape.svg": "/root/research/bettercap/modules/ui/ui/assets/fontawesome/svgs/brands/quinscape.svg",
		"ui/assets/fontawesome/svgs/brands/quora.svg": "/root/research/bettercap/modules/ui/ui/assets/fontawesome/svgs/brands/quora.svg",
		"ui/assets/fontawesome/svgs/brands/r-project.svg": "/root/research/bettercap/modules/ui/ui/assets/fontawesome/svgs/brands/r-project.svg",
		"ui/assets/fontawesome/svgs/brands/raspberry-pi.svg": "/root/research/bettercap/modules/ui/ui/assets/fontawesome/svgs/brands/raspberry-pi.svg",
		"ui/assets/fontawesome/svgs/brands/ravelry.svg": "/root/research/bettercap/modules/ui/ui/assets/fontawesome/svgs/brands/ravelry.svg",
		"ui/assets/fontawesome/svgs/brands/react.svg": "/root/research/bettercap/modules/ui/ui/assets/fontawesome/svgs/brands/react.svg",
		"ui/assets/fontawesome/svgs/brands/reacteurope.svg": "/root/research/bettercap/modules/ui/ui/assets/fontawesome/svgs/brands/reacteurope.svg",
		"ui/assets/fontawesome/svgs/brands/readme.svg": "/root/research/bettercap/modules/ui/ui/assets/fontawesome/svgs/brands/readme.svg",
		"ui/assets/fontawesome/svgs/brands/rebel.svg": "/root/research/bettercap/modules/ui/ui/assets/fontawesome/svgs/brands/rebel.svg",
		"ui/assets/fontawesome/svgs/brands/red-river.svg": "/root/research/bettercap/modules/ui/ui/assets/fontawesome/svgs/brands/red-river.svg",
		"ui/assets/fontawesome/svgs/brands/reddit-alien.svg": "/root/research/bettercap/modules/ui/ui/assets/fontawesome/svgs/brands/reddit-alien.svg",
		"ui/assets/fontawesome/svgs/brands/reddit-square.svg": "/root/research/bettercap/modules/ui/ui/assets/fontawesome/svgs/brands/reddit-square.svg",
		"ui/assets/fontawesome/svgs/brands/reddit.svg": "/root/research/bettercap/modules/ui/ui/assets/fontawesome/svgs/brands/reddit.svg",
		"ui/assets/fontawesome/svgs/brands/redhat.svg": "/root/research/bettercap/modules/ui/ui/assets/fontawesome/svgs/brands/redhat.svg",
		"ui/assets/fontawesome/svgs/brands/renren.svg": "/root/research/bettercap/modules/ui/ui/assets/fontawesome/svgs/brands/renren.svg",
		"ui/assets/fontawesome/svgs/brands/replyd.svg": "/root/research/bettercap/modules/ui/ui/assets/fontawesome/svgs/brands/replyd.svg",
		"ui/assets/fontawesome/svgs/brands/researchgate.svg": "/root/research/bettercap/modules/ui/ui/assets/fontawesome/svgs/brands/researchgate.svg",
		"ui/assets/fontawesome/svgs/brands/resolving.svg": "/root/research/bettercap/modules/ui/ui/assets/fontawesome/svgs/brands/resolving.svg",
		"ui/assets/fontawesome/svgs/brands/rev.svg": "/root/research/bettercap/modules/ui/ui/assets/fontawesome/svgs/brands/rev.svg",
		"ui/assets/fontawesome/svgs/brands/rocketchat.svg": "/root/research/bettercap/modules/ui/ui/assets/fontawesome/svgs/brands/rocketchat.svg",
		"ui/assets/fontawesome/svgs/brands/rockrms.svg": "/root/research/bettercap/modules/ui/ui/assets/fontawesome/svgs/brands/rockrms.svg",
		"ui/assets/fontawesome/svgs/brands/safari.svg": "/root/research/bettercap/modules/ui/ui/assets/fontawesome/svgs/brands/safari.svg",
		"ui/assets/fontawesome/svgs/brands/salesforce.svg": "/root/research/bettercap/modules/ui/ui/assets/fontawesome/svgs/brands/salesforce.svg",
		"ui/assets/fontawesome/svgs/brands/sass.svg": "/root/research/bettercap/modules/ui/ui/assets/fontawesome/svgs/brands/sass.svg",
		"ui/assets/fontawesome/svgs/brands/schlix.svg": "/root/research/bettercap/modules/ui/ui/assets/fontawesome/svgs/brands/schlix.svg",
		"ui/assets/fontawesome/svgs/brands/scribd.svg": "/root/research/bettercap/modules/ui/ui/assets/fontawesome/svgs/brands/scribd.svg",
		"ui/assets/fontawesome/svgs/brands/searchengin.svg": "/root/research/bettercap/modules/ui/ui/assets/fontawesome/svgs/brands/searchengin.svg",
		"ui/assets/fontawesome/svgs/brands/sellcast.svg": "/root/research/bettercap/modules/ui/ui/assets/fontawesome/svgs/brands/sellcast.svg",
		"ui/assets/fontawesome/svgs/brands/sellsy.svg": "/root/research/bettercap/modules/ui/ui/assets/fontawesome/svgs/brands/sellsy.svg",
		"ui/assets/fontawesome/svgs/brands/servicestack.svg": "/root/research/bettercap/modules/ui/ui/assets/fontawesome/svgs/brands/servicestack.svg",
		"ui/assets/fontawesome/svgs/brands/shirtsinbulk.svg": "/root/research/bettercap/modules/ui/ui/assets/fontawesome/svgs/brands/shirtsinbulk.svg",
		"ui/assets/fontawesome/svgs/brands/shopware.svg": "/root/research/bettercap/modules/ui/ui/assets/fontawesome/svgs/brands/shopware.svg",
		"ui/assets/fontawesome/svgs/brands/simplybuilt.svg": "/root/research/bettercap/modules/ui/ui/assets/fontawesome/svgs/brands/simplybuilt.svg",
		"ui/assets/fontawesome/svgs/brands/sistrix.svg": "/root/research/bettercap/modules/ui/ui/assets/fontawesome/svgs/brands/sistrix.svg",
		"ui/assets/fontawesome/svgs/brands/sith.svg": "/root/research/bettercap/modules/ui/ui/assets/fontawesome/svgs/brands/sith.svg",
		"ui/assets/fontawesome/svgs/brands/sketch.svg": "/root/research/bettercap/modules/ui/ui/assets/fontawesome/svgs/brands/sketch.svg",
		"ui/assets/fontawesome/svgs/brands/skyatlas.svg": "/root/research/bettercap/modules/ui/ui/assets/fontawesome/svgs/brands/skyatlas.svg",
		"ui/assets/fontawesome/svgs/brands/skype.svg": "/root/research/bettercap/modules/ui/ui/assets/fontawesome/svgs/brands/skype.svg",
		"ui/assets/fontawesome/svgs/brands/slack-hash.svg": "/root/research/bettercap/modules/ui/ui/assets/fontawesome/svgs/brands/slack-hash.svg",
		"ui/assets/fontawesome/svgs/brands/slack.svg": "/root/research/bettercap/modules/ui/ui/assets/fontawesome/svgs/brands/slack.svg",
		"ui/assets/fontawesome/svgs/brands/slideshare.svg": "/root/research/bettercap/modules/ui/ui/assets/fontawesome/svgs/brands/slideshare.svg",
		"ui/assets/fontawesome/svgs/brands/snapchat-ghost.svg": "/root/research/bettercap/modules/ui/ui/assets/fontawesome/svgs/brands/snapchat-ghost.svg",
		"ui/assets/fontawesome/svgs/brands/snapchat-square.svg": "/root/research/bettercap/modules/ui/ui/assets/fontawesome/svgs/brands/snapchat-square.svg",
		"ui/assets/fontawesome/svgs/brands/snapchat.svg": "/root/research/bettercap/modules/ui/ui/assets/fontawesome/svgs/brands/snapchat.svg",
		"ui/assets/fontawesome/svgs/brands/soundcloud.svg": "/root/research/bettercap/modules/ui/ui/assets/fontawesome/svgs/brands/soundcloud.svg",
		"ui/assets/fontawesome/svgs/brands/sourcetree.svg": "/root/research/bettercap/modules/ui/ui/assets/fontawesome/svgs/brands/sourcetree.svg",
		"ui/assets/fontawesome/svgs/brands/speakap.svg": "/root/research/bettercap/modules/ui/ui/assets/fontawesome/svgs/brands/speakap.svg",
		"ui/assets/fontawesome/svgs/brands/speaker-deck.svg": "/root/research/bettercap/modules/ui/ui/assets/fontawesome/svgs/brands/speaker-deck.svg",
		"ui/assets/fontawesome/svgs/brands/spotify.svg": "/root/research/bettercap/modules/ui/ui/assets/fontawesome/svgs/brands/spotify.svg",
		"ui/assets/fontawesome/svgs/brands/squarespace.svg": "/root/research/bettercap/modules/ui/ui/assets/fontawesome/svgs/brands/squarespace.svg",
		"ui/assets/fontawesome/svgs/brands/stack-exchange.svg": "/root/research/bettercap/modules/ui/ui/assets/fontawesome/svgs/brands/stack-exchange.svg",
		"ui/assets/fontawesome/svgs/brands/stack-overflow.svg": "/root/research/bettercap/modules/ui/ui/assets/fontawesome/svgs/brands/stack-overflow.svg",
		"ui/assets/fontawesome/svgs/brands/staylinked.svg": "/root/research/bettercap/modules/ui/ui/assets/fontawesome/svgs/brands/staylinked.svg",
		"ui/assets/fontawesome/svgs/brands/steam-square.svg": "/root/research/bettercap/modules/ui/ui/assets/fontawesome/svgs/brands/steam-square.svg",
		"ui/assets/fontawesome/svgs/brands/steam-symbol.svg": "/root/research/bettercap/modules/ui/ui/assets/fontawesome/svgs/brands/steam-symbol.svg",
		"ui/assets/fontawesome/svgs/brands/steam.svg": "/root/research/bettercap/modules/ui/ui/assets/fontawesome/svgs/brands/steam.svg",
		"ui/assets/fontawesome/svgs/brands/sticker-mule.svg": "/root/research/bettercap/modules/ui/ui/assets/fontawesome/svgs/brands/sticker-mule.svg",
		"ui/assets/fontawesome/svgs/brands/strava.svg": "/root/research/bettercap/modules/ui/ui/assets/fontawesome/svgs/brands/strava.svg",
		"ui/assets/fontawesome/svgs/brands/stripe-s.svg": "/root/research/bettercap/modules/ui/ui/assets/fontawesome/svgs/brands/stripe-s.svg",
		"ui/assets/fontawesome/svgs/brands/stripe.svg": "/root/research/bettercap/modules/ui/ui/assets/fontawesome/svgs/brands/stripe.svg",
		"ui/assets/fontawesome/svgs/brands/studiovinari.svg": "/root/research/bettercap/modules/ui/ui/assets/fontawesome/svgs/brands/studiovinari.svg",
		"ui/assets/fontawesome/svgs/brands/stumbleupon-circle.svg": "/root/research/bettercap/modules/ui/ui/assets/fontawesome/svgs/brands/stumbleupon-circle.svg",
		"ui/assets/fontawesome/svgs/brands/stumbleupon.svg": "/root/research/bettercap/modules/ui/ui/assets/fontawesome/svgs/brands/stumbleupon.svg",
		"ui/assets/fontawesome/svgs/brands/superpowers.svg": "/root/research/bettercap/modules/ui/ui/assets/fontawesome/svgs/brands/superpowers.svg",
		"ui/assets/fontawesome/svgs/brands/supple.svg": "/root/research/bettercap/modules/ui/ui/assets/fontawesome/svgs/brands/supple.svg",
		"ui/assets/fontawesome/svgs/brands/suse.svg": "/root/research/bettercap/modules/ui/ui/assets/fontawesome/svgs/brands/suse.svg",
		"ui/assets/fontawesome/svgs/brands/symfony.svg": "/root/research/bettercap/modules/ui/ui/assets/fontawesome/svgs/brands/symfony.svg",
		"ui/assets/fontawesome/svgs/brands/teamspeak.svg": "/root/research/bettercap/modules/ui/ui/assets/fontawesome/svgs/brands/teamspeak.svg",
		"ui/assets/fontawesome/svgs/brands/telegram-plane.svg": "/root/research/bettercap/modules/ui/ui/assets/fontawesome/svgs/brands/telegram-plane.svg",
		"ui/assets/fontawesome/svgs/brands/telegram.svg": "/root/research/bettercap/modules/ui/ui/assets/fontawesome/svgs/brands/telegram.svg",
		"ui/assets/fontawesome/svgs/brands/tencent-weibo.svg": "/root/research/bettercap/modules/ui/ui/assets/fontawesome/svgs/brands/tencent-weibo.svg",
		"ui/assets/fontawesome/svgs/brands/the-red-yeti.svg": "/root/research/bettercap/modules/ui/ui/assets/fontawesome/svgs/brands/the-red-yeti.svg",
		"ui/assets/fontawesome/svgs/brands/themeco.svg": "/root/research/bettercap/modules/ui/ui/assets/fontawesome/svgs/brands/themeco.svg",
		"ui/assets/fontawesome/svgs/brands/themeisle.svg": "/root/research/bettercap/modules/ui/ui/assets/fontawesome/svgs/brands/themeisle.svg",
		"ui/assets/fontawesome/svgs/brands/think-peaks.svg": "/root/research/bettercap/modules/ui/ui/assets/fontawesome/svgs/brands/think-peaks.svg",
		"ui/assets/fontawesome/svgs/brands/trade-federation.svg": "/root/research/bettercap/modules/ui/ui/assets/fontawesome/svgs/brands/trade-federation.svg",
		"ui/assets/fontawesome/svgs/brands/trello.svg": "/root/research/bettercap/modules/ui/ui/assets/fontawesome/svgs/brands/trello.svg",
		"ui/assets/fontawesome/svgs/brands/tripadvisor.svg": "/root/research/bettercap/modules/ui/ui/assets/fontawesome/svgs/brands/tripadvisor.svg",
		"ui/assets/fontawesome/svgs/brands/tumblr-square.svg": "/root/research/bettercap/modules/ui/ui/assets/fontawesome/svgs/brands/tumblr-square.svg",
		"ui/assets/fontawesome/svgs/brands/tumblr.svg": "/root/research/bettercap/modules/ui/ui/assets/fontawesome/svgs/brands/tumblr.svg",
		"ui/assets/fontawesome/svgs/brands/twitch.svg": "/root/research/bettercap/modules/ui/ui/assets/fontawesome/svgs/brands/twitch.svg",
		"ui/assets/fontawesome/svgs/brands/twitter-square.svg": "/root/research/bettercap/modules/ui/ui/assets/fontawesome/svgs/brands/twitter-square.svg",
		"ui/assets/fontawesome/svgs/brands/twitter.svg": "/root/research/bettercap/modules/ui/ui/assets/fontawesome/svgs/brands/twitter.svg",
		"ui/assets/fontawesome/svgs/brands/typo3.svg": "/root/research/bettercap/modules/ui/ui/assets/fontawesome/svgs/brands/typo3.svg",
		"ui/assets/fontawesome/svgs/brands/uber.svg": "/root/research/bettercap/modules/ui/ui/assets/fontawesome/svgs/brands/uber.svg",
		"ui/assets/fontawesome/svgs/brands/ubuntu.svg": "/root/research/bettercap/modules/ui/ui/assets/fontawesome/svgs/brands/ubuntu.svg",
		"ui/assets/fontawesome/svgs/brands/uikit.svg": "/root/research/bettercap/modules/ui/ui/assets/fontawesome/svgs/brands/uikit.svg",
		"ui/assets/fontawesome/svgs/brands/uniregistry.svg": "/root/research/bettercap/modules/ui/ui/assets/fontawesome/svgs/brands/uniregistry.svg",
		"ui/assets/fontawesome/svgs/brands/untappd.svg": "/root/research/bettercap/modules/ui/ui/assets/fontawesome/svgs/brands/untappd.svg",
		"ui/assets/fontawesome/svgs/brands/ups.svg": "/root/research/bettercap/modules/ui/ui/assets/fontawesome/svgs/brands/ups.svg",
		"ui/assets/fontawesome/svgs/brands/usb.svg": "/root/research/bettercap/modules/ui/ui/assets/fontawesome/svgs/brands/usb.svg",
		"ui/assets/fontawesome/svgs/brands/usps.svg": "/root/research/bettercap/modules/ui/ui/assets/fontawesome/svgs/brands/usps.svg",
		"ui/assets/fontawesome/svgs/brands/ussunnah.svg": "/root/research/bettercap/modules/ui/ui/assets/fontawesome/svgs/brands/ussunnah.svg",
		"ui/assets/fontawesome/svgs/brands/vaadin.svg": "/root/research/bettercap/modules/ui/ui/assets/fontawesome/svgs/brands/vaadin.svg",
		"ui/assets/fontawesome/svgs/brands/viacoin.svg": "/root/research/bettercap/modules/ui/ui/assets/fontawesome/svgs/brands/viacoin.svg",
		"ui/assets/fontawesome/svgs/brands/viadeo-square.svg": "/root/research/bettercap/modules/ui/ui/assets/fontawesome/svgs/brands/viadeo-square.svg",
		"ui/assets/fontawesome/svgs/brands/viadeo.svg": "/root/research/bettercap/modules/ui/ui/assets/fontawesome/svgs/brands/viadeo.svg",
		"ui/assets/fontawesome/svgs/brands/viber.svg": "/root/research/bettercap/modules/ui/ui/assets/fontawesome/svgs/brands/viber.svg",
		"ui/assets/fontawesome/svgs/brands/vimeo-square.svg": "/root/research/bettercap/modules/ui/ui/assets/fontawesome/svgs/brands/vimeo-square.svg",
		"ui/assets/fontawesome/svgs/brands/vimeo-v.svg": "/root/research/bettercap/modules/ui/ui/assets/fontawesome/svgs/brands/vimeo-v.svg",
		"ui/assets/fontawesome/svgs/brands/vimeo.svg": "/root/research/bettercap/modules/ui/ui/assets/fontawesome/svgs/brands/vimeo.svg",
		"ui/assets/fontawesome/svgs/brands/vine.svg": "/root/research/bettercap/modules/ui/ui/assets/fontawesome/svgs/brands/vine.svg",
		"ui/assets/fontawesome/svgs/brands/vk.svg": "/root/research/bettercap/modules/ui/ui/assets/fontawesome/svgs/brands/vk.svg",
		"ui/assets/fontawesome/svgs/brands/vnv.svg": "/root/research/bettercap/modules/ui/ui/assets/fontawesome/svgs/brands/vnv.svg",
		"ui/assets/fontawesome/svgs/brands/vuejs.svg": "/root/research/bettercap/modules/ui/ui/assets/fontawesome/svgs/brands/vuejs.svg",
		"ui/assets/fontawesome/svgs/brands/waze.svg": "/root/research/bettercap/modules/ui/ui/assets/fontawesome/svgs/brands/waze.svg",
		"ui/assets/fontawesome/svgs/brands/weebly.svg": "/root/research/bettercap/modules/ui/ui/assets/fontawesome/svgs/brands/weebly.svg",
		"ui/assets/fontawesome/svgs/brands/weibo.svg": "/root/research/bettercap/modules/ui/ui/assets/fontawesome/svgs/brands/weibo.svg",
		"ui/assets/fontawesome/svgs/brands/weixin.svg": "/root/research/bettercap/modules/ui/ui/assets/fontawesome/svgs/brands/weixin.svg",
		"ui/assets/fontawesome/svgs/brands/whatsapp-square.svg": "/root/research/bettercap/modules/ui/ui/assets/fontawesome/svgs/brands/whatsapp-square.svg",
		"ui/assets/fontawesome/svgs/brands/whatsapp.svg": "/root/research/bettercap/modules/ui/ui/assets/fontawesome/svgs/brands/whatsapp.svg",
		"ui/assets/fontawesome/svgs/brands/whmcs.svg": "/root/research/bettercap/modules/ui/ui/assets/fontawesome/svgs/brands/whmcs.svg",
		"ui/assets/fontawesome/svgs/brands/wikipedia-w.svg": "/root/research/bettercap/modules/ui/ui/assets/fontawesome/svgs/brands/wikipedia-w.svg",
		"ui/assets/fontawesome/svgs/brands/windows.svg": "/root/research/bettercap/modules/ui/ui/assets/fontawesome/svgs/brands/windows.svg",
		"ui/assets/fontawesome/svgs/brands/wix.svg": "/root/research/bettercap/modules/ui/ui/assets/fontawesome/svgs/brands/wix.svg",
		"ui/assets/fontawesome/svgs/brands/wizards-of-the-coast.svg": "/root/research/bettercap/modules/ui/ui/assets/fontawesome/svgs/brands/wizards-of-the-coast.svg",
		"ui/assets/fontawesome/svgs/brands/wolf-pack-battalion.svg": "/root/research/bettercap/modules/ui/ui/assets/fontawesome/svgs/brands/wolf-pack-battalion.svg",
		"ui/assets/fontawesome/svgs/brands/wordpress-simple.svg": "/root/research/bettercap/modules/ui/ui/assets/fontawesome/svgs/brands/wordpress-simple.svg",
		"ui/assets/fontawesome/svgs/brands/wordpress.svg": "/root/research/bettercap/modules/ui/ui/assets/fontawesome/svgs/brands/wordpress.svg",
		"ui/assets/fontawesome/svgs/brands/wpbeginner.svg": "/root/research/bettercap/modules/ui/ui/assets/fontawesome/svgs/brands/wpbeginner.svg",
		"ui/assets/fontawesome/svgs/brands/wpexplorer.svg": "/root/research/bettercap/modules/ui/ui/assets/fontawesome/svgs/brands/wpexplorer.svg",
		"ui/assets/fontawesome/svgs/brands/wpforms.svg": "/root/research/bettercap/modules/ui/ui/assets/fontawesome/svgs/brands/wpforms.svg",
		"ui/assets/fontawesome/svgs/brands/wpressr.svg": "/root/research/bettercap/modules/ui/ui/assets/fontawesome/svgs/brands/wpressr.svg",
		"ui/assets/fontawesome/svgs/brands/xbox.svg": "/root/research/bettercap/modules/ui/ui/assets/fontawesome/svgs/brands/xbox.svg",
		"ui/assets/fontawesome/svgs/brands/xing-square.svg": "/root/research/bettercap/modules/ui/ui/assets/fontawesome/svgs/brands/xing-square.svg",
		"ui/assets/fontawesome/svgs/brands/xing.svg": "/root/research/bettercap/modules/ui/ui/assets/fontawesome/svgs/brands/xing.svg",
		"ui/assets/fontawesome/svgs/brands/y-combinator.svg": "/root/research/bettercap/modules/ui/ui/assets/fontawesome/svgs/brands/y-combinator.svg",
		"ui/assets/fontawesome/svgs/brands/yahoo.svg": "/root/research/bettercap/modules/ui/ui/assets/fontawesome/svgs/brands/yahoo.svg",
		"ui/assets/fontawesome/svgs/brands/yammer.svg": "/root/research/bettercap/modules/ui/ui/assets/fontawesome/svgs/brands/yammer.svg",
		"ui/assets/fontawesome/svgs/brands/yandex-international.svg": "/root/research/bettercap/modules/ui/ui/assets/fontawesome/svgs/brands/yandex-international.svg",
		"ui/assets/fontawesome/svgs/brands/yandex.svg": "/root/research/bettercap/modules/ui/ui/assets/fontawesome/svgs/brands/yandex.svg",
		"ui/assets/fontawesome/svgs/brands/yarn.svg": "/root/research/bettercap/modules/ui/ui/assets/fontawesome/svgs/brands/yarn.svg",
		"ui/assets/fontawesome/svgs/brands/yelp.svg": "/root/research/bettercap/modules/ui/ui/assets/fontawesome/svgs/brands/yelp.svg",
		"ui/assets/fontawesome/svgs/brands/yoast.svg": "/root/research/bettercap/modules/ui/ui/assets/fontawesome/svgs/brands/yoast.svg",
		"ui/assets/fontawesome/svgs/brands/youtube-square.svg": "/root/research/bettercap/modules/ui/ui/assets/fontawesome/svgs/brands/youtube-square.svg",
		"ui/assets/fontawesome/svgs/brands/youtube.svg": "/root/research/bettercap/modules/ui/ui/assets/fontawesome/svgs/brands/youtube.svg",
		"ui/assets/fontawesome/svgs/brands/zhihu.svg": "/root/research/bettercap/modules/ui/ui/assets/fontawesome/svgs/brands/zhihu.svg",
		"ui/assets/fontawesome/svgs/regular/address-book.svg": "/root/research/bettercap/modules/ui/ui/assets/fontawesome/svgs/regular/address-book.svg",
		"ui/assets/fontawesome/svgs/regular/address-card.svg": "/root/research/bettercap/modules/ui/ui/assets/fontawesome/svgs/regular/address-card.svg",
		"ui/assets/fontawesome/svgs/regular/angry.svg": "/root/research/bettercap/modules/ui/ui/assets/fontawesome/svgs/regular/angry.svg",
		"ui/assets/fontawesome/svgs/regular/arrow-alt-circle-down.svg": "/root/research/bettercap/modules/ui/ui/assets/fontawesome/svgs/regular/arrow-alt-circle-down.svg",
		"ui/assets/fontawesome/svgs/regular/arrow-alt-circle-left.svg": "/root/research/bettercap/modules/ui/ui/assets/fontawesome/svgs/regular/arrow-alt-circle-left.svg",
		"ui/assets/fontawesome/svgs/regular/arrow-alt-circle-right.svg": "/root/research/bettercap/modules/ui/ui/assets/fontawesome/svgs/regular/arrow-alt-circle-right.svg",
		"ui/assets/fontawesome/svgs/regular/arrow-alt-circle-up.svg": "/root/research/bettercap/modules/ui/ui/assets/fontawesome/svgs/regular/arrow-alt-circle-up.svg",
		"ui/assets/fontawesome/svgs/regular/bell-slash.svg": "/root/research/bettercap/modules/ui/ui/assets/fontawesome/svgs/regular/bell-slash.svg",
		"ui/assets/fontawesome/svgs/regular/bell.svg": "/root/research/bettercap/modules/ui/ui/assets/fontawesome/svgs/regular/bell.svg",
		"ui/assets/fontawesome/svgs/regular/bookmark.svg": "/root/research/bettercap/modules/ui/ui/assets/fontawesome/svgs/regular/bookmark.svg",
		"ui/assets/fontawesome/svgs/regular/building.svg": "/root/research/bettercap/modules/ui/ui/assets/fontawesome/svgs/regular/building.svg",
		"ui/assets/fontawesome/svgs/regular/calendar-alt.svg": "/root/research/bettercap/modules/ui/ui/assets/fontawesome/svgs/regular/calendar-alt.svg",
		"ui/assets/fontawesome/svgs/regular/calendar-check.svg": "/root/research/bettercap/modules/ui/ui/assets/fontawesome/svgs/regular/calendar-check.svg",
		"ui/assets/fontawesome/svgs/regular/calendar-minus.svg": "/root/research/bettercap/modules/ui/ui/assets/fontawesome/svgs/regular/calendar-minus.svg",
		"ui/assets/fontawesome/svgs/regular/calendar-plus.svg": "/root/research/bettercap/modules/ui/ui/assets/fontawesome/svgs/regular/calendar-plus.svg",
		"ui/assets/fontawesome/svgs/regular/calendar-times.svg": "/root/research/bettercap/modules/ui/ui/assets/fontawesome/svgs/regular/calendar-times.svg",
		"ui/assets/fontawesome/svgs/regular/calendar.svg": "/root/research/bettercap/modules/ui/ui/assets/fontawesome/svgs/regular/calendar.svg",
		"ui/assets/fontawesome/svgs/regular/caret-square-down.svg": "/root/research/bettercap/modules/ui/ui/assets/fontawesome/svgs/regular/caret-square-down.svg",
		"ui/assets/fontawesome/svgs/regular/caret-square-left.svg": "/root/research/bettercap/modules/ui/ui/assets/fontawesome/svgs/regular/caret-square-left.svg",
		"ui/assets/fontawesome/svgs/regular/caret-square-right.svg": "/root/research/bettercap/modules/ui/ui/assets/fontawesome/svgs/regular/caret-square-right.svg",
		"ui/assets/fontawesome/svgs/regular/caret-square-up.svg": "/root/research/bettercap/modules/ui/ui/assets/fontawesome/svgs/regular/caret-square-up.svg",
		"ui/assets/fontawesome/svgs/regular/chart-bar.svg": "/root/research/bettercap/modules/ui/ui/assets/fontawesome/svgs/regular/chart-bar.svg",
		"ui/assets/fontawesome/svgs/regular/check-circle.svg": "/root/research/bettercap/modules/ui/ui/assets/fontawesome/svgs/regular/check-circle.svg",
		"ui/assets/fontawesome/svgs/regular/check-square.svg": "/root/research/bettercap/modules/ui/ui/assets/fontawesome/svgs/regular/check-square.svg",
		"ui/assets/fontawesome/svgs/regular/circle.svg": "/root/research/bettercap/modules/ui/ui/assets/fontawesome/svgs/regular/circle.svg",
		"ui/assets/fontawesome/svgs/regular/clipboard.svg": "/root/research/bettercap/modules/ui/ui/assets/fontawesome/svgs/regular/clipboard.svg",
		"ui/assets/fontawesome/svgs/regular/clock.svg": "/root/research/bettercap/modules/ui/ui/assets/fontawesome/svgs/regular/clock.svg",
		"ui/assets/fontawesome/svgs/regular/clone.svg": "/root/research/bettercap/modules/ui/ui/assets/fontawesome/svgs/regular/clone.svg",
		"ui/assets/fontawesome/svgs/regular/closed-captioning.svg": "/root/research/bettercap/modules/ui/ui/assets/fontawesome/svgs/regular/closed-captioning.svg",
		"ui/assets/fontawesome/svgs/regular/comment-alt.svg": "/root/research/bettercap/modules/ui/ui/assets/fontawesome/svgs/regular/comment-alt.svg",
		"ui/assets/fontawesome/svgs/regular/comment-dots.svg": "/root/research/bettercap/modules/ui/ui/assets/fontawesome/svgs/regular/comment-dots.svg",
		"ui/assets/fontawesome/svgs/regular/comment.svg": "/root/research/bettercap/modules/ui/ui/assets/fontawesome/svgs/regular/comment.svg",
		"ui/assets/fontawesome/svgs/regular/comments.svg": "/root/research/bettercap/modules/ui/ui/assets/fontawesome/svgs/regular/comments.svg",
		"ui/assets/fontawesome/svgs/regular/compass.svg": "/root/research/bettercap/modules/ui/ui/assets/fontawesome/svgs/regular/compass.svg",
		"ui/assets/fontawesome/svgs/regular/copy.svg": "/root/research/bettercap/modules/ui/ui/assets/fontawesome/svgs/regular/copy.svg",
		"ui/assets/fontawesome/svgs/regular/copyright.svg": "/root/research/bettercap/modules/ui/ui/assets/fontawesome/svgs/regular/copyright.svg",
		"ui/assets/fontawesome/svgs/regular/credit-card.svg": "/root/research/bettercap/modules/ui/ui/assets/fontawesome/svgs/regular/credit-card.svg",
		"ui/assets/fontawesome/svgs/regular/dizzy.svg": "/root/research/bettercap/modules/ui/ui/assets/fontawesome/svgs/regular/dizzy.svg",
		"ui/assets/fontawesome/svgs/regular/dot-circle.svg": "/root/research/bettercap/modules/ui/ui/assets/fontawesome/svgs/regular/dot-circle.svg",
		"ui/assets/fontawesome/svgs/regular/edit.svg": "/root/research/bettercap/modules/ui/ui/assets/fontawesome/svgs/regular/edit.svg",
		"ui/assets/fontawesome/svgs/regular/envelope-open.svg": "/root/research/bettercap/modules/ui/ui/assets/fontawesome/svgs/regular/envelope-open.svg",
		"ui/assets/fontawesome/svgs/regular/envelope.svg": "/root/research/bettercap/modules/ui/ui/assets/fontawesome/svgs/regular/envelope.svg",
		"ui/assets/fontawesome/svgs/regular/eye-slash.svg": "/root/research/bettercap/modules/ui/ui/assets/fontawesome/svgs/regular/eye-slash.svg",
		"ui/assets/fontawesome/svgs/regular/eye.svg": "/root/research/bettercap/modules/ui/ui/assets/fontawesome/svgs/regular/eye.svg",
		"ui/assets/fontawesome/svgs/regular/file-alt.svg": "/root/research/bettercap/modules/ui/ui/assets/fontawesome/svgs/regular/file-alt.svg",
		"ui/assets/fontawesome/svgs/regular/file-archive.svg": "/root/research/bettercap/modules/ui/ui/assets/fontawesome/svgs/regular/file-archive.svg",
		"ui/assets/fontawesome/svgs/regular/file-audio.svg": "/root/research/bettercap/modules/ui/ui/assets/fontawesome/svgs/regular/file-audio.svg",
		"ui/assets/fontawesome/svgs/regular/file-code.svg": "/root/research/bettercap/modules/ui/ui/assets/fontawesome/svgs/regular/file-code.svg",
		"ui/assets/fontawesome/svgs/regular/file-excel.svg": "/root/research/bettercap/modules/ui/ui/assets/fontawesome/svgs/regular/file-excel.svg",
		"ui/assets/fontawesome/svgs/regular/file-image.svg": "/root/research/bettercap/modules/ui/ui/assets/fontawesome/svgs/regular/file-image.svg",
		"ui/assets/fontawesome/svgs/regular/file-pdf.svg": "/root/research/bettercap/modules/ui/ui/assets/fontawesome/svgs/regular/file-pdf.svg",
		"ui/assets/fontawesome/svgs/regular/file-powerpoint.svg": "/root/research/bettercap/modules/ui/ui/assets/fontawesome/svgs/regular/file-powerpoint.svg",
		"ui/assets/fontawesome/svgs/regular/file-video.svg": "/root/research/bettercap/modules/ui/ui/assets/fontawesome/svgs/regular/file-video.svg",
		"ui/assets/fontawesome/svgs/regular/file-word.svg": "/root/research/bettercap/modules/ui/ui/assets/fontawesome/svgs/regular/file-word.svg",
		"ui/assets/fontawesome/svgs/regular/file.svg": "/root/research/bettercap/modules/ui/ui/assets/fontawesome/svgs/regular/file.svg",
		"ui/assets/fontawesome/svgs/regular/flag.svg": "/root/research/bettercap/modules/ui/ui/assets/fontawesome/svgs/regular/flag.svg",
		"ui/assets/fontawesome/svgs/regular/flushed.svg": "/root/research/bettercap/modules/ui/ui/assets/fontawesome/svgs/regular/flushed.svg",
		"ui/assets/fontawesome/svgs/regular/folder-open.svg": "/root/research/bettercap/modules/ui/ui/assets/fontawesome/svgs/regular/folder-open.svg",
		"ui/assets/fontawesome/svgs/regular/folder.svg": "/root/research/bettercap/modules/ui/ui/assets/fontawesome/svgs/regular/folder.svg",
		"ui/assets/fontawesome/svgs/regular/font-awesome-logo-full.svg": "/root/research/bettercap/modules/ui/ui/assets/fontawesome/svgs/regular/font-awesome-logo-full.svg",
		"ui/assets/fontawesome/svgs/regular/frown-open.svg": "/root/research/bettercap/modules/ui/ui/assets/fontawesome/svgs/regular/frown-open.svg",
		"ui/assets/fontawesome/svgs/regular/frown.svg": "/root/research/bettercap/modules/ui/ui/assets/fontawesome/svgs/regular/frown.svg",
		"ui/assets/fontawesome/svgs/regular/futbol.svg": "/root/research/bettercap/modules/ui/ui/assets/fontawesome/svgs/regular/futbol.svg",
		"ui/assets/fontawesome/svgs/regular/gem.svg": "/root/research/bettercap/modules/ui/ui/assets/fontawesome/svgs/regular/gem.svg",
		"ui/assets/fontawesome/svgs/regular/grimace.svg": "/root/research/bettercap/modules/ui/ui/assets/fontawesome/svgs/regular/grimace.svg",
		"ui/assets/fontawesome/svgs/regular/grin-alt.svg": "/root/research/bettercap/modules/ui/ui/assets/fontawesome/svgs/regular/grin-alt.svg",
		"ui/assets/fontawesome/svgs/regular/grin-beam-sweat.svg": "/root/research/bettercap/modules/ui/ui/assets/fontawesome/svgs/regular/grin-beam-sweat.svg",
		"ui/assets/fontawesome/svgs/regular/grin-beam.svg": "/root/research/bettercap/modules/ui/ui/assets/fontawesome/svgs/regular/grin-beam.svg",
		"ui/assets/fontawesome/svgs/regular/grin-hearts.svg": "/root/research/bettercap/modules/ui/ui/assets/fontawesome/svgs/regular/grin-hearts.svg",
		"ui/assets/fontawesome/svgs/regular/grin-squint-tears.svg": "/root/research/bettercap/modules/ui/ui/assets/fontawesome/svgs/regular/grin-squint-tears.svg",
		"ui/assets/fontawesome/svgs/regular/grin-squint.svg": "/root/research/bettercap/modules/ui/ui/assets/fontawesome/svgs/regular/grin-squint.svg",
		"ui/assets/fontawesome/svgs/regular/grin-stars.svg": "/root/research/bettercap/modules/ui/ui/assets/fontawesome/svgs/regular/grin-stars.svg",
		"ui/assets/fontawesome/svgs/regular/grin-tears.svg": "/root/research/bettercap/modules/ui/ui/assets/fontawesome/svgs/regular/grin-tears.svg",
		"ui/assets/fontawesome/svgs/regular/grin-tongue-squint.svg": "/root/research/bettercap/modules/ui/ui/assets/fontawesome/svgs/regular/grin-tongue-squint.svg",
		"ui/assets/fontawesome/svgs/regular/grin-tongue-wink.svg": "/root/research/bettercap/modules/ui/ui/assets/fontawesome/svgs/regular/grin-tongue-wink.svg",
		"ui/assets/fontawesome/svgs/regular/grin-tongue.svg": "/root/research/bettercap/modules/ui/ui/assets/fontawesome/svgs/regular/grin-tongue.svg",
		"ui/assets/fontawesome/svgs/regular/grin-wink.svg": "/root/research/bettercap/modules/ui/ui/assets/fontawesome/svgs/regular/grin-wink.svg",
		"ui/assets/fontawesome/svgs/regular/grin.svg": "/root/research/bettercap/modules/ui/ui/assets/fontawesome/svgs/regular/grin.svg",
		"ui/assets/fontawesome/svgs/regular/hand-lizard.svg": "/root/research/bettercap/modules/ui/ui/assets/fontawesome/svgs/regular/hand-lizard.svg",
		"ui/assets/fontawesome/svgs/regular/hand-paper.svg": "/root/research/bettercap/modules/ui/ui/assets/fontawesome/svgs/regular/hand-paper.svg",
		"ui/assets/fontawesome/svgs/regular/hand-peace.svg": "/root/research/bettercap/modules/ui/ui/assets/fontawesome/svgs/regular/hand-peace.svg",
		"ui/assets/fontawesome/svgs/regular/hand-point-down.svg": "/root/research/bettercap/modules/ui/ui/assets/fontawesome/svgs/regular/hand-point-down.svg",
		"ui/assets/fontawesome/svgs/regular/hand-point-left.svg": "/root/research/bettercap/modules/ui/ui/assets/fontawesome/svgs/regular/hand-point-left.svg",
		"ui/assets/fontawesome/svgs/regular/hand-point-right.svg": "/root/research/bettercap/modules/ui/ui/assets/fontawesome/svgs/regular/hand-point-right.svg",
		"ui/assets/fontawesome/svgs/regular/hand-point-up.svg": "/root/research/bettercap/modules/ui/ui/assets/fontawesome/svgs/regular/hand-point-up.svg",
		"ui/assets/fontawesome/svgs/regular/hand-pointer.svg": "/root/research/bettercap/modules/ui/ui/assets/fontawesome/svgs/regular/hand-pointer.svg",
		"ui/assets/fontawesome/svgs/regular/hand-rock.svg": "/root/research/bettercap/modules/ui/ui/assets/fontawesome/svgs/regular/hand-rock.svg",
		"ui/assets/fontawesome/svgs/regular/hand-scissors.svg": "/root/research/bettercap/modules/ui/ui/assets/fontawesome/svgs/regular/hand-scissors.svg",
		"ui/assets/fontawesome/svgs/regular/hand-spock.svg": "/root/research/bettercap/modules/ui/ui/assets/fontawesome/svgs/regular/hand-spock.svg",
		"ui/assets/fontawesome/svgs/regular/handshake.svg": "/root/research/bettercap/modules/ui/ui/assets/fontawesome/svgs/regular/handshake.svg",
		"ui/assets/fontawesome/svgs/regular/hdd.svg": "/root/research/bettercap/modules/ui/ui/assets/fontawesome/svgs/regular/hdd.svg",
		"ui/assets/fontawesome/svgs/regular/heart.svg": "/root/research/bettercap/modules/ui/ui/assets/fontawesome/svgs/regular/heart.svg",
		"ui/assets/fontawesome/svgs/regular/hospital.svg": "/root/research/bettercap/modules/ui/ui/assets/fontawesome/svgs/regular/hospital.svg",
		"ui/assets/fontawesome/svgs/regular/hourglass.svg": "/root/research/bettercap/modules/ui/ui/assets/fontawesome/svgs/regular/hourglass.svg",
		"ui/assets/fontawesome/svgs/regular/id-badge.svg": "/root/research/bettercap/modules/ui/ui/assets/fontawesome/svgs/regular/id-badge.svg",
		"ui/assets/fontawesome/svgs/regular/id-card.svg": "/root/research/bettercap/modules/ui/ui/assets/fontawesome/svgs/regular/id-card.svg",
		"ui/assets/fontawesome/svgs/regular/image.svg": "/root/research/bettercap/modules/ui/ui/assets/fontawesome/svgs/regular/image.svg",
		"ui/assets/fontawesome/svgs/regular/images.svg": "/root/research/bettercap/modules/ui/ui/assets/fontawesome/svgs/regular/images.svg",
		"ui/assets/fontawesome/svgs/regular/keyboard.svg": "/root/research/bettercap/modules/ui/ui/assets/fontawesome/svgs/regular/keyboard.svg",
		"ui/assets/fontawesome/svgs/regular/kiss-beam.svg": "/root/research/bettercap/modules/ui/ui/assets/fontawesome/svgs/regular/kiss-beam.svg",
		"ui/assets/fontawesome/svgs/regular/kiss-wink-heart.svg": "/root/research/bettercap/modules/ui/ui/assets/fontawesome/svgs/regular/kiss-wink-heart.svg",
		"ui/assets/fontawesome/svgs/regular/kiss.svg": "/root/research/bettercap/modules/ui/ui/assets/fontawesome/svgs/regular/kiss.svg",
		"ui/assets/fontawesome/svgs/regular/laugh-beam.svg": "/root/research/bettercap/modules/ui/ui/assets/fontawesome/svgs/regular/laugh-beam.svg",
		"ui/assets/fontawesome/svgs/regular/laugh-squint.svg": "/root/research/bettercap/modules/ui/ui/assets/fontawesome/svgs/regular/laugh-squint.svg",
		"ui/assets/fontawesome/svgs/regular/laugh-wink.svg": "/root/research/bettercap/modules/ui/ui/assets/fontawesome/svgs/regular/laugh-wink.svg",
		"ui/assets/fontawesome/svgs/regular/laugh.svg": "/root/research/bettercap/modules/ui/ui/assets/fontawesome/svgs/regular/laugh.svg",
		"ui/assets/fontawesome/svgs/regular/lemon.svg": "/root/research/bettercap/modules/ui/ui/assets/fontawesome/svgs/regular/lemon.svg",
		"ui/assets/fontawesome/svgs/regular/life-ring.svg": "/root/research/bettercap/modules/ui/ui/assets/fontawesome/svgs/regular/life-ring.svg",
		"ui/assets/fontawesome/svgs/regular/lightbulb.svg": "/root/research/bettercap/modules/ui/ui/assets/fontawesome/svgs/regular/lightbulb.svg",
		"ui/assets/fontawesome/svgs/regular/list-alt.svg": "/root/research/bettercap/modules/ui/ui/assets/fontawesome/svgs/regular/list-alt.svg",
		"ui/assets/fontawesome/svgs/regular/map.svg": "/root/research/bettercap/modules/ui/ui/assets/fontawesome/svgs/regular/map.svg",
		"ui/assets/fontawesome/svgs/regular/meh-blank.svg": "/root/research/bettercap/modules/ui/ui/assets/fontawesome/svgs/regular/meh-blank.svg",
		"ui/assets/fontawesome/svgs/regular/meh-rolling-eyes.svg": "/root/research/bettercap/modules/ui/ui/assets/fontawesome/svgs/regular/meh-rolling-eyes.svg",
		"ui/assets/fontawesome/svgs/regular/meh.svg": "/root/research/bettercap/modules/ui/ui/assets/fontawesome/svgs/regular/meh.svg",
		"ui/assets/fontawesome/svgs/regular/minus-square.svg": "/root/research/bettercap/modules/ui/ui/assets/fontawesome/svgs/regular/minus-square.svg",
		"ui/assets/fontawesome/svgs/regular/money-bill-alt.svg": "/root/research/bettercap/modules/ui/ui/assets/fontawesome/svgs/regular/money-bill-alt.svg",
		"ui/assets/fontawesome/svgs/regular/moon.svg": "/root/research/bettercap/modules/ui/ui/assets/fontawesome/svgs/regular/moon.svg",
		"ui/assets/fontawesome/svgs/regular/newspaper.svg": "/root/research/bettercap/modules/ui/ui/assets/fontawesome/svgs/regular/newspaper.svg",
		"ui/assets/fontawesome/svgs/regular/object-group.svg": "/root/research/bettercap/modules/ui/ui/assets/fontawesome/svgs/regular/object-group.svg",
		"ui/assets/fontawesome/svgs/regular/object-ungroup.svg": "/root/research/bettercap/modules/ui/ui/assets/fontawesome/svgs/regular/object-ungroup.svg",
		"ui/assets/fontawesome/svgs/regular/paper-plane.svg": "/root/research/bettercap/modules/ui/ui/assets/fontawesome/svgs/regular/paper-plane.svg",
		"ui/assets/fontawesome/svgs/regular/pause-circle.svg": "/root/research/bettercap/modules/ui/ui/assets/fontawesome/svgs/regular/pause-circle.svg",
		"ui/assets/fontawesome/svgs/regular/play-circle.svg": "/root/research/bettercap/modules/ui/ui/assets/fontawesome/svgs/regular/play-circle.svg",
		"ui/assets/fontawesome/svgs/regular/plus-square.svg": "/root/research/bettercap/modules/ui/ui/assets/fontawesome/svgs/regular/plus-square.svg",
		"ui/assets/fontawesome/svgs/regular/question-circle.svg": "/root/research/bettercap/modules/ui/ui/assets/fontawesome/svgs/regular/question-circle.svg",
		"ui/assets/fontawesome/svgs/regular/registered.svg": "/root/research/bettercap/modules/ui/ui/assets/fontawesome/svgs/regular/registered.svg",
		"ui/assets/fontawesome/svgs/regular/sad-cry.svg": "/root/research/bettercap/modules/ui/ui/assets/fontawesome/svgs/regular/sad-cry.svg",
		"ui/assets/fontawesome/svgs/regular/sad-tear.svg": "/root/research/bettercap/modules/ui/ui/assets/fontawesome/svgs/regular/sad-tear.svg",
		"ui/assets/fontawesome/svgs/regular/save.svg": "/root/research/bettercap/modules/ui/ui/assets/fontawesome/svgs/regular/save.svg",
		"ui/assets/fontawesome/svgs/regular/share-square.svg": "/root/research/bettercap/modules/ui/ui/assets/fontawesome/svgs/regular/share-square.svg",
		"ui/assets/fontawesome/svgs/regular/smile-beam.svg": "/root/research/bettercap/modules/ui/ui/assets/fontawesome/svgs/regular/smile-beam.svg",
		"ui/assets/fontawesome/svgs/regular/smile-wink.svg": "/root/research/bettercap/modules/ui/ui/assets/fontawesome/svgs/regular/smile-wink.svg",
		"ui/assets/fontawesome/svgs/regular/smile.svg": "/root/research/bettercap/modules/ui/ui/assets/fontawesome/svgs/regular/smile.svg",
		"ui/assets/fontawesome/svgs/regular/snowflake.svg": "/root/research/bettercap/modules/ui/ui/assets/fontawesome/svgs/regular/snowflake.svg",
		"ui/assets/fontawesome/svgs/regular/square.svg": "/root/research/bettercap/modules/ui/ui/assets/fontawesome/svgs/regular/square.svg",
		"ui/assets/fontawesome/svgs/regular/star-half.svg": "/root/research/bettercap/modules/ui/ui/assets/fontawesome/svgs/regular/star-half.svg",
		"ui/assets/fontawesome/svgs/regular/star.svg": "/root/research/bettercap/modules/ui/ui/assets/fontawesome/svgs/regular/star.svg",
		"ui/assets/fontawesome/svgs/regular/sticky-note.svg": "/root/research/bettercap/modules/ui/ui/assets/fontawesome/svgs/regular/sticky-note.svg",
		"ui/assets/fontawesome/svgs/regular/stop-circle.svg": "/root/research/bettercap/modules/ui/ui/assets/fontawesome/svgs/regular/stop-circle.svg",
		"ui/assets/fontawesome/svgs/regular/sun.svg": "/root/research/bettercap/modules/ui/ui/assets/fontawesome/svgs/regular/sun.svg",
		"ui/assets/fontawesome/svgs/regular/surprise.svg": "/root/research/bettercap/modules/ui/ui/assets/fontawesome/svgs/regular/surprise.svg",
		"ui/assets/fontawesome/svgs/regular/thumbs-down.svg": "/root/research/bettercap/modules/ui/ui/assets/fontawesome/svgs/regular/thumbs-down.svg",
		"ui/assets/fontawesome/svgs/regular/thumbs-up.svg": "/root/research/bettercap/modules/ui/ui/assets/fontawesome/svgs/regular/thumbs-up.svg",
		"ui/assets/fontawesome/svgs/regular/times-circle.svg": "/root/research/bettercap/modules/ui/ui/assets/fontawesome/svgs/regular/times-circle.svg",
		"ui/assets/fontawesome/svgs/regular/tired.svg": "/root/research/bettercap/modules/ui/ui/assets/fontawesome/svgs/regular/tired.svg",
		"ui/assets/fontawesome/svgs/regular/trash-alt.svg": "/root/research/bettercap/modules/ui/ui/assets/fontawesome/svgs/regular/trash-alt.svg",
		"ui/assets/fontawesome/svgs/regular/user-circle.svg": "/root/research/bettercap/modules/ui/ui/assets/fontawesome/svgs/regular/user-circle.svg",
		"ui/assets/fontawesome/svgs/regular/user.svg": "/root/research/bettercap/modules/ui/ui/assets/fontawesome/svgs/regular/user.svg",
		"ui/assets/fontawesome/svgs/regular/window-close.svg": "/root/research/bettercap/modules/ui/ui/assets/fontawesome/svgs/regular/window-close.svg",
		"ui/assets/fontawesome/svgs/regular/window-maximize.svg": "/root/research/bettercap/modules/ui/ui/assets/fontawesome/svgs/regular/window-maximize.svg",
		"ui/assets/fontawesome/svgs/regular/window-minimize.svg": "/root/research/bettercap/modules/ui/ui/assets/fontawesome/svgs/regular/window-minimize.svg",
		"ui/assets/fontawesome/svgs/regular/window-restore.svg": "/root/research/bettercap/modules/ui/ui/assets/fontawesome/svgs/regular/window-restore.svg",
		"ui/assets/fontawesome/svgs/solid/ad.svg": "/root/research/bettercap/modules/ui/ui/assets/fontawesome/svgs/solid/ad.svg",
		"ui/assets/fontawesome/svgs/solid/address-book.svg": "/root/research/bettercap/modules/ui/ui/assets/fontawesome/svgs/solid/address-book.svg",
		"ui/assets/fontawesome/svgs/solid/address-card.svg": "/root/research/bettercap/modules/ui/ui/assets/fontawesome/svgs/solid/address-card.svg",
		"ui/assets/fontawesome/svgs/solid/adjust.svg": "/root/research/bettercap/modules/ui/ui/assets/fontawesome/svgs/solid/adjust.svg",
		"ui/assets/fontawesome/svgs/solid/air-freshener.svg": "/root/research/bettercap/modules/ui/ui/assets/fontawesome/svgs/solid/air-freshener.svg",
		"ui/assets/fontawesome/svgs/solid/align-center.svg": "/root/research/bettercap/modules/ui/ui/assets/fontawesome/svgs/solid/align-center.svg",
		"ui/assets/fontawesome/svgs/solid/align-justify.svg": "/root/research/bettercap/modules/ui/ui/assets/fontawesome/svgs/solid/align-justify.svg",
		"ui/assets/fontawesome/svgs/solid/align-left.svg": "/root/research/bettercap/modules/ui/ui/assets/fontawesome/svgs/solid/align-left.svg",
		"ui/assets/fontawesome/svgs/solid/align-right.svg": "/root/research/bettercap/modules/ui/ui/assets/fontawesome/svgs/solid/align-right.svg",
		"ui/assets/fontawesome/svgs/solid/allergies.svg": "/root/research/bettercap/modules/ui/ui/assets/fontawesome/svgs/solid/allergies.svg",
		"ui/assets/fontawesome/svgs/solid/ambulance.svg": "/root/research/bettercap/modules/ui/ui/assets/fontawesome/svgs/solid/ambulance.svg",
		"ui/assets/fontawesome/svgs/solid/american-sign-language-interpreting.svg": "/root/research/bettercap/modules/ui/ui/assets/fontawesome/svgs/solid/american-sign-language-interpreting.svg",
		"ui/assets/fontawesome/svgs/solid/anchor.svg": "/root/research/bettercap/modules/ui/ui/assets/fontawesome/svgs/solid/anchor.svg",
		"ui/assets/fontawesome/svgs/solid/angle-double-down.svg": "/root/research/bettercap/modules/ui/ui/assets/fontawesome/svgs/solid/angle-double-down.svg",
		"ui/assets/fontawesome/svgs/solid/angle-double-left.svg": "/root/research/bettercap/modules/ui/ui/assets/fontawesome/svgs/solid/angle-double-left.svg",
		"ui/assets/fontawesome/svgs/solid/angle-double-right.svg": "/root/research/bettercap/modules/ui/ui/assets/fontawesome/svgs/solid/angle-double-right.svg",
		"ui/assets/fontawesome/svgs/solid/angle-double-up.svg": "/root/research/bettercap/modules/ui/ui/assets/fontawesome/svgs/solid/angle-double-up.svg",
		"ui/assets/fontawesome/svgs/solid/angle-down.svg": "/root/research/bettercap/modules/ui/ui/assets/fontawesome/svgs/solid/angle-down.svg",
		"ui/assets/fontawesome/svgs/solid/angle-left.svg": "/root/research/bettercap/modules/ui/ui/assets/fontawesome/svgs/solid/angle-left.svg",
		"ui/assets/fontawesome/svgs/solid/angle-right.svg": "/root/research/bettercap/modules/ui/ui/assets/fontawesome/svgs/solid/angle-right.svg",
		"ui/assets/fontawesome/svgs/solid/angle-up.svg": "/root/research/bettercap/modules/ui/ui/assets/fontawesome/svgs/solid/angle-up.svg",
		"ui/assets/fontawesome/svgs/solid/angry.svg": "/root/research/bettercap/modules/ui/ui/assets/fontawesome/svgs/solid/angry.svg",
		"ui/assets/fontawesome/svgs/solid/ankh.svg": "/root/research/bettercap/modules/ui/ui/assets/fontawesome/svgs/solid/ankh.svg",
		"ui/assets/fontawesome/svgs/solid/apple-alt.svg": "/root/research/bettercap/modules/ui/ui/assets/fontawesome/svgs/solid/apple-alt.svg",
		"ui/assets/fontawesome/svgs/solid/archive.svg": "/root/research/bettercap/modules/ui/ui/assets/fontawesome/svgs/solid/archive.svg",
		"ui/assets/fontawesome/svgs/solid/archway.svg": "/root/research/bettercap/modules/ui/ui/assets/fontawesome/svgs/solid/archway.svg",
		"ui/assets/fontawesome/svgs/solid/arrow-alt-circle-down.svg": "/root/research/bettercap/modules/ui/ui/assets/fontawesome/svgs/solid/arrow-alt-circle-down.svg",
		"ui/assets/fontawesome/svgs/solid/arrow-alt-circle-left.svg": "/root/research/bettercap/modules/ui/ui/assets/fontawesome/svgs/solid/arrow-alt-circle-left.svg",
		"ui/assets/fontawesome/svgs/solid/arrow-alt-circle-right.svg": "/root/research/bettercap/modules/ui/ui/assets/fontawesome/svgs/solid/arrow-alt-circle-right.svg",
		"ui/assets/fontawesome/svgs/solid/arrow-alt-circle-up.svg": "/root/research/bettercap/modules/ui/ui/assets/fontawesome/svgs/solid/arrow-alt-circle-up.svg",
		"ui/assets/fontawesome/svgs/solid/arrow-circle-down.svg": "/root/research/bettercap/modules/ui/ui/assets/fontawesome/svgs/solid/arrow-circle-down.svg",
		"ui/assets/fontawesome/svgs/solid/arrow-circle-left.svg": "/root/research/bettercap/modules/ui/ui/assets/fontawesome/svgs/solid/arrow-circle-left.svg",
		"ui/assets/fontawesome/svgs/solid/arrow-circle-right.svg": "/root/research/bettercap/modules/ui/ui/assets/fontawesome/svgs/solid/arrow-circle-right.svg",
		"ui/assets/fontawesome/svgs/solid/arrow-circle-up.svg": "/root/research/bettercap/modules/ui/ui/assets/fontawesome/svgs/solid/arrow-circle-up.svg",
		"ui/assets/fontawesome/svgs/solid/arrow-down.svg": "/root/research/bettercap/modules/ui/ui/assets/fontawesome/svgs/solid/arrow-down.svg",
		"ui/assets/fontawesome/svgs/solid/arrow-left.svg": "/root/research/bettercap/modules/ui/ui/assets/fontawesome/svgs/solid/arrow-left.svg",
		"ui/assets/fontawesome/svgs/solid/arrow-right.svg": "/root/research/bettercap/modules/ui/ui/assets/fontawesome/svgs/solid/arrow-right.svg",
		"ui/assets/fontawesome/svgs/solid/arrow-up.svg": "/root/research/bettercap/modules/ui/ui/assets/fontawesome/svgs/solid/arrow-up.svg",
		"ui/assets/fontawesome/svgs/solid/arrows-alt-h.svg": "/root/research/bettercap/modules/ui/ui/assets/fontawesome/svgs/solid/arrows-alt-h.svg",
		"ui/assets/fontawesome/svgs/solid/arrows-alt-v.svg": "/root/research/bettercap/modules/ui/ui/assets/fontawesome/svgs/solid/arrows-alt-v.svg",
		"ui/assets/fontawesome/svgs/solid/arrows-alt.svg": "/root/research/bettercap/modules/ui/ui/assets/fontawesome/svgs/solid/arrows-alt.svg",
		"ui/assets/fontawesome/svgs/solid/assistive-listening-systems.svg": "/root/research/bettercap/modules/ui/ui/assets/fontawesome/svgs/solid/assistive-listening-systems.svg",
		"ui/assets/fontawesome/svgs/solid/asterisk.svg": "/root/research/bettercap/modules/ui/ui/assets/fontawesome/svgs/solid/asterisk.svg",
		"ui/assets/fontawesome/svgs/solid/at.svg": "/root/research/bettercap/modules/ui/ui/assets/fontawesome/svgs/solid/at.svg",
		"ui/assets/fontawesome/svgs/solid/atlas.svg": "/root/research/bettercap/modules/ui/ui/assets/fontawesome/svgs/solid/atlas.svg",
		"ui/assets/fontawesome/svgs/solid/atom.svg": "/root/research/bettercap/modules/ui/ui/assets/fontawesome/svgs/solid/atom.svg",
		"ui/assets/fontawesome/svgs/solid/audio-description.svg": "/root/research/bettercap/modules/ui/ui/assets/fontawesome/svgs/solid/audio-description.svg",
		"ui/assets/fontawesome/svgs/solid/award.svg": "/root/research/bettercap/modules/ui/ui/assets/fontawesome/svgs/solid/award.svg",
		"ui/assets/fontawesome/svgs/solid/baby-carriage.svg": "/root/research/bettercap/modules/ui/ui/assets/fontawesome/svgs/solid/baby-carriage.svg",
		"ui/assets/fontawesome/svgs/solid/baby.svg": "/root/research/bettercap/modules/ui/ui/assets/fontawesome/svgs/solid/baby.svg",
		"ui/assets/fontawesome/svgs/solid/backspace.svg": "/root/research/bettercap/modules/ui/ui/assets/fontawesome/svgs/solid/backspace.svg",
		"ui/assets/fontawesome/svgs/solid/backward.svg": "/root/research/bettercap/modules/ui/ui/assets/fontawesome/svgs/solid/backward.svg",
		"ui/assets/fontawesome/svgs/solid/bacon.svg": "/root/research/bettercap/modules/ui/ui/assets/fontawesome/svgs/solid/bacon.svg",
		"ui/assets/fontawesome/svgs/solid/balance-scale.svg": "/root/research/bettercap/modules/ui/ui/assets/fontawesome/svgs/solid/balance-scale.svg",
		"ui/assets/fontawesome/svgs/solid/ban.svg": "/root/research/bettercap/modules/ui/ui/assets/fontawesome/svgs/solid/ban.svg",
		"ui/assets/fontawesome/svgs/solid/band-aid.svg": "/root/research/bettercap/modules/ui/ui/assets/fontawesome/svgs/solid/band-aid.svg",
		"ui/assets/fontawesome/svgs/solid/barcode.svg": "/root/research/bettercap/modules/ui/ui/assets/fontawesome/svgs/solid/barcode.svg",
		"ui/assets/fontawesome/svgs/solid/bars.svg": "/root/research/bettercap/modules/ui/ui/assets/fontawesome/svgs/solid/bars.svg",
		"ui/assets/fontawesome/svgs/solid/baseball-ball.svg": "/root/research/bettercap/modules/ui/ui/assets/fontawesome/svgs/solid/baseball-ball.svg",
		"ui/assets/fontawesome/svgs/solid/basketball-ball.svg": "/root/research/bettercap/modules/ui/ui/assets/fontawesome/svgs/solid/basketball-ball.svg",
		"ui/assets/fontawesome/svgs/solid/bath.svg": "/root/research/bettercap/modules/ui/ui/assets/fontawesome/svgs/solid/bath.svg",
		"ui/assets/fontawesome/svgs/solid/battery-empty.svg": "/root/research/bettercap/modules/ui/ui/assets/fontawesome/svgs/solid/battery-empty.svg",
		"ui/assets/fontawesome/svgs/solid/battery-full.svg": "/root/research/bettercap/modules/ui/ui/assets/fontawesome/svgs/solid/battery-full.svg",
		"ui/assets/fontawesome/svgs/solid/battery-half.svg": "/root/research/bettercap/modules/ui/ui/assets/fontawesome/svgs/solid/battery-half.svg",
		"ui/assets/fontawesome/svgs/solid/battery-quarter.svg": "/root/research/bettercap/modules/ui/ui/assets/fontawesome/svgs/solid/battery-quarter.svg",
		"ui/assets/fontawesome/svgs/solid/battery-three-quarters.svg": "/root/research/bettercap/modules/ui/ui/assets/fontawesome/svgs/solid/battery-three-quarters.svg",
		"ui/assets/fontawesome/svgs/solid/bed.svg": "/root/research/bettercap/modules/ui/ui/assets/fontawesome/svgs/solid/bed.svg",
		"ui/assets/fontawesome/svgs/solid/beer.svg": "/root/research/bettercap/modules/ui/ui/assets/fontawesome/svgs/solid/beer.svg",
		"ui/assets/fontawesome/svgs/solid/bell-slash.svg": "/root/research/bettercap/modules/ui/ui/assets/fontawesome/svgs/solid/bell-slash.svg",
		"ui/assets/fontawesome/svgs/solid/bell.svg": "/root/research/bettercap/modules/ui/ui/assets/fontawesome/svgs/solid/bell.svg",
		"ui/assets/fontawesome/svgs/solid/bezier-curve.svg": "/root/research/bettercap/modules/ui/ui/assets/fontawesome/svgs/solid/bezier-curve.svg",
		"ui/assets/fontawesome/svgs/solid/bible.svg": "/root/research/bettercap/modules/ui/ui/assets/fontawesome/svgs/solid/bible.svg",
		"ui/assets/fontawesome/svgs/solid/bicycle.svg": "/root/research/bettercap/modules/ui/ui/assets/fontawesome/svgs/solid/bicycle.svg",
		"ui/assets/fontawesome/svgs/solid/binoculars.svg": "/root/research/bettercap/modules/ui/ui/assets/fontawesome/svgs/solid/binoculars.svg",
		"ui/assets/fontawesome/svgs/solid/biohazard.svg": "/root/research/bettercap/modules/ui/ui/assets/fontawesome/svgs/solid/biohazard.svg",
		"ui/assets/fontawesome/svgs/solid/birthday-cake.svg": "/root/research/bettercap/modules/ui/ui/assets/fontawesome/svgs/solid/birthday-cake.svg",
		"ui/assets/fontawesome/svgs/solid/blender-phone.svg": "/root/research/bettercap/modules/ui/ui/assets/fontawesome/svgs/solid/blender-phone.svg",
		"ui/assets/fontawesome/svgs/solid/blender.svg": "/root/research/bettercap/modules/ui/ui/assets/fontawesome/svgs/solid/blender.svg",
		"ui/assets/fontawesome/svgs/solid/blind.svg": "/root/research/bettercap/modules/ui/ui/assets/fontawesome/svgs/solid/blind.svg",
		"ui/assets/fontawesome/svgs/solid/blog.svg": "/root/research/bettercap/modules/ui/ui/assets/fontawesome/svgs/solid/blog.svg",
		"ui/assets/fontawesome/svgs/solid/bold.svg": "/root/research/bettercap/modules/ui/ui/assets/fontawesome/svgs/solid/bold.svg",
		"ui/assets/fontawesome/svgs/solid/bolt.svg": "/root/research/bettercap/modules/ui/ui/assets/fontawesome/svgs/solid/bolt.svg",
		"ui/assets/fontawesome/svgs/solid/bomb.svg": "/root/research/bettercap/modules/ui/ui/assets/fontawesome/svgs/solid/bomb.svg",
		"ui/assets/fontawesome/svgs/solid/bone.svg": "/root/research/bettercap/modules/ui/ui/assets/fontawesome/svgs/solid/bone.svg",
		"ui/assets/fontawesome/svgs/solid/bong.svg": "/root/research/bettercap/modules/ui/ui/assets/fontawesome/svgs/solid/bong.svg",
		"ui/assets/fontawesome/svgs/solid/book-dead.svg": "/root/research/bettercap/modules/ui/ui/assets/fontawesome/svgs/solid/book-dead.svg",
		"ui/assets/fontawesome/svgs/solid/book-medical.svg": "/root/research/bettercap/modules/ui/ui/assets/fontawesome/svgs/solid/book-medical.svg",
		"ui/assets/fontawesome/svgs/solid/book-open.svg": "/root/research/bettercap/modules/ui/ui/assets/fontawesome/svgs/solid/book-open.svg",
		"ui/assets/fontawesome/svgs/solid/book-reader.svg": "/root/research/bettercap/modules/ui/ui/assets/fontawesome/svgs/solid/book-reader.svg",
		"ui/assets/fontawesome/svgs/solid/book.svg": "/root/research/bettercap/modules/ui/ui/assets/fontawesome/svgs/solid/book.svg",
		"ui/assets/fontawesome/svgs/solid/bookmark.svg": "/root/research/bettercap/modules/ui/ui/assets/fontawesome/svgs/solid/bookmark.svg",
		"ui/assets/fontawesome/svgs/solid/bowling-ball.svg": "/root/research/bettercap/modules/ui/ui/assets/fontawesome/svgs/solid/bowling-ball.svg",
		"ui/assets/fontawesome/svgs/solid/box-open.svg": "/root/research/bettercap/modules/ui/ui/assets/fontawesome/svgs/solid/box-open.svg",
		"ui/assets/fontawesome/svgs/solid/box.svg": "/root/research/bettercap/modules/ui/ui/assets/fontawesome/svgs/solid/box.svg",
		"ui/assets/fontawesome/svgs/solid/boxes.svg": "/root/research/bettercap/modules/ui/ui/assets/fontawesome/svgs/solid/boxes.svg",
		"ui/assets/fontawesome/svgs/solid/braille.svg": "/root/research/bettercap/modules/ui/ui/assets/fontawesome/svgs/solid/braille.svg",
		"ui/assets/fontawesome/svgs/solid/brain.svg": "/root/research/bettercap/modules/ui/ui/assets/fontawesome/svgs/solid/brain.svg",
		"ui/assets/fontawesome/svgs/solid/bread-slice.svg": "/root/research/bettercap/modules/ui/ui/assets/fontawesome/svgs/solid/bread-slice.svg",
		"ui/assets/fontawesome/svgs/solid/briefcase-medical.svg": "/root/research/bettercap/modules/ui/ui/assets/fontawesome/svgs/solid/briefcase-medical.svg",
		"ui/assets/fontawesome/svgs/solid/briefcase.svg": "/root/research/bettercap/modules/ui/ui/assets/fontawesome/svgs/solid/briefcase.svg",
		"ui/assets/fontawesome/svgs/solid/broadcast-tower.svg": "/root/research/bettercap/modules/ui/ui/assets/fontawesome/svgs/solid/broadcast-tower.svg",
		"ui/assets/fontawesome/svgs/solid/broom.svg": "/root/research/bettercap/modules/ui/ui/assets/fontawesome/svgs/solid/broom.svg",
		"ui/assets/fontawesome/svgs/solid/brush.svg": "/root/research/bettercap/modules/ui/ui/assets/fontawesome/svgs/solid/brush.svg",
		"ui/assets/fontawesome/svgs/solid/bug.svg": "/root/research/bettercap/modules/ui/ui/assets/fontawesome/svgs/solid/bug.svg",
		"ui/assets/fontawesome/svgs/solid/building.svg": "/root/research/bettercap/modules/ui/ui/assets/fontawesome/svgs/solid/building.svg",
		"ui/assets/fontawesome/svgs/solid/bullhorn.svg": "/root/research/bettercap/modules/ui/ui/assets/fontawesome/svgs/solid/bullhorn.svg",
		"ui/assets/fontawesome/svgs/solid/bullseye.svg": "/root/research/bettercap/modules/ui/ui/assets/fontawesome/svgs/solid/bullseye.svg",
		"ui/assets/fontawesome/svgs/solid/burn.svg": "/root/research/bettercap/modules/ui/ui/assets/fontawesome/svgs/solid/burn.svg",
		"ui/assets/fontawesome/svgs/solid/bus-alt.svg": "/root/research/bettercap/modules/ui/ui/assets/fontawesome/svgs/solid/bus-alt.svg",
		"ui/assets/fontawesome/svgs/solid/bus.svg": "/root/research/bettercap/modules/ui/ui/assets/fontawesome/svgs/solid/bus.svg",
		"ui/assets/fontawesome/svgs/solid/business-time.svg": "/root/research/bettercap/modules/ui/ui/assets/fontawesome/svgs/solid/business-time.svg",
		"ui/assets/fontawesome/svgs/solid/calculator.svg": "/root/research/bettercap/modules/ui/ui/assets/fontawesome/svgs/solid/calculator.svg",
		"ui/assets/fontawesome/svgs/solid/calendar-alt.svg": "/root/research/bettercap/modules/ui/ui/assets/fontawesome/svgs/solid/calendar-alt.svg",
		"ui/assets/fontawesome/svgs/solid/calendar-check.svg": "/root/research/bettercap/modules/ui/ui/assets/fontawesome/svgs/solid/calendar-check.svg",
		"ui/assets/fontawesome/svgs/solid/calendar-day.svg": "/root/research/bettercap/modules/ui/ui/assets/fontawesome/svgs/solid/calendar-day.svg",
		"ui/assets/fontawesome/svgs/solid/calendar-minus.svg": "/root/research/bettercap/modules/ui/ui/assets/fontawesome/svgs/solid/calendar-minus.svg",
		"ui/assets/fontawesome/svgs/solid/calendar-plus.svg": "/root/research/bettercap/modules/ui/ui/assets/fontawesome/svgs/solid/calendar-plus.svg",
		"ui/assets/fontawesome/svgs/solid/calendar-times.svg": "/root/research/bettercap/modules/ui/ui/assets/fontawesome/svgs/solid/calendar-times.svg",
		"ui/assets/fontawesome/svgs/solid/calendar-week.svg": "/root/research/bettercap/modules/ui/ui/assets/fontawesome/svgs/solid/calendar-week.svg",
		"ui/assets/fontawesome/svgs/solid/calendar.svg": "/root/research/bettercap/modules/ui/ui/assets/fontawesome/svgs/solid/calendar.svg",
		"ui/assets/fontawesome/svgs/solid/camera-retro.svg": "/root/research/bettercap/modules/ui/ui/assets/fontawesome/svgs/solid/camera-retro.svg",
		"ui/assets/fontawesome/svgs/solid/camera.svg": "/root/research/bettercap/modules/ui/ui/assets/fontawesome/svgs/solid/camera.svg",
		"ui/assets/fontawesome/svgs/solid/campground.svg": "/root/research/bettercap/modules/ui/ui/assets/fontawesome/svgs/solid/campground.svg",
		"ui/assets/fontawesome/svgs/solid/candy-cane.svg": "/root/research/bettercap/modules/ui/ui/assets/fontawesome/svgs/solid/candy-cane.svg",
		"ui/assets/fontawesome/svgs/solid/cannabis.svg": "/root/research/bettercap/modules/ui/ui/assets/fontawesome/svgs/solid/cannabis.svg",
		"ui/assets/fontawesome/svgs/solid/capsules.svg": "/root/research/bettercap/modules/ui/ui/assets/fontawesome/svgs/solid/capsules.svg",
		"ui/assets/fontawesome/svgs/solid/car-alt.svg": "/root/research/bettercap/modules/ui/ui/assets/fontawesome/svgs/solid/car-alt.svg",
		"ui/assets/fontawesome/svgs/solid/car-battery.svg": "/root/research/bettercap/modules/ui/ui/assets/fontawesome/svgs/solid/car-battery.svg",
		"ui/assets/fontawesome/svgs/solid/car-crash.svg": "/root/research/bettercap/modules/ui/ui/assets/fontawesome/svgs/solid/car-crash.svg",
		"ui/assets/fontawesome/svgs/solid/car-side.svg": "/root/research/bettercap/modules/ui/ui/assets/fontawesome/svgs/solid/car-side.svg",
		"ui/assets/fontawesome/svgs/solid/car.svg": "/root/research/bettercap/modules/ui/ui/assets/fontawesome/svgs/solid/car.svg",
		"ui/assets/fontawesome/svgs/solid/caret-down.svg": "/root/research/bettercap/modules/ui/ui/assets/fontawesome/svgs/solid/caret-down.svg",
		"ui/assets/fontawesome/svgs/solid/caret-left.svg": "/root/research/bettercap/modules/ui/ui/assets/fontawesome/svgs/solid/caret-left.svg",
		"ui/assets/fontawesome/svgs/solid/caret-right.svg": "/root/research/bettercap/modules/ui/ui/assets/fontawesome/svgs/solid/caret-right.svg",
		"ui/assets/fontawesome/svgs/solid/caret-square-down.svg": "/root/research/bettercap/modules/ui/ui/assets/fontawesome/svgs/solid/caret-square-down.svg",
		"ui/assets/fontawesome/svgs/solid/caret-square-left.svg": "/root/research/bettercap/modules/ui/ui/assets/fontawesome/svgs/solid/caret-square-left.svg",
		"ui/assets/fontawesome/svgs/solid/caret-square-right.svg": "/root/research/bettercap/modules/ui/ui/assets/fontawesome/svgs/solid/caret-square-right.svg",
		"ui/assets/fontawesome/svgs/solid/caret-square-up.svg": "/root/research/bettercap/modules/ui/ui/assets/fontawesome/svgs/solid/caret-square-up.svg",
		"ui/assets/fontawesome/svgs/solid/caret-up.svg": "/root/research/bettercap/modules/ui/ui/assets/fontawesome/svgs/solid/caret-up.svg",
		"ui/assets/fontawesome/svgs/solid/carrot.svg": "/root/research/bettercap/modules/ui/ui/assets/fontawesome/svgs/solid/carrot.svg",
		"ui/assets/fontawesome/svgs/solid/cart-arrow-down.svg": "/root/research/bettercap/modules/ui/ui/assets/fontawesome/svgs/solid/cart-arrow-down.svg",
		"ui/assets/fontawesome/svgs/solid/cart-plus.svg": "/root/research/bettercap/modules/ui/ui/assets/fontawesome/svgs/solid/cart-plus.svg",
		"ui/assets/fontawesome/svgs/solid/cash-register.svg": "/root/research/bettercap/modules/ui/ui/assets/fontawesome/svgs/solid/cash-register.svg",
		"ui/assets/fontawesome/svgs/solid/cat.svg": "/root/research/bettercap/modules/ui/ui/assets/fontawesome/svgs/solid/cat.svg",
		"ui/assets/fontawesome/svgs/solid/certificate.svg": "/root/research/bettercap/modules/ui/ui/assets/fontawesome/svgs/solid/certificate.svg",
		"ui/assets/fontawesome/svgs/solid/chair.svg": "/root/research/bettercap/modules/ui/ui/assets/fontawesome/svgs/solid/chair.svg",
		"ui/assets/fontawesome/svgs/solid/chalkboard-teacher.svg": "/root/research/bettercap/modules/ui/ui/assets/fontawesome/svgs/solid/chalkboard-teacher.svg",
		"ui/assets/fontawesome/svgs/solid/chalkboard.svg": "/root/research/bettercap/modules/ui/ui/assets/fontawesome/svgs/solid/chalkboard.svg",
		"ui/assets/fontawesome/svgs/solid/charging-station.svg": "/root/research/bettercap/modules/ui/ui/assets/fontawesome/svgs/solid/charging-station.svg",
		"ui/assets/fontawesome/svgs/solid/chart-area.svg": "/root/research/bettercap/modules/ui/ui/assets/fontawesome/svgs/solid/chart-area.svg",
		"ui/assets/fontawesome/svgs/solid/chart-bar.svg": "/root/research/bettercap/modules/ui/ui/assets/fontawesome/svgs/solid/chart-bar.svg",
		"ui/assets/fontawesome/svgs/solid/chart-line.svg": "/root/research/bettercap/modules/ui/ui/assets/fontawesome/svgs/solid/chart-line.svg",
		"ui/assets/fontawesome/svgs/solid/chart-pie.svg": "/root/research/bettercap/modules/ui/ui/assets/fontawesome/svgs/solid/chart-pie.svg",
		"ui/assets/fontawesome/svgs/solid/check-circle.svg": "/root/research/bettercap/modules/ui/ui/assets/fontawesome/svgs/solid/check-circle.svg",
		"ui/assets/fontawesome/svgs/solid/check-double.svg": "/root/research/bettercap/modules/ui/ui/assets/fontawesome/svgs/solid/check-double.svg",
		"ui/assets/fontawesome/svgs/solid/check-square.svg": "/root/research/bettercap/modules/ui/ui/assets/fontawesome/svgs/solid/check-square.svg",
		"ui/assets/fontawesome/svgs/solid/check.svg": "/root/research/bettercap/modules/ui/ui/assets/fontawesome/svgs/solid/check.svg",
		"ui/assets/fontawesome/svgs/solid/cheese.svg": "/root/research/bettercap/modules/ui/ui/assets/fontawesome/svgs/solid/cheese.svg",
		"ui/assets/fontawesome/svgs/solid/chess-bishop.svg": "/root/research/bettercap/modules/ui/ui/assets/fontawesome/svgs/solid/chess-bishop.svg",
		"ui/assets/fontawesome/svgs/solid/chess-board.svg": "/root/research/bettercap/modules/ui/ui/assets/fontawesome/svgs/solid/chess-board.svg",
		"ui/assets/fontawesome/svgs/solid/chess-king.svg": "/root/research/bettercap/modules/ui/ui/assets/fontawesome/svgs/solid/chess-king.svg",
		"ui/assets/fontawesome/svgs/solid/chess-knight.svg": "/root/research/bettercap/modules/ui/ui/assets/fontawesome/svgs/solid/chess-knight.svg",
		"ui/assets/fontawesome/svgs/solid/chess-pawn.svg": "/root/research/bettercap/modules/ui/ui/assets/fontawesome/svgs/solid/chess-pawn.svg",
		"ui/assets/fontawesome/svgs/solid/chess-queen.svg": "/root/research/bettercap/modules/ui/ui/assets/fontawesome/svgs/solid/chess-queen.svg",
		"ui/assets/fontawesome/svgs/solid/chess-rook.svg": "/root/research/bettercap/modules/ui/ui/assets/fontawesome/svgs/solid/chess-rook.svg",
		"ui/assets/fontawesome/svgs/solid/chess.svg": "/root/research/bettercap/modules/ui/ui/assets/fontawesome/svgs/solid/chess.svg",
		"ui/assets/fontawesome/svgs/solid/chevron-circle-down.svg": "/root/research/bettercap/modules/ui/ui/assets/fontawesome/svgs/solid/chevron-circle-down.svg",
		"ui/assets/fontawesome/svgs/solid/chevron-circle-left.svg": "/root/research/bettercap/modules/ui/ui/assets/fontawesome/svgs/solid/chevron-circle-left.svg",
		"ui/assets/fontawesome/svgs/solid/chevron-circle-right.svg": "/root/research/bettercap/modules/ui/ui/assets/fontawesome/svgs/solid/chevron-circle-right.svg",
		"ui/assets/fontawesome/svgs/solid/chevron-circle-up.svg": "/root/research/bettercap/modules/ui/ui/assets/fontawesome/svgs/solid/chevron-circle-up.svg",
		"ui/assets/fontawesome/svgs/solid/chevron-down.svg": "/root/research/bettercap/modules/ui/ui/assets/fontawesome/svgs/solid/chevron-down.svg",
		"ui/assets/fontawesome/svgs/solid/chevron-left.svg": "/root/research/bettercap/modules/ui/ui/assets/fontawesome/svgs/solid/chevron-left.svg",
		"ui/assets/fontawesome/svgs/solid/chevron-right.svg": "/root/research/bettercap/modules/ui/ui/assets/fontawesome/svgs/solid/chevron-right.svg",
		"ui/assets/fontawesome/svgs/solid/chevron-up.svg": "/root/research/bettercap/modules/ui/ui/assets/fontawesome/svgs/solid/chevron-up.svg",
		"ui/assets/fontawesome/svgs/solid/child.svg": "/root/research/bettercap/modules/ui/ui/assets/fontawesome/svgs/solid/child.svg",
		"ui/assets/fontawesome/svgs/solid/church.svg": "/root/research/bettercap/modules/ui/ui/assets/fontawesome/svgs/solid/church.svg",
		"ui/assets/fontawesome/svgs/solid/circle-notch.svg": "/root/research/bettercap/modules/ui/ui/assets/fontawesome/svgs/solid/circle-notch.svg",
		"ui/assets/fontawesome/svgs/solid/circle.svg": "/root/research/bettercap/modules/ui/ui/assets/fontawesome/svgs/solid/circle.svg",
		"ui/assets/fontawesome/svgs/solid/city.svg": "/root/research/bettercap/modules/ui/ui/assets/fontawesome/svgs/solid/city.svg",
		"ui/assets/fontawesome/svgs/solid/clinic-medical.svg": "/root/research/bettercap/modules/ui/ui/assets/fontawesome/svgs/solid/clinic-medical.svg",
		"ui/assets/fontawesome/svgs/solid/clipboard-check.svg": "/root/research/bettercap/modules/ui/ui/assets/fontawesome/svgs/solid/clipboard-check.svg",
		"ui/assets/fontawesome/svgs/solid/clipboard-list.svg": "/root/research/bettercap/modules/ui/ui/assets/fontawesome/svgs/solid/clipboard-list.svg",
		"ui/assets/fontawesome/svgs/solid/clipboard.svg": "/root/research/bettercap/modules/ui/ui/assets/fontawesome/svgs/solid/clipboard.svg",
		"ui/assets/fontawesome/svgs/solid/clock.svg": "/root/research/bettercap/modules/ui/ui/assets/fontawesome/svgs/solid/clock.svg",
		"ui/assets/fontawesome/svgs/solid/clone.svg": "/root/research/bettercap/modules/ui/ui/assets/fontawesome/svgs/solid/clone.svg",
		"ui/assets/fontawesome/svgs/solid/closed-captioning.svg": "/root/research/bettercap/modules/ui/ui/assets/fontawesome/svgs/solid/closed-captioning.svg",
		"ui/assets/fontawesome/svgs/solid/cloud-download-alt.svg": "/root/research/bettercap/modules/ui/ui/assets/fontawesome/svgs/solid/cloud-download-alt.svg",
		"ui/assets/fontawesome/svgs/solid/cloud-meatball.svg": "/root/research/bettercap/modules/ui/ui/assets/fontawesome/svgs/solid/cloud-meatball.svg",
		"ui/assets/fontawesome/svgs/solid/cloud-moon-rain.svg": "/root/research/bettercap/modules/ui/ui/assets/fontawesome/svgs/solid/cloud-moon-rain.svg",
		"ui/assets/fontawesome/svgs/solid/cloud-moon.svg": "/root/research/bettercap/modules/ui/ui/assets/fontawesome/svgs/solid/cloud-moon.svg",
		"ui/assets/fontawesome/svgs/solid/cloud-rain.svg": "/root/research/bettercap/modules/ui/ui/assets/fontawesome/svgs/solid/cloud-rain.svg",
		"ui/assets/fontawesome/svgs/solid/cloud-showers-heavy.svg": "/root/research/bettercap/modules/ui/ui/assets/fontawesome/svgs/solid/cloud-showers-heavy.svg",
		"ui/assets/fontawesome/svgs/solid/cloud-sun-rain.svg": "/root/research/bettercap/modules/ui/ui/assets/fontawesome/svgs/solid/cloud-sun-rain.svg",
		"ui/assets/fontawesome/svgs/solid/cloud-sun.svg": "/root/research/bettercap/modules/ui/ui/assets/fontawesome/svgs/solid/cloud-sun.svg",
		"ui/assets/fontawesome/svgs/solid/cloud-upload-alt.svg": "/root/research/bettercap/modules/ui/ui/assets/fontawesome/svgs/solid/cloud-upload-alt.svg",
		"ui/assets/fontawesome/svgs/solid/cloud.svg": "/root/research/bettercap/modules/ui/ui/assets/fontawesome/svgs/solid/cloud.svg",
		"ui/assets/fontawesome/svgs/solid/cocktail.svg": "/root/research/bettercap/modules/ui/ui/assets/fontawesome/svgs/solid/cocktail.svg",
		"ui/assets/fontawesome/svgs/solid/code-branch.svg": "/root/research/bettercap/modules/ui/ui/assets/fontawesome/svgs/solid/code-branch.svg",
		"ui/assets/fontawesome/svgs/solid/code.svg": "/root/research/bettercap/modules/ui/ui/assets/fontawesome/svgs/solid/code.svg",
		"ui/assets/fontawesome/svgs/solid/coffee.svg": "/root/research/bettercap/modules/ui/ui/assets/fontawesome/svgs/solid/coffee.svg",
		"ui/assets/fontawesome/svgs/solid/cog.svg": "/root/research/bettercap/modules/ui/ui/assets/fontawesome/svgs/solid/cog.svg",
		"ui/assets/fontawesome/svgs/solid/cogs.svg": "/root/research/bettercap/modules/ui/ui/assets/fontawesome/svgs/solid/cogs.svg",
		"ui/assets/fontawesome/svgs/solid/coins.svg": "/root/research/bettercap/modules/ui/ui/assets/fontawesome/svgs/solid/coins.svg",
		"ui/assets/fontawesome/svgs/solid/columns.svg": "/root/research/bettercap/modules/ui/ui/assets/fontawesome/svgs/solid/columns.svg",
		"ui/assets/fontawesome/svgs/solid/comment-alt.svg": "/root/research/bettercap/modules/ui/ui/assets/fontawesome/svgs/solid/comment-alt.svg",
		"ui/assets/fontawesome/svgs/solid/comment-dollar.svg": "/root/research/bettercap/modules/ui/ui/assets/fontawesome/svgs/solid/comment-dollar.svg",
		"ui/assets/fontawesome/svgs/solid/comment-dots.svg": "/root/research/bettercap/modules/ui/ui/assets/fontawesome/svgs/solid/comment-dots.svg",
		"ui/assets/fontawesome/svgs/solid/comment-medical.svg": "/root/research/bettercap/modules/ui/ui/assets/fontawesome/svgs/solid/comment-medical.svg",
		"ui/assets/fontawesome/svgs/solid/comment-slash.svg": "/root/research/bettercap/modules/ui/ui/assets/fontawesome/svgs/solid/comment-slash.svg",
		"ui/assets/fontawesome/svgs/solid/comment.svg": "/root/research/bettercap/modules/ui/ui/assets/fontawesome/svgs/solid/comment.svg",
		"ui/assets/fontawesome/svgs/solid/comments-dollar.svg": "/root/research/bettercap/modules/ui/ui/assets/fontawesome/svgs/solid/comments-dollar.svg",
		"ui/assets/fontawesome/svgs/solid/comments.svg": "/root/research/bettercap/modules/ui/ui/assets/fontawesome/svgs/solid/comments.svg",
		"ui/assets/fontawesome/svgs/solid/compact-disc.svg": "/root/research/bettercap/modules/ui/ui/assets/fontawesome/svgs/solid/compact-disc.svg",
		"ui/assets/fontawesome/svgs/solid/compass.svg": "/root/research/bettercap/modules/ui/ui/assets/fontawesome/svgs/solid/compass.svg",
		"ui/assets/fontawesome/svgs/solid/compress-arrows-alt.svg": "/root/research/bettercap/modules/ui/ui/assets/fontawesome/svgs/solid/compress-arrows-alt.svg",
		"ui/assets/fontawesome/svgs/solid/compress.svg": "/root/research/bettercap/modules/ui/ui/assets/fontawesome/svgs/solid/compress.svg",
		"ui/assets/fontawesome/svgs/solid/concierge-bell.svg": "/root/research/bettercap/modules/ui/ui/assets/fontawesome/svgs/solid/concierge-bell.svg",
		"ui/assets/fontawesome/svgs/solid/cookie-bite.svg": "/root/research/bettercap/modules/ui/ui/assets/fontawesome/svgs/solid/cookie-bite.svg",
		"ui/assets/fontawesome/svgs/solid/cookie.svg": "/root/research/bettercap/modules/ui/ui/assets/fontawesome/svgs/solid/cookie.svg",
		"ui/assets/fontawesome/svgs/solid/copy.svg": "/root/research/bettercap/modules/ui/ui/assets/fontawesome/svgs/solid/copy.svg",
		"ui/assets/fontawesome/svgs/solid/copyright.svg": "/root/research/bettercap/modules/ui/ui/assets/fontawesome/svgs/solid/copyright.svg",
		"ui/assets/fontawesome/svgs/solid/couch.svg": "/root/research/bettercap/modules/ui/ui/assets/fontawesome/svgs/solid/couch.svg",
		"ui/assets/fontawesome/svgs/solid/credit-card.svg": "/root/research/bettercap/modules/ui/ui/assets/fontawesome/svgs/solid/credit-card.svg",
		"ui/assets/fontawesome/svgs/solid/crop-alt.svg": "/root/research/bettercap/modules/ui/ui/assets/fontawesome/svgs/solid/crop-alt.svg",
		"ui/assets/fontawesome/svgs/solid/crop.svg": "/root/research/bettercap/modules/ui/ui/assets/fontawesome/svgs/solid/crop.svg",
		"ui/assets/fontawesome/svgs/solid/cross.svg": "/root/research/bettercap/modules/ui/ui/assets/fontawesome/svgs/solid/cross.svg",
		"ui/assets/fontawesome/svgs/solid/crosshairs.svg": "/root/research/bettercap/modules/ui/ui/assets/fontawesome/svgs/solid/crosshairs.svg",
		"ui/assets/fontawesome/svgs/solid/crow.svg": "/root/research/bettercap/modules/ui/ui/assets/fontawesome/svgs/solid/crow.svg",
		"ui/assets/fontawesome/svgs/solid/crown.svg": "/root/research/bettercap/modules/ui/ui/assets/fontawesome/svgs/solid/crown.svg",
		"ui/assets/fontawesome/svgs/solid/crutch.svg": "/root/research/bettercap/modules/ui/ui/assets/fontawesome/svgs/solid/crutch.svg",
		"ui/assets/fontawesome/svgs/solid/cube.svg": "/root/research/bettercap/modules/ui/ui/assets/fontawesome/svgs/solid/cube.svg",
		"ui/assets/fontawesome/svgs/solid/cubes.svg": "/root/research/bettercap/modules/ui/ui/assets/fontawesome/svgs/solid/cubes.svg",
		"ui/assets/fontawesome/svgs/solid/cut.svg": "/root/research/bettercap/modules/ui/ui/assets/fontawesome/svgs/solid/cut.svg",
		"ui/assets/fontawesome/svgs/solid/database.svg": "/root/research/bettercap/modules/ui/ui/assets/fontawesome/svgs/solid/database.svg",
		"ui/assets/fontawesome/svgs/solid/deaf.svg": "/root/research/bettercap/modules/ui/ui/assets/fontawesome/svgs/solid/deaf.svg",
		"ui/assets/fontawesome/svgs/solid/democrat.svg": "/root/research/bettercap/modules/ui/ui/assets/fontawesome/svgs/solid/democrat.svg",
		"ui/assets/fontawesome/svgs/solid/desktop.svg": "/root/research/bettercap/modules/ui/ui/assets/fontawesome/svgs/solid/desktop.svg",
		"ui/assets/fontawesome/svgs/solid/dharmachakra.svg": "/root/research/bettercap/modules/ui/ui/assets/fontawesome/svgs/solid/dharmachakra.svg",
		"ui/assets/fontawesome/svgs/solid/diagnoses.svg": "/root/research/bettercap/modules/ui/ui/assets/fontawesome/svgs/solid/diagnoses.svg",
		"ui/assets/fontawesome/svgs/solid/dice-d20.svg": "/root/research/bettercap/modules/ui/ui/assets/fontawesome/svgs/solid/dice-d20.svg",
		"ui/assets/fontawesome/svgs/solid/dice-d6.svg": "/root/research/bettercap/modules/ui/ui/assets/fontawesome/svgs/solid/dice-d6.svg",
		"ui/assets/fontawesome/svgs/solid/dice-five.svg": "/root/research/bettercap/modules/ui/ui/assets/fontawesome/svgs/solid/dice-five.svg",
		"ui/assets/fontawesome/svgs/solid/dice-four.svg": "/root/research/bettercap/modules/ui/ui/assets/fontawesome/svgs/solid/dice-four.svg",
		"ui/assets/fontawesome/svgs/solid/dice-one.svg": "/root/research/bettercap/modules/ui/ui/assets/fontawesome/svgs/solid/dice-one.svg",
		"ui/assets/fontawesome/svgs/solid/dice-six.svg": "/root/research/bettercap/modules/ui/ui/assets/fontawesome/svgs/solid/dice-six.svg",
		"ui/assets/fontawesome/svgs/solid/dice-three.svg": "/root/research/bettercap/modules/ui/ui/assets/fontawesome/svgs/solid/dice-three.svg",
		"ui/assets/fontawesome/svgs/solid/dice-two.svg": "/root/research/bettercap/modules/ui/ui/assets/fontawesome/svgs/solid/dice-two.svg",
		"ui/assets/fontawesome/svgs/solid/dice.svg": "/root/research/bettercap/modules/ui/ui/assets/fontawesome/svgs/solid/dice.svg",
		"ui/assets/fontawesome/svgs/solid/digital-tachograph.svg": "/root/research/bettercap/modules/ui/ui/assets/fontawesome/svgs/solid/digital-tachograph.svg",
		"ui/assets/fontawesome/svgs/solid/directions.svg": "/root/research/bettercap/modules/ui/ui/assets/fontawesome/svgs/solid/directions.svg",
		"ui/assets/fontawesome/svgs/solid/divide.svg": "/root/research/bettercap/modules/ui/ui/assets/fontawesome/svgs/solid/divide.svg",
		"ui/assets/fontawesome/svgs/solid/dizzy.svg": "/root/research/bettercap/modules/ui/ui/assets/fontawesome/svgs/solid/dizzy.svg",
		"ui/assets/fontawesome/svgs/solid/dna.svg": "/root/research/bettercap/modules/ui/ui/assets/fontawesome/svgs/solid/dna.svg",
		"ui/assets/fontawesome/svgs/solid/dog.svg": "/root/research/bettercap/modules/ui/ui/assets/fontawesome/svgs/solid/dog.svg",
		"ui/assets/fontawesome/svgs/solid/dollar-sign.svg": "/root/research/bettercap/modules/ui/ui/assets/fontawesome/svgs/solid/dollar-sign.svg",
		"ui/assets/fontawesome/svgs/solid/dolly-flatbed.svg": "/root/research/bettercap/modules/ui/ui/assets/fontawesome/svgs/solid/dolly-flatbed.svg",
		"ui/assets/fontawesome/svgs/solid/dolly.svg": "/root/research/bettercap/modules/ui/ui/assets/fontawesome/svgs/solid/dolly.svg",
		"ui/assets/fontawesome/svgs/solid/donate.svg": "/root/research/bettercap/modules/ui/ui/assets/fontawesome/svgs/solid/donate.svg",
		"ui/assets/fontawesome/svgs/solid/door-closed.svg": "/root/research/bettercap/modules/ui/ui/assets/fontawesome/svgs/solid/door-closed.svg",
		"ui/assets/fontawesome/svgs/solid/door-open.svg": "/root/research/bettercap/modules/ui/ui/assets/fontawesome/svgs/solid/door-open.svg",
		"ui/assets/fontawesome/svgs/solid/dot-circle.svg": "/root/research/bettercap/modules/ui/ui/assets/fontawesome/svgs/solid/dot-circle.svg",
		"ui/assets/fontawesome/svgs/solid/dove.svg": "/root/research/bettercap/modules/ui/ui/assets/fontawesome/svgs/solid/dove.svg",
		"ui/assets/fontawesome/svgs/solid/download.svg": "/root/research/bettercap/modules/ui/ui/assets/fontawesome/svgs/solid/download.svg",
		"ui/assets/fontawesome/svgs/solid/drafting-compass.svg": "/root/research/bettercap/modules/ui/ui/assets/fontawesome/svgs/solid/drafting-compass.svg",
		"ui/assets/fontawesome/svgs/solid/dragon.svg": "/root/research/bettercap/modules/ui/ui/assets/fontawesome/svgs/solid/dragon.svg",
		"ui/assets/fontawesome/svgs/solid/draw-polygon.svg": "/root/research/bettercap/modules/ui/ui/assets/fontawesome/svgs/solid/draw-polygon.svg",
		"ui/assets/fontawesome/svgs/solid/drum-steelpan.svg": "/root/research/bettercap/modules/ui/ui/assets/fontawesome/svgs/solid/drum-steelpan.svg",
		"ui/assets/fontawesome/svgs/solid/drum.svg": "/root/research/bettercap/modules/ui/ui/assets/fontawesome/svgs/solid/drum.svg",
		"ui/assets/fontawesome/svgs/solid/drumstick-bite.svg": "/root/research/bettercap/modules/ui/ui/assets/fontawesome/svgs/solid/drumstick-bite.svg",
		"ui/assets/fontawesome/svgs/solid/dumbbell.svg": "/root/research/bettercap/modules/ui/ui/assets/fontawesome/svgs/solid/dumbbell.svg",
		"ui/assets/fontawesome/svgs/solid/dumpster-fire.svg": "/root/research/bettercap/modules/ui/ui/assets/fontawesome/svgs/solid/dumpster-fire.svg",
		"ui/assets/fontawesome/svgs/solid/dumpster.svg": "/root/research/bettercap/modules/ui/ui/assets/fontawesome/svgs/solid/dumpster.svg",
		"ui/assets/fontawesome/svgs/solid/dungeon.svg": "/root/research/bettercap/modules/ui/ui/assets/fontawesome/svgs/solid/dungeon.svg",
		"ui/assets/fontawesome/svgs/solid/edit.svg": "/root/research/bettercap/modules/ui/ui/assets/fontawesome/svgs/solid/edit.svg",
		"ui/assets/fontawesome/svgs/solid/egg.svg": "/root/research/bettercap/modules/ui/ui/assets/fontawesome/svgs/solid/egg.svg",
		"ui/assets/fontawesome/svgs/solid/eject.svg": "/root/research/bettercap/modules/ui/ui/assets/fontawesome/svgs/solid/eject.svg",
		"ui/assets/fontawesome/svgs/solid/ellipsis-h.svg": "/root/research/bettercap/modules/ui/ui/assets/fontawesome/svgs/solid/ellipsis-h.svg",
		"ui/assets/fontawesome/svgs/solid/ellipsis-v.svg": "/root/research/bettercap/modules/ui/ui/assets/fontawesome/svgs/solid/ellipsis-v.svg",
		"ui/assets/fontawesome/svgs/solid/envelope-open-text.svg": "/root/research/bettercap/modules/ui/ui/assets/fontawesome/svgs/solid/envelope-open-text.svg",
		"ui/assets/fontawesome/svgs/solid/envelope-open.svg": "/root/research/bettercap/modules/ui/ui/assets/fontawesome/svgs/solid/envelope-open.svg",
		"ui/assets/fontawesome/svgs/solid/envelope-square.svg": "/root/research/bettercap/modules/ui/ui/assets/fontawesome/svgs/solid/envelope-square.svg",
		"ui/assets/fontawesome/svgs/solid/envelope.svg": "/root/research/bettercap/modules/ui/ui/assets/fontawesome/svgs/solid/envelope.svg",
		"ui/assets/fontawesome/svgs/solid/equals.svg": "/root/research/bettercap/modules/ui/ui/assets/fontawesome/svgs/solid/equals.svg",
		"ui/assets/fontawesome/svgs/solid/eraser.svg": "/root/research/bettercap/modules/ui/ui/assets/fontawesome/svgs/solid/eraser.svg",
		"ui/assets/fontawesome/svgs/solid/ethernet.svg": "/root/research/bettercap/modules/ui/ui/assets/fontawesome/svgs/solid/ethernet.svg",
		"ui/assets/fontawesome/svgs/solid/euro-sign.svg": "/root/research/bettercap/modules/ui/ui/assets/fontawesome/svgs/solid/euro-sign.svg",
		"ui/assets/fontawesome/svgs/solid/exchange-alt.svg": "/root/research/bettercap/modules/ui/ui/assets/fontawesome/svgs/solid/exchange-alt.svg",
		"ui/assets/fontawesome/svgs/solid/exclamation-circle.svg": "/root/research/bettercap/modules/ui/ui/assets/fontawesome/svgs/solid/exclamation-circle.svg",
		"ui/assets/fontawesome/svgs/solid/exclamation-triangle.svg": "/root/research/bettercap/modules/ui/ui/assets/fontawesome/svgs/solid/exclamation-triangle.svg",
		"ui/assets/fontawesome/svgs/solid/exclamation.svg": "/root/research/bettercap/modules/ui/ui/assets/fontawesome/svgs/solid/exclamation.svg",
		"ui/assets/fontawesome/svgs/solid/expand-arrows-alt.svg": "/root/research/bettercap/modules/ui/ui/assets/fontawesome/svgs/solid/expand-arrows-alt.svg",
		"ui/assets/fontawesome/svgs/solid/expand.svg": "/root/research/bettercap/modules/ui/ui/assets/fontawesome/svgs/solid/expand.svg",
		"ui/assets/fontawesome/svgs/solid/external-link-alt.svg": "/root/research/bettercap/modules/ui/ui/assets/fontawesome/svgs/solid/external-link-alt.svg",
		"ui/assets/fontawesome/svgs/solid/external-link-square-alt.svg": "/root/research/bettercap/modules/ui/ui/assets/fontawesome/svgs/solid/external-link-square-alt.svg",
		"ui/assets/fontawesome/svgs/solid/eye-dropper.svg": "/root/research/bettercap/modules/ui/ui/assets/fontawesome/svgs/solid/eye-dropper.svg",
		"ui/assets/fontawesome/svgs/solid/eye-slash.svg": "/root/research/bettercap/modules/ui/ui/assets/fontawesome/svgs/solid/eye-slash.svg",
		"ui/assets/fontawesome/svgs/solid/eye.svg": "/root/research/bettercap/modules/ui/ui/assets/fontawesome/svgs/solid/eye.svg",
		"ui/assets/fontawesome/svgs/solid/fast-backward.svg": "/root/research/bettercap/modules/ui/ui/assets/fontawesome/svgs/solid/fast-backward.svg",
		"ui/assets/fontawesome/svgs/solid/fast-forward.svg": "/root/research/bettercap/modules/ui/ui/assets/fontawesome/svgs/solid/fast-forward.svg",
		"ui/assets/fontawesome/svgs/solid/fax.svg": "/root/research/bettercap/modules/ui/ui/assets/fontawesome/svgs/solid/fax.svg",
		"ui/assets/fontawesome/svgs/solid/feather-alt.svg": "/root/research/bettercap/modules/ui/ui/assets/fontawesome/svgs/solid/feather-alt.svg",
		"ui/assets/fontawesome/svgs/solid/feather.svg": "/root/research/bettercap/modules/ui/ui/assets/fontawesome/svgs/solid/feather.svg",
		"ui/assets/fontawesome/svgs/solid/female.svg": "/root/research/bettercap/modules/ui/ui/assets/fontawesome/svgs/solid/female.svg",
		"ui/assets/fontawesome/svgs/solid/fighter-jet.svg": "/root/research/bettercap/modules/ui/ui/assets/fontawesome/svgs/solid/fighter-jet.svg",
		"ui/assets/fontawesome/svgs/solid/file-alt.svg": "/root/research/bettercap/modules/ui/ui/assets/fontawesome/svgs/solid/file-alt.svg",
		"ui/assets/fontawesome/svgs/solid/file-archive.svg": "/root/research/bettercap/modules/ui/ui/assets/fontawesome/svgs/solid/file-archive.svg",
		"ui/assets/fontawesome/svgs/solid/file-audio.svg": "/root/research/bettercap/modules/ui/ui/assets/fontawesome/svgs/solid/file-audio.svg",
		"ui/assets/fontawesome/svgs/solid/file-code.svg": "/root/research/bettercap/modules/ui/ui/assets/fontawesome/svgs/solid/file-code.svg",
		"ui/assets/fontawesome/svgs/solid/file-contract.svg": "/root/research/bettercap/modules/ui/ui/assets/fontawesome/svgs/solid/file-contract.svg",
		"ui/assets/fontawesome/svgs/solid/file-csv.svg": "/root/research/bettercap/modules/ui/ui/assets/fontawesome/svgs/solid/file-csv.svg",
		"ui/assets/fontawesome/svgs/solid/file-download.svg": "/root/research/bettercap/modules/ui/ui/assets/fontawesome/svgs/solid/file-download.svg",
		"ui/assets/fontawesome/svgs/solid/file-excel.svg": "/root/research/bettercap/modules/ui/ui/assets/fontawesome/svgs/solid/file-excel.svg",
		"ui/assets/fontawesome/svgs/solid/file-export.svg": "/root/research/bettercap/modules/ui/ui/assets/fontawesome/svgs/solid/file-export.svg",
		"ui/assets/fontawesome/svgs/solid/file-image.svg": "/root/research/bettercap/modules/ui/ui/assets/fontawesome/svgs/solid/file-image.svg",
		"ui/assets/fontawesome/svgs/solid/file-import.svg": "/root/research/bettercap/modules/ui/ui/assets/fontawesome/svgs/solid/file-import.svg",
		"ui/assets/fontawesome/svgs/solid/file-invoice-dollar.svg": "/root/research/bettercap/modules/ui/ui/assets/fontawesome/svgs/solid/file-invoice-dollar.svg",
		"ui/assets/fontawesome/svgs/solid/file-invoice.svg": "/root/research/bettercap/modules/ui/ui/assets/fontawesome/svgs/solid/file-invoice.svg",
		"ui/assets/fontawesome/svgs/solid/file-medical-alt.svg": "/root/research/bettercap/modules/ui/ui/assets/fontawesome/svgs/solid/file-medical-alt.svg",
		"ui/assets/fontawesome/svgs/solid/file-medical.svg": "/root/research/bettercap/modules/ui/ui/assets/fontawesome/svgs/solid/file-medical.svg",
		"ui/assets/fontawesome/svgs/solid/file-pdf.svg": "/root/research/bettercap/modules/ui/ui/assets/fontawesome/svgs/solid/file-pdf.svg",
		"ui/assets/fontawesome/svgs/solid/file-powerpoint.svg": "/root/research/bettercap/modules/ui/ui/assets/fontawesome/svgs/solid/file-powerpoint.svg",
		"ui/assets/fontawesome/svgs/solid/file-prescription.svg": "/root/research/bettercap/modules/ui/ui/assets/fontawesome/svgs/solid/file-prescription.svg",
		"ui/assets/fontawesome/svgs/solid/file-signature.svg": "/root/research/bettercap/modules/ui/ui/assets/fontawesome/svgs/solid/file-signature.svg",
		"ui/assets/fontawesome/svgs/solid/file-upload.svg": "/root/research/bettercap/modules/ui/ui/assets/fontawesome/svgs/solid/file-upload.svg",
		"ui/assets/fontawesome/svgs/solid/file-video.svg": "/root/research/bettercap/modules/ui/ui/assets/fontawesome/svgs/solid/file-video.svg",
		"ui/assets/fontawesome/svgs/solid/file-word.svg": "/root/research/bettercap/modules/ui/ui/assets/fontawesome/svgs/solid/file-word.svg",
		"ui/assets/fontawesome/svgs/solid/file.svg": "/root/research/bettercap/modules/ui/ui/assets/fontawesome/svgs/solid/file.svg",
		"ui/assets/fontawesome/svgs/solid/fill-drip.svg": "/root/research/bettercap/modules/ui/ui/assets/fontawesome/svgs/solid/fill-drip.svg",
		"ui/assets/fontawesome/svgs/solid/fill.svg": "/root/research/bettercap/modules/ui/ui/assets/fontawesome/svgs/solid/fill.svg",
		"ui/assets/fontawesome/svgs/solid/film.svg": "/root/research/bettercap/modules/ui/ui/assets/fontawesome/svgs/solid/film.svg",
		"ui/assets/fontawesome/svgs/solid/filter.svg": "/root/research/bettercap/modules/ui/ui/assets/fontawesome/svgs/solid/filter.svg",
		"ui/assets/fontawesome/svgs/solid/fingerprint.svg": "/root/research/bettercap/modules/ui/ui/assets/fontawesome/svgs/solid/fingerprint.svg",
		"ui/assets/fontawesome/svgs/solid/fire-alt.svg": "/root/research/bettercap/modules/ui/ui/assets/fontawesome/svgs/solid/fire-alt.svg",
		"ui/assets/fontawesome/svgs/solid/fire-extinguisher.svg": "/root/research/bettercap/modules/ui/ui/assets/fontawesome/svgs/solid/fire-extinguisher.svg",
		"ui/assets/fontawesome/svgs/solid/fire.svg": "/root/research/bettercap/modules/ui/ui/assets/fontawesome/svgs/solid/fire.svg",
		"ui/assets/fontawesome/svgs/solid/first-aid.svg": "/root/research/bettercap/modules/ui/ui/assets/fontawesome/svgs/solid/first-aid.svg",
		"ui/assets/fontawesome/svgs/solid/fish.svg": "/root/research/bettercap/modules/ui/ui/assets/fontawesome/svgs/solid/fish.svg",
		"ui/assets/fontawesome/svgs/solid/fist-raised.svg": "/root/research/bettercap/modules/ui/ui/assets/fontawesome/svgs/solid/fist-raised.svg",
		"ui/assets/fontawesome/svgs/solid/flag-checkered.svg": "/root/research/bettercap/modules/ui/ui/assets/fontawesome/svgs/solid/flag-checkered.svg",
		"ui/assets/fontawesome/svgs/solid/flag-usa.svg": "/root/research/bettercap/modules/ui/ui/assets/fontawesome/svgs/solid/flag-usa.svg",
		"ui/assets/fontawesome/svgs/solid/flag.svg": "/root/research/bettercap/modules/ui/ui/assets/fontawesome/svgs/solid/flag.svg",
		"ui/assets/fontawesome/svgs/solid/flask.svg": "/root/research/bettercap/modules/ui/ui/assets/fontawesome/svgs/solid/flask.svg",
		"ui/assets/fontawesome/svgs/solid/flushed.svg": "/root/research/bettercap/modules/ui/ui/assets/fontawesome/svgs/solid/flushed.svg",
		"ui/assets/fontawesome/svgs/solid/folder-minus.svg": "/root/research/bettercap/modules/ui/ui/assets/fontawesome/svgs/solid/folder-minus.svg",
		"ui/assets/fontawesome/svgs/solid/folder-open.svg": "/root/research/bettercap/modules/ui/ui/assets/fontawesome/svgs/solid/folder-open.svg",
		"ui/assets/fontawesome/svgs/solid/folder-plus.svg": "/root/research/bettercap/modules/ui/ui/assets/fontawesome/svgs/solid/folder-plus.svg",
		"ui/assets/fontawesome/svgs/solid/folder.svg": "/root/research/bettercap/modules/ui/ui/assets/fontawesome/svgs/solid/folder.svg",
		"ui/assets/fontawesome/svgs/solid/font-awesome-logo-full.svg": "/root/research/bettercap/modules/ui/ui/assets/fontawesome/svgs/solid/font-awesome-logo-full.svg",
		"ui/assets/fontawesome/svgs/solid/font.svg": "/root/research/bettercap/modules/ui/ui/assets/fontawesome/svgs/solid/font.svg",
		"ui/assets/fontawesome/svgs/solid/football-ball.svg": "/root/research/bettercap/modules/ui/ui/assets/fontawesome/svgs/solid/football-ball.svg",
		"ui/assets/fontawesome/svgs/solid/forward.svg": "/root/research/bettercap/modules/ui/ui/assets/fontawesome/svgs/solid/forward.svg",
		"ui/assets/fontawesome/svgs/solid/frog.svg": "/root/research/bettercap/modules/ui/ui/assets/fontawesome/svgs/solid/frog.svg",
		"ui/assets/fontawesome/svgs/solid/frown-open.svg": "/root/research/bettercap/modules/ui/ui/assets/fontawesome/svgs/solid/frown-open.svg",
		"ui/assets/fontawesome/svgs/solid/frown.svg": "/root/research/bettercap/modules/ui/ui/assets/fontawesome/svgs/solid/frown.svg",
		"ui/assets/fontawesome/svgs/solid/funnel-dollar.svg": "/root/research/bettercap/modules/ui/ui/assets/fontawesome/svgs/solid/funnel-dollar.svg",
		"ui/assets/fontawesome/svgs/solid/futbol.svg": "/root/research/bettercap/modules/ui/ui/assets/fontawesome/svgs/solid/futbol.svg",
		"ui/assets/fontawesome/svgs/solid/gamepad.svg": "/root/research/bettercap/modules/ui/ui/assets/fontawesome/svgs/solid/gamepad.svg",
		"ui/assets/fontawesome/svgs/solid/gas-pump.svg": "/root/research/bettercap/modules/ui/ui/assets/fontawesome/svgs/solid/gas-pump.svg",
		"ui/assets/fontawesome/svgs/solid/gavel.svg": "/root/research/bettercap/modules/ui/ui/assets/fontawesome/svgs/solid/gavel.svg",
		"ui/assets/fontawesome/svgs/solid/gem.svg": "/root/research/bettercap/modules/ui/ui/assets/fontawesome/svgs/solid/gem.svg",
		"ui/assets/fontawesome/svgs/solid/genderless.svg": "/root/research/bettercap/modules/ui/ui/assets/fontawesome/svgs/solid/genderless.svg",
		"ui/assets/fontawesome/svgs/solid/ghost.svg": "/root/research/bettercap/modules/ui/ui/assets/fontawesome/svgs/solid/ghost.svg",
		"ui/assets/fontawesome/svgs/solid/gift.svg": "/root/research/bettercap/modules/ui/ui/assets/fontawesome/svgs/solid/gift.svg",
		"ui/assets/fontawesome/svgs/solid/gifts.svg": "/root/research/bettercap/modules/ui/ui/assets/fontawesome/svgs/solid/gifts.svg",
		"ui/assets/fontawesome/svgs/solid/glass-cheers.svg": "/root/research/bettercap/modules/ui/ui/assets/fontawesome/svgs/solid/glass-cheers.svg",
		"ui/assets/fontawesome/svgs/solid/glass-martini-alt.svg": "/root/research/bettercap/modules/ui/ui/assets/fontawesome/svgs/solid/glass-martini-alt.svg",
		"ui/assets/fontawesome/svgs/solid/glass-martini.svg": "/root/research/bettercap/modules/ui/ui/assets/fontawesome/svgs/solid/glass-martini.svg",
		"ui/assets/fontawesome/svgs/solid/glass-whiskey.svg": "/root/research/bettercap/modules/ui/ui/assets/fontawesome/svgs/solid/glass-whiskey.svg",
		"ui/assets/fontawesome/svgs/solid/glasses.svg": "/root/research/bettercap/modules/ui/ui/assets/fontawesome/svgs/solid/glasses.svg",
		"ui/assets/fontawesome/svgs/solid/globe-africa.svg": "/root/research/bettercap/modules/ui/ui/assets/fontawesome/svgs/solid/globe-africa.svg",
		"ui/assets/fontawesome/svgs/solid/globe-americas.svg": "/root/research/bettercap/modules/ui/ui/assets/fontawesome/svgs/solid/globe-americas.svg",
		"ui/assets/fontawesome/svgs/solid/globe-asia.svg": "/root/research/bettercap/modules/ui/ui/assets/fontawesome/svgs/solid/globe-asia.svg",
		"ui/assets/fontawesome/svgs/solid/globe-europe.svg": "/root/research/bettercap/modules/ui/ui/assets/fontawesome/svgs/solid/globe-europe.svg",
		"ui/assets/fontawesome/svgs/solid/globe.svg": "/root/research/bettercap/modules/ui/ui/assets/fontawesome/svgs/solid/globe.svg",
		"ui/assets/fontawesome/svgs/solid/golf-ball.svg": "/root/research/bettercap/modules/ui/ui/assets/fontawesome/svgs/solid/golf-ball.svg",
		"ui/assets/fontawesome/svgs/solid/gopuram.svg": "/root/research/bettercap/modules/ui/ui/assets/fontawesome/svgs/solid/gopuram.svg",
		"ui/assets/fontawesome/svgs/solid/graduation-cap.svg": "/root/research/bettercap/modules/ui/ui/assets/fontawesome/svgs/solid/graduation-cap.svg",
		"ui/assets/fontawesome/svgs/solid/greater-than-equal.svg": "/root/research/bettercap/modules/ui/ui/assets/fontawesome/svgs/solid/greater-than-equal.svg",
		"ui/assets/fontawesome/svgs/solid/greater-than.svg": "/root/research/bettercap/modules/ui/ui/assets/fontawesome/svgs/solid/greater-than.svg",
		"ui/assets/fontawesome/svgs/solid/grimace.svg": "/root/research/bettercap/modules/ui/ui/assets/fontawesome/svgs/solid/grimace.svg",
		"ui/assets/fontawesome/svgs/solid/grin-alt.svg": "/root/research/bettercap/modules/ui/ui/assets/fontawesome/svgs/solid/grin-alt.svg",
		"ui/assets/fontawesome/svgs/solid/grin-beam-sweat.svg": "/root/research/bettercap/modules/ui/ui/assets/fontawesome/svgs/solid/grin-beam-sweat.svg",
		"ui/assets/fontawesome/svgs/solid/grin-beam.svg": "/root/research/bettercap/modules/ui/ui/assets/fontawesome/svgs/solid/grin-beam.svg",
		"ui/assets/fontawesome/svgs/solid/grin-hearts.svg": "/root/research/bettercap/modules/ui/ui/assets/fontawesome/svgs/solid/grin-hearts.svg",
		"ui/assets/fontawesome/svgs/solid/grin-squint-tears.svg": "/root/research/bettercap/modules/ui/ui/assets/fontawesome/svgs/solid/grin-squint-tears.svg",
		"ui/assets/fontawesome/svgs/solid/grin-squint.svg": "/root/research/bettercap/modules/ui/ui/assets/fontawesome/svgs/solid/grin-squint.svg",
		"ui/assets/fontawesome/svgs/solid/grin-stars.svg": "/root/research/bettercap/modules/ui/ui/assets/fontawesome/svgs/solid/grin-stars.svg",
		"ui/assets/fontawesome/svgs/solid/grin-tears.svg": "/root/research/bettercap/modules/ui/ui/assets/fontawesome/svgs/solid/grin-tears.svg",
		"ui/assets/fontawesome/svgs/solid/grin-tongue-squint.svg": "/root/research/bettercap/modules/ui/ui/assets/fontawesome/svgs/solid/grin-tongue-squint.svg",
		"ui/assets/fontawesome/svgs/solid/grin-tongue-wink.svg": "/root/research/bettercap/modules/ui/ui/assets/fontawesome/svgs/solid/grin-tongue-wink.svg",
		"ui/assets/fontawesome/svgs/solid/grin-tongue.svg": "/root/research/bettercap/modules/ui/ui/assets/fontawesome/svgs/solid/grin-tongue.svg",
		"ui/assets/fontawesome/svgs/solid/grin-wink.svg": "/root/research/bettercap/modules/ui/ui/assets/fontawesome/svgs/solid/grin-wink.svg",
		"ui/assets/fontawesome/svgs/solid/grin.svg": "/root/research/bettercap/modules/ui/ui/assets/fontawesome/svgs/solid/grin.svg",
		"ui/assets/fontawesome/svgs/solid/grip-horizontal.svg": "/root/research/bettercap/modules/ui/ui/assets/fontawesome/svgs/solid/grip-horizontal.svg",
		"ui/assets/fontawesome/svgs/solid/grip-lines-vertical.svg": "/root/research/bettercap/modules/ui/ui/assets/fontawesome/svgs/solid/grip-lines-vertical.svg",
		"ui/assets/fontawesome/svgs/solid/grip-lines.svg": "/root/research/bettercap/modules/ui/ui/assets/fontawesome/svgs/solid/grip-lines.svg",
		"ui/assets/fontawesome/svgs/solid/grip-vertical.svg": "/root/research/bettercap/modules/ui/ui/assets/fontawesome/svgs/solid/grip-vertical.svg",
		"ui/assets/fontawesome/svgs/solid/guitar.svg": "/root/research/bettercap/modules/ui/ui/assets/fontawesome/svgs/solid/guitar.svg",
		"ui/assets/fontawesome/svgs/solid/h-square.svg": "/root/research/bettercap/modules/ui/ui/assets/fontawesome/svgs/solid/h-square.svg",
		"ui/assets/fontawesome/svgs/solid/hamburger.svg": "/root/research/bettercap/modules/ui/ui/assets/fontawesome/svgs/solid/hamburger.svg",
		"ui/assets/fontawesome/svgs/solid/hammer.svg": "/root/research/bettercap/modules/ui/ui/assets/fontawesome/svgs/solid/hammer.svg",
		"ui/assets/fontawesome/svgs/solid/hamsa.svg": "/root/research/bettercap/modules/ui/ui/assets/fontawesome/svgs/solid/hamsa.svg",
		"ui/assets/fontawesome/svgs/solid/hand-holding-heart.svg": "/root/research/bettercap/modules/ui/ui/assets/fontawesome/svgs/solid/hand-holding-heart.svg",
		"ui/assets/fontawesome/svgs/solid/hand-holding-usd.svg": "/root/research/bettercap/modules/ui/ui/assets/fontawesome/svgs/solid/hand-holding-usd.svg",
		"ui/assets/fontawesome/svgs/solid/hand-holding.svg": "/root/research/bettercap/modules/ui/ui/assets/fontawesome/svgs/solid/hand-holding.svg",
		"ui/assets/fontawesome/svgs/solid/hand-lizard.svg": "/root/research/bettercap/modules/ui/ui/assets/fontawesome/svgs/solid/hand-lizard.svg",
		"ui/assets/fontawesome/svgs/solid/hand-middle-finger.svg": "/root/research/bettercap/modules/ui/ui/assets/fontawesome/svgs/solid/hand-middle-finger.svg",
		"ui/assets/fontawesome/svgs/solid/hand-paper.svg": "/root/research/bettercap/modules/ui/ui/assets/fontawesome/svgs/solid/hand-paper.svg",
		"ui/assets/fontawesome/svgs/solid/hand-peace.svg": "/root/research/bettercap/modules/ui/ui/assets/fontawesome/svgs/solid/hand-peace.svg",
		"ui/assets/fontawesome/svgs/solid/hand-point-down.svg": "/root/research/bettercap/modules/ui/ui/assets/fontawesome/svgs/solid/hand-point-down.svg",
		"ui/assets/fontawesome/svgs/solid/hand-point-left.svg": "/root/research/bettercap/modules/ui/ui/assets/fontawesome/svgs/solid/hand-point-left.svg",
		"ui/assets/fontawesome/svgs/solid/hand-point-right.svg": "/root/research/bettercap/modules/ui/ui/assets/fontawesome/svgs/solid/hand-point-right.svg",
		"ui/assets/fontawesome/svgs/solid/hand-point-up.svg": "/root/research/bettercap/modules/ui/ui/assets/fontawesome/svgs/solid/hand-point-up.svg",
		"ui/assets/fontawesome/svgs/solid/hand-pointer.svg": "/root/research/bettercap/modules/ui/ui/assets/fontawesome/svgs/solid/hand-pointer.svg",
		"ui/assets/fontawesome/svgs/solid/hand-rock.svg": "/root/research/bettercap/modules/ui/ui/assets/fontawesome/svgs/solid/hand-rock.svg",
		"ui/assets/fontawesome/svgs/solid/hand-scissors.svg": "/root/research/bettercap/modules/ui/ui/assets/fontawesome/svgs/solid/hand-scissors.svg",
		"ui/assets/fontawesome/svgs/solid/hand-spock.svg": "/root/research/bettercap/modules/ui/ui/assets/fontawesome/svgs/solid/hand-spock.svg",
		"ui/assets/fontawesome/svgs/solid/hands-helping.svg": "/root/research/bettercap/modules/ui/ui/assets/fontawesome/svgs/solid/hands-helping.svg",
		"ui/assets/fontawesome/svgs/solid/hands.svg": "/root/research/bettercap/modules/ui/ui/assets/fontawesome/svgs/solid/hands.svg",
		"ui/assets/fontawesome/svgs/solid/handshake.svg": "/root/research/bettercap/modules/ui/ui/assets/fontawesome/svgs/solid/handshake.svg",
		"ui/assets/fontawesome/svgs/solid/hanukiah.svg": "/root/research/bettercap/modules/ui/ui/assets/fontawesome/svgs/solid/hanukiah.svg",
		"ui/assets/fontawesome/svgs/solid/hard-hat.svg": "/root/research/bettercap/modules/ui/ui/assets/fontawesome/svgs/solid/hard-hat.svg",
		"ui/assets/fontawesome/svgs/solid/hashtag.svg": "/root/research/bettercap/modules/ui/ui/assets/fontawesome/svgs/solid/hashtag.svg",
		"ui/assets/fontawesome/svgs/solid/hat-wizard.svg": "/root/research/bettercap/modules/ui/ui/assets/fontawesome/svgs/solid/hat-wizard.svg",
		"ui/assets/fontawesome/svgs/solid/haykal.svg": "/root/research/bettercap/modules/ui/ui/assets/fontawesome/svgs/solid/haykal.svg",
		"ui/assets/fontawesome/svgs/solid/hdd.svg": "/root/research/bettercap/modules/ui/ui/assets/fontawesome/svgs/solid/hdd.svg",
		"ui/assets/fontawesome/svgs/solid/heading.svg": "/root/research/bettercap/modules/ui/ui/assets/fontawesome/svgs/solid/heading.svg",
		"ui/assets/fontawesome/svgs/solid/headphones-alt.svg": "/root/research/bettercap/modules/ui/ui/assets/fontawesome/svgs/solid/headphones-alt.svg",
		"ui/assets/fontawesome/svgs/solid/headphones.svg": "/root/research/bettercap/modules/ui/ui/assets/fontawesome/svgs/solid/headphones.svg",
		"ui/assets/fontawesome/svgs/solid/headset.svg": "/root/research/bettercap/modules/ui/ui/assets/fontawesome/svgs/solid/headset.svg",
		"ui/assets/fontawesome/svgs/solid/heart-broken.svg": "/root/research/bettercap/modules/ui/ui/assets/fontawesome/svgs/solid/heart-broken.svg",
		"ui/assets/fontawesome/svgs/solid/heart.svg": "/root/research/bettercap/modules/ui/ui/assets/fontawesome/svgs/solid/heart.svg",
		"ui/assets/fontawesome/svgs/solid/heartbeat.svg": "/root/research/bettercap/modules/ui/ui/assets/fontawesome/svgs/solid/heartbeat.svg",
		"ui/assets/fontawesome/svgs/solid/helicopter.svg": "/root/research/bettercap/modules/ui/ui/assets/fontawesome/svgs/solid/helicopter.svg",
		"ui/assets/fontawesome/svgs/solid/highlighter.svg": "/root/research/bettercap/modules/ui/ui/assets/fontawesome/svgs/solid/highlighter.svg",
		"ui/assets/fontawesome/svgs/solid/hiking.svg": "/root/research/bettercap/modules/ui/ui/assets/fontawesome/svgs/solid/hiking.svg",
		"ui/assets/fontawesome/svgs/solid/hippo.svg": "/root/research/bettercap/modules/ui/ui/assets/fontawesome/svgs/solid/hippo.svg",
		"ui/assets/fontawesome/svgs/solid/history.svg": "/root/research/bettercap/modules/ui/ui/assets/fontawesome/svgs/solid/history.svg",
		"ui/assets/fontawesome/svgs/solid/hockey-puck.svg": "/root/research/bettercap/modules/ui/ui/assets/fontawesome/svgs/solid/hockey-puck.svg",
		"ui/assets/fontawesome/svgs/solid/holly-berry.svg": "/root/research/bettercap/modules/ui/ui/assets/fontawesome/svgs/solid/holly-berry.svg",
		"ui/assets/fontawesome/svgs/solid/home.svg": "/root/research/bettercap/modules/ui/ui/assets/fontawesome/svgs/solid/home.svg",
		"ui/assets/fontawesome/svgs/solid/horse-head.svg": "/root/research/bettercap/modules/ui/ui/assets/fontawesome/svgs/solid/horse-head.svg",
		"ui/assets/fontawesome/svgs/solid/horse.svg": "/root/research/bettercap/modules/ui/ui/assets/fontawesome/svgs/solid/horse.svg",
		"ui/assets/fontawesome/svgs/solid/hospital-alt.svg": "/root/research/bettercap/modules/ui/ui/assets/fontawesome/svgs/solid/hospital-alt.svg",
		"ui/assets/fontawesome/svgs/solid/hospital-symbol.svg": "/root/research/bettercap/modules/ui/ui/assets/fontawesome/svgs/solid/hospital-symbol.svg",
		"ui/assets/fontawesome/svgs/solid/hospital.svg": "/root/research/bettercap/modules/ui/ui/assets/fontawesome/svgs/solid/hospital.svg",
		"ui/assets/fontawesome/svgs/solid/hot-tub.svg": "/root/research/bettercap/modules/ui/ui/assets/fontawesome/svgs/solid/hot-tub.svg",
		"ui/assets/fontawesome/svgs/solid/hotdog.svg": "/root/research/bettercap/modules/ui/ui/assets/fontawesome/svgs/solid/hotdog.svg",
		"ui/assets/fontawesome/svgs/solid/hotel.svg": "/root/research/bettercap/modules/ui/ui/assets/fontawesome/svgs/solid/hotel.svg",
		"ui/assets/fontawesome/svgs/solid/hourglass-end.svg": "/root/research/bettercap/modules/ui/ui/assets/fontawesome/svgs/solid/hourglass-end.svg",
		"ui/assets/fontawesome/svgs/solid/hourglass-half.svg": "/root/research/bettercap/modules/ui/ui/assets/fontawesome/svgs/solid/hourglass-half.svg",
		"ui/assets/fontawesome/svgs/solid/hourglass-start.svg": "/root/research/bettercap/modules/ui/ui/assets/fontawesome/svgs/solid/hourglass-start.svg",
		"ui/assets/fontawesome/svgs/solid/hourglass.svg": "/root/research/bettercap/modules/ui/ui/assets/fontawesome/svgs/solid/hourglass.svg",
		"ui/assets/fontawesome/svgs/solid/house-damage.svg": "/root/research/bettercap/modules/ui/ui/assets/fontawesome/svgs/solid/house-damage.svg",
		"ui/assets/fontawesome/svgs/solid/hryvnia.svg": "/root/research/bettercap/modules/ui/ui/assets/fontawesome/svgs/solid/hryvnia.svg",
		"ui/assets/fontawesome/svgs/solid/i-cursor.svg": "/root/research/bettercap/modules/ui/ui/assets/fontawesome/svgs/solid/i-cursor.svg",
		"ui/assets/fontawesome/svgs/solid/ice-cream.svg": "/root/research/bettercap/modules/ui/ui/assets/fontawesome/svgs/solid/ice-cream.svg",
		"ui/assets/fontawesome/svgs/solid/icicles.svg": "/root/research/bettercap/modules/ui/ui/assets/fontawesome/svgs/solid/icicles.svg",
		"ui/assets/fontawesome/svgs/solid/id-badge.svg": "/root/research/bettercap/modules/ui/ui/assets/fontawesome/svgs/solid/id-badge.svg",
		"ui/assets/fontawesome/svgs/solid/id-card-alt.svg": "/root/research/bettercap/modules/ui/ui/assets/fontawesome/svgs/solid/id-card-alt.svg",
		"ui/assets/fontawesome/svgs/solid/id-card.svg": "/root/research/bettercap/modules/ui/ui/assets/fontawesome/svgs/solid/id-card.svg",
		"ui/assets/fontawesome/svgs/solid/igloo.svg": "/root/research/bettercap/modules/ui/ui/assets/fontawesome/svgs/solid/igloo.svg",
		"ui/assets/fontawesome/svgs/solid/image.svg": "/root/research/bettercap/modules/ui/ui/assets/fontawesome/svgs/solid/image.svg",
		"ui/assets/fontawesome/svgs/solid/images.svg": "/root/research/bettercap/modules/ui/ui/assets/fontawesome/svgs/solid/images.svg",
		"ui/assets/fontawesome/svgs/solid/inbox.svg": "/root/research/bettercap/modules/ui/ui/assets/fontawesome/svgs/solid/inbox.svg",
		"ui/assets/fontawesome/svgs/solid/indent.svg": "/root/research/bettercap/modules/ui/ui/assets/fontawesome/svgs/solid/indent.svg",
		"ui/assets/fontawesome/svgs/solid/industry.svg": "/root/research/bettercap/modules/ui/ui/assets/fontawesome/svgs/solid/industry.svg",
		"ui/assets/fontawesome/svgs/solid/infinity.svg": "/root/research/bettercap/modules/ui/ui/assets/fontawesome/svgs/solid/infinity.svg",
		"ui/assets/fontawesome/svgs/solid/info-circle.svg": "/root/research/bettercap/modules/ui/ui/assets/fontawesome/svgs/solid/info-circle.svg",
		"ui/assets/fontawesome/svgs/solid/info.svg": "/root/research/bettercap/modules/ui/ui/assets/fontawesome/svgs/solid/info.svg",
		"ui/assets/fontawesome/svgs/solid/italic.svg": "/root/research/bettercap/modules/ui/ui/assets/fontawesome/svgs/solid/italic.svg",
		"ui/assets/fontawesome/svgs/solid/jedi.svg": "/root/research/bettercap/modules/ui/ui/assets/fontawesome/svgs/solid/jedi.svg",
		"ui/assets/fontawesome/svgs/solid/joint.svg": "/root/research/bettercap/modules/ui/ui/assets/fontawesome/svgs/solid/joint.svg",
		"ui/assets/fontawesome/svgs/solid/journal-whills.svg": "/root/research/bettercap/modules/ui/ui/assets/fontawesome/svgs/solid/journal-whills.svg",
		"ui/assets/fontawesome/svgs/solid/kaaba.svg": "/root/research/bettercap/modules/ui/ui/assets/fontawesome/svgs/solid/kaaba.svg",
		"ui/assets/fontawesome/svgs/solid/key.svg": "/root/research/bettercap/modules/ui/ui/assets/fontawesome/svgs/solid/key.svg",
		"ui/assets/fontawesome/svgs/solid/keyboard.svg": "/root/research/bettercap/modules/ui/ui/assets/fontawesome/svgs/solid/keyboard.svg",
		"ui/assets/fontawesome/svgs/solid/khanda.svg": "/root/research/bettercap/modules/ui/ui/assets/fontawesome/svgs/solid/khanda.svg",
		"ui/assets/fontawesome/svgs/solid/kiss-beam.svg": "/root/research/bettercap/modules/ui/ui/assets/fontawesome/svgs/solid/kiss-beam.svg",
		"ui/assets/fontawesome/svgs/solid/kiss-wink-heart.svg": "/root/research/bettercap/modules/ui/ui/assets/fontawesome/svgs/solid/kiss-wink-heart.svg",
		"ui/assets/fontawesome/svgs/solid/kiss.svg": "/root/research/bettercap/modules/ui/ui/assets/fontawesome/svgs/solid/kiss.svg",
		"ui/assets/fontawesome/svgs/solid/kiwi-bird.svg": "/root/research/bettercap/modules/ui/ui/assets/fontawesome/svgs/solid/kiwi-bird.svg",
		"ui/assets/fontawesome/svgs/solid/landmark.svg": "/root/research/bettercap/modules/ui/ui/assets/fontawesome/svgs/solid/landmark.svg",
		"ui/assets/fontawesome/svgs/solid/language.svg": "/root/research/bettercap/modules/ui/ui/assets/fontawesome/svgs/solid/language.svg",
		"ui/assets/fontawesome/svgs/solid/laptop-code.svg": "/root/research/bettercap/modules/ui/ui/assets/fontawesome/svgs/solid/laptop-code.svg",
		"ui/assets/fontawesome/svgs/solid/laptop-medical.svg": "/root/research/bettercap/modules/ui/ui/assets/fontawesome/svgs/solid/laptop-medical.svg",
		"ui/assets/fontawesome/svgs/solid/laptop.svg": "/root/research/bettercap/modules/ui/ui/assets/fontawesome/svgs/solid/laptop.svg",
		"ui/assets/fontawesome/svgs/solid/laugh-beam.svg": "/root/research/bettercap/modules/ui/ui/assets/fontawesome/svgs/solid/laugh-beam.svg",
		"ui/assets/fontawesome/svgs/solid/laugh-squint.svg": "/root/research/bettercap/modules/ui/ui/assets/fontawesome/svgs/solid/laugh-squint.svg",
		"ui/assets/fontawesome/svgs/solid/laugh-wink.svg": "/root/research/bettercap/modules/ui/ui/assets/fontawesome/svgs/solid/laugh-wink.svg",
		"ui/assets/fontawesome/svgs/solid/laugh.svg": "/root/research/bettercap/modules/ui/ui/assets/fontawesome/svgs/solid/laugh.svg",
		"ui/assets/fontawesome/svgs/solid/layer-group.svg": "/root/research/bettercap/modules/ui/ui/assets/fontawesome/svgs/solid/layer-group.svg",
		"ui/assets/fontawesome/svgs/solid/leaf.svg": "/root/research/bettercap/modules/ui/ui/assets/fontawesome/svgs/solid/leaf.svg",
		"ui/assets/fontawesome/svgs/solid/lemon.svg": "/root/research/bettercap/modules/ui/ui/assets/fontawesome/svgs/solid/lemon.svg",
		"ui/assets/fontawesome/svgs/solid/less-than-equal.svg": "/root/research/bettercap/modules/ui/ui/assets/fontawesome/svgs/solid/less-than-equal.svg",
		"ui/assets/fontawesome/svgs/solid/less-than.svg": "/root/research/bettercap/modules/ui/ui/assets/fontawesome/svgs/solid/less-than.svg",
		"ui/assets/fontawesome/svgs/solid/level-down-alt.svg": "/root/research/bettercap/modules/ui/ui/assets/fontawesome/svgs/solid/level-down-alt.svg",
		"ui/assets/fontawesome/svgs/solid/level-up-alt.svg": "/root/research/bettercap/modules/ui/ui/assets/fontawesome/svgs/solid/level-up-alt.svg",
		"ui/assets/fontawesome/svgs/solid/life-ring.svg": "/root/research/bettercap/modules/ui/ui/assets/fontawesome/svgs/solid/life-ring.svg",
		"ui/assets/fontawesome/svgs/solid/lightbulb.svg": "/root/research/bettercap/modules/ui/ui/assets/fontawesome/svgs/solid/lightbulb.svg",
		"ui/assets/fontawesome/svgs/solid/link.svg": "/root/research/bettercap/modules/ui/ui/assets/fontawesome/svgs/solid/link.svg",
		"ui/assets/fontawesome/svgs/solid/lira-sign.svg": "/root/research/bettercap/modules/ui/ui/assets/fontawesome/svgs/solid/lira-sign.svg",
		"ui/assets/fontawesome/svgs/solid/list-alt.svg": "/root/research/bettercap/modules/ui/ui/assets/fontawesome/svgs/solid/list-alt.svg",
		"ui/assets/fontawesome/svgs/solid/list-ol.svg": "/root/research/bettercap/modules/ui/ui/assets/fontawesome/svgs/solid/list-ol.svg",
		"ui/assets/fontawesome/svgs/solid/list-ul.svg": "/root/research/bettercap/modules/ui/ui/assets/fontawesome/svgs/solid/list-ul.svg",
		"ui/assets/fontawesome/svgs/solid/list.svg": "/root/research/bettercap/modules/ui/ui/assets/fontawesome/svgs/solid/list.svg",
		"ui/assets/fontawesome/svgs/solid/location-arrow.svg": "/root/research/bettercap/modules/ui/ui/assets/fontawesome/svgs/solid/location-arrow.svg",
		"ui/assets/fontawesome/svgs/solid/lock-open.svg": "/root/research/bettercap/modules/ui/ui/assets/fontawesome/svgs/solid/lock-open.svg",
		"ui/assets/fontawesome/svgs/solid/lock.svg": "/root/research/bettercap/modules/ui/ui/assets/fontawesome/svgs/solid/lock.svg",
		"ui/assets/fontawesome/svgs/solid/long-arrow-alt-down.svg": "/root/research/bettercap/modules/ui/ui/assets/fontawesome/svgs/solid/long-arrow-alt-down.svg",
		"ui/assets/fontawesome/svgs/solid/long-arrow-alt-left.svg": "/root/research/bettercap/modules/ui/ui/assets/fontawesome/svgs/solid/long-arrow-alt-left.svg",
		"ui/assets/fontawesome/svgs/solid/long-arrow-alt-right.svg": "/root/research/bettercap/modules/ui/ui/assets/fontawesome/svgs/solid/long-arrow-alt-right.svg",
		"ui/assets/fontawesome/svgs/solid/long-arrow-alt-up.svg": "/root/research/bettercap/modules/ui/ui/assets/fontawesome/svgs/solid/long-arrow-alt-up.svg",
		"ui/assets/fontawesome/svgs/solid/low-vision.svg": "/root/research/bettercap/modules/ui/ui/assets/fontawesome/svgs/solid/low-vision.svg",
		"ui/assets/fontawesome/svgs/solid/luggage-cart.svg": "/root/research/bettercap/modules/ui/ui/assets/fontawesome/svgs/solid/luggage-cart.svg",
		"ui/assets/fontawesome/svgs/solid/magic.svg": "/root/research/bettercap/modules/ui/ui/assets/fontawesome/svgs/solid/magic.svg",
		"ui/assets/fontawesome/svgs/solid/magnet.svg": "/root/research/bettercap/modules/ui/ui/assets/fontawesome/svgs/solid/magnet.svg",
		"ui/assets/fontawesome/svgs/solid/mail-bulk.svg": "/root/research/bettercap/modules/ui/ui/assets/fontawesome/svgs/solid/mail-bulk.svg",
		"ui/assets/fontawesome/svgs/solid/male.svg": "/root/research/bettercap/modules/ui/ui/assets/fontawesome/svgs/solid/male.svg",
		"ui/assets/fontawesome/svgs/solid/map-marked-alt.svg": "/root/research/bettercap/modules/ui/ui/assets/fontawesome/svgs/solid/map-marked-alt.svg",
		"ui/assets/fontawesome/svgs/solid/map-marked.svg": "/root/research/bettercap/modules/ui/ui/assets/fontawesome/svgs/solid/map-marked.svg",
		"ui/assets/fontawesome/svgs/solid/map-marker-alt.svg": "/root/research/bettercap/modules/ui/ui/assets/fontawesome/svgs/solid/map-marker-alt.svg",
		"ui/assets/fontawesome/svgs/solid/map-marker.svg": "/root/research/bettercap/modules/ui/ui/assets/fontawesome/svgs/solid/map-marker.svg",
		"ui/assets/fontawesome/svgs/solid/map-pin.svg": "/root/research/bettercap/modules/ui/ui/assets/fontawesome/svgs/solid/map-pin.svg",
		"ui/assets/fontawesome/svgs/solid/map-signs.svg": "/root/research/bettercap/modules/ui/ui/assets/fontawesome/svgs/solid/map-signs.svg",
		"ui/assets/fontawesome/svgs/solid/map.svg": "/root/research/bettercap/modules/ui/ui/assets/fontawesome/svgs/solid/map.svg",
		"ui/assets/fontawesome/svgs/solid/marker.svg": "/root/research/bettercap/modules/ui/ui/assets/fontawesome/svgs/solid/marker.svg",
		"ui/assets/fontawesome/svgs/solid/mars-double.svg": "/root/research/bettercap/modules/ui/ui/assets/fontawesome/svgs/solid/mars-double.svg",
		"ui/assets/fontawesome/svgs/solid/mars-stroke-h.svg": "/root/research/bettercap/modules/ui/ui/assets/fontawesome/svgs/solid/mars-stroke-h.svg",
		"ui/assets/fontawesome/svgs/solid/mars-stroke-v.svg": "/root/research/bettercap/modules/ui/ui/assets/fontawesome/svgs/solid/mars-stroke-v.svg",
		"ui/assets/fontawesome/svgs/solid/mars-stroke.svg": "/root/research/bettercap/modules/ui/ui/assets/fontawesome/svgs/solid/mars-stroke.svg",
		"ui/assets/fontawesome/svgs/solid/mars.svg": "/root/research/bettercap/modules/ui/ui/assets/fontawesome/svgs/solid/mars.svg",
		"ui/assets/fontawesome/svgs/solid/mask.svg": "/root/research/bettercap/modules/ui/ui/assets/fontawesome/svgs/solid/mask.svg",
		"ui/assets/fontawesome/svgs/solid/medal.svg": "/root/research/bettercap/modules/ui/ui/assets/fontawesome/svgs/solid/medal.svg",
		"ui/assets/fontawesome/svgs/solid/medkit.svg": "/root/research/bettercap/modules/ui/ui/assets/fontawesome/svgs/solid/medkit.svg",
		"ui/assets/fontawesome/svgs/solid/meh-blank.svg": "/root/research/bettercap/modules/ui/ui/assets/fontawesome/svgs/solid/meh-blank.svg",
		"ui/assets/fontawesome/svgs/solid/meh-rolling-eyes.svg": "/root/research/bettercap/modules/ui/ui/assets/fontawesome/svgs/solid/meh-rolling-eyes.svg",
		"ui/assets/fontawesome/svgs/solid/meh.svg": "/root/research/bettercap/modules/ui/ui/assets/fontawesome/svgs/solid/meh.svg",
		"ui/assets/fontawesome/svgs/solid/memory.svg": "/root/research/bettercap/modules/ui/ui/assets/fontawesome/svgs/solid/memory.svg",
		"ui/assets/fontawesome/svgs/solid/menorah.svg": "/root/research/bettercap/modules/ui/ui/assets/fontawesome/svgs/solid/menorah.svg",
		"ui/assets/fontawesome/svgs/solid/mercury.svg": "/root/research/bettercap/modules/ui/ui/assets/fontawesome/svgs/solid/mercury.svg",
		"ui/assets/fontawesome/svgs/solid/meteor.svg": "/root/research/bettercap/modules/ui/ui/assets/fontawesome/svgs/solid/meteor.svg",
		"ui/assets/fontawesome/svgs/solid/microchip.svg": "/root/research/bettercap/modules/ui/ui/assets/fontawesome/svgs/solid/microchip.svg",
		"ui/assets/fontawesome/svgs/solid/microphone-alt-slash.svg": "/root/research/bettercap/modules/ui/ui/assets/fontawesome/svgs/solid/microphone-alt-slash.svg",
		"ui/assets/fontawesome/svgs/solid/microphone-alt.svg": "/root/research/bettercap/modules/ui/ui/assets/fontawesome/svgs/solid/microphone-alt.svg",
		"ui/assets/fontawesome/svgs/solid/microphone-slash.svg": "/root/research/bettercap/modules/ui/ui/assets/fontawesome/svgs/solid/microphone-slash.svg",
		"ui/assets/fontawesome/svgs/solid/microphone.svg": "/root/research/bettercap/modules/ui/ui/assets/fontawesome/svgs/solid/microphone.svg",
		"ui/assets/fontawesome/svgs/solid/microscope.svg": "/root/research/bettercap/modules/ui/ui/assets/fontawesome/svgs/solid/microscope.svg",
		"ui/assets/fontawesome/svgs/solid/minus-circle.svg": "/root/research/bettercap/modules/ui/ui/assets/fontawesome/svgs/solid/minus-circle.svg",
		"ui/assets/fontawesome/svgs/solid/minus-square.svg": "/root/research/bettercap/modules/ui/ui/assets/fontawesome/svgs/solid/minus-square.svg",
		"ui/assets/fontawesome/svgs/solid/minus.svg": "/root/research/bettercap/modules/ui/ui/assets/fontawesome/svgs/solid/minus.svg",
		"ui/assets/fontawesome/svgs/solid/mitten.svg": "/root/research/bettercap/modules/ui/ui/assets/fontawesome/svgs/solid/mitten.svg",
		"ui/assets/fontawesome/svgs/solid/mobile-alt.svg": "/root/research/bettercap/modules/ui/ui/assets/fontawesome/svgs/solid/mobile-alt.svg",
		"ui/assets/fontawesome/svgs/solid/mobile.svg": "/root/research/bettercap/modules/ui/ui/assets/fontawesome/svgs/solid/mobile.svg",
		"ui/assets/fontawesome/svgs/solid/money-bill-alt.svg": "/root/research/bettercap/modules/ui/ui/assets/fontawesome/svgs/solid/money-bill-alt.svg",
		"ui/assets/fontawesome/svgs/solid/money-bill-wave-alt.svg": "/root/research/bettercap/modules/ui/ui/assets/fontawesome/svgs/solid/money-bill-wave-alt.svg",
		"ui/assets/fontawesome/svgs/solid/money-bill-wave.svg": "/root/research/bettercap/modules/ui/ui/assets/fontawesome/svgs/solid/money-bill-wave.svg",
		"ui/assets/fontawesome/svgs/solid/money-bill.svg": "/root/research/bettercap/modules/ui/ui/assets/fontawesome/svgs/solid/money-bill.svg",
		"ui/assets/fontawesome/svgs/solid/money-check-alt.svg": "/root/research/bettercap/modules/ui/ui/assets/fontawesome/svgs/solid/money-check-alt.svg",
		"ui/assets/fontawesome/svgs/solid/money-check.svg": "/root/research/bettercap/modules/ui/ui/assets/fontawesome/svgs/solid/money-check.svg",
		"ui/assets/fontawesome/svgs/solid/monument.svg": "/root/research/bettercap/modules/ui/ui/assets/fontawesome/svgs/solid/monument.svg",
		"ui/assets/fontawesome/svgs/solid/moon.svg": "/root/research/bettercap/modules/ui/ui/assets/fontawesome/svgs/solid/moon.svg",
		"ui/assets/fontawesome/svgs/solid/mortar-pestle.svg": "/root/research/bettercap/modules/ui/ui/assets/fontawesome/svgs/solid/mortar-pestle.svg",
		"ui/assets/fontawesome/svgs/solid/mosque.svg": "/root/research/bettercap/modules/ui/ui/assets/fontawesome/svgs/solid/mosque.svg",
		"ui/assets/fontawesome/svgs/solid/motorcycle.svg": "/root/research/bettercap/modules/ui/ui/assets/fontawesome/svgs/solid/motorcycle.svg",
		"ui/assets/fontawesome/svgs/solid/mountain.svg": "/root/research/bettercap/modules/ui/ui/assets/fontawesome/svgs/solid/mountain.svg",
		"ui/assets/fontawesome/svgs/solid/mouse-pointer.svg": "/root/research/bettercap/modules/ui/ui/assets/fontawesome/svgs/solid/mouse-pointer.svg",
		"ui/assets/fontawesome/svgs/solid/mug-hot.svg": "/root/research/bettercap/modules/ui/ui/assets/fontawesome/svgs/solid/mug-hot.svg",
		"ui/assets/fontawesome/svgs/solid/music.svg": "/root/research/bettercap/modules/ui/ui/assets/fontawesome/svgs/solid/music.svg",
		"ui/assets/fontawesome/svgs/solid/network-wired.svg": "/root/research/bettercap/modules/ui/ui/assets/fontawesome/svgs/solid/network-wired.svg",
		"ui/assets/fontawesome/svgs/solid/neuter.svg": "/root/research/bettercap/modules/ui/ui/assets/fontawesome/svgs/solid/neuter.svg",
		"ui/assets/fontawesome/svgs/solid/newspaper.svg": "/root/research/bettercap/modules/ui/ui/assets/fontawesome/svgs/solid/newspaper.svg",
		"ui/assets/fontawesome/svgs/solid/not-equal.svg": "/root/research/bettercap/modules/ui/ui/assets/fontawesome/svgs/solid/not-equal.svg",
		"ui/assets/fontawesome/svgs/solid/notes-medical.svg": "/root/research/bettercap/modules/ui/ui/assets/fontawesome/svgs/solid/notes-medical.svg",
		"ui/assets/fontawesome/svgs/solid/object-group.svg": "/root/research/bettercap/modules/ui/ui/assets/fontawesome/svgs/solid/object-group.svg",
		"ui/assets/fontawesome/svgs/solid/object-ungroup.svg": "/root/research/bettercap/modules/ui/ui/assets/fontawesome/svgs/solid/object-ungroup.svg",
		"ui/assets/fontawesome/svgs/solid/oil-can.svg": "/root/research/bettercap/modules/ui/ui/assets/fontawesome/svgs/solid/oil-can.svg",
		"ui/assets/fontawesome/svgs/solid/om.svg": "/root/research/bettercap/modules/ui/ui/assets/fontawesome/svgs/solid/om.svg",
		"ui/assets/fontawesome/svgs/solid/otter.svg": "/root/research/bettercap/modules/ui/ui/assets/fontawesome/svgs/solid/otter.svg",
		"ui/assets/fontawesome/svgs/solid/outdent.svg": "/root/research/bettercap/modules/ui/ui/assets/fontawesome/svgs/solid/outdent.svg",
		"ui/assets/fontawesome/svgs/solid/pager.svg": "/root/research/bettercap/modules/ui/ui/assets/fontawesome/svgs/solid/pager.svg",
		"ui/assets/fontawesome/svgs/solid/paint-brush.svg": "/root/research/bettercap/modules/ui/ui/assets/fontawesome/svgs/solid/paint-brush.svg",
		"ui/assets/fontawesome/svgs/solid/paint-roller.svg": "/root/research/bettercap/modules/ui/ui/assets/fontawesome/svgs/solid/paint-roller.svg",
		"ui/assets/fontawesome/svgs/solid/palette.svg": "/root/research/bettercap/modules/ui/ui/assets/fontawesome/svgs/solid/palette.svg",
		"ui/assets/fontawesome/svgs/solid/pallet.svg": "/root/research/bettercap/modules/ui/ui/assets/fontawesome/svgs/solid/pallet.svg",
		"ui/assets/fontawesome/svgs/solid/paper-plane.svg": "/root/research/bettercap/modules/ui/ui/assets/fontawesome/svgs/solid/paper-plane.svg",
		"ui/assets/fontawesome/svgs/solid/paperclip.svg": "/root/research/bettercap/modules/ui/ui/assets/fontawesome/svgs/solid/paperclip.svg",
		"ui/assets/fontawesome/svgs/solid/parachute-box.svg": "/root/research/bettercap/modules/ui/ui/assets/fontawesome/svgs/solid/parachute-box.svg",
		"ui/assets/fontawesome/svgs/solid/paragraph.svg": "/root/research/bettercap/modules/ui/ui/assets/fontawesome/svgs/solid/paragraph.svg",
		"ui/assets/fontawesome/svgs/solid/parking.svg": "/root/research/bettercap/modules/ui/ui/assets/fontawesome/svgs/solid/parking.svg",
		"ui/assets/fontawesome/svgs/solid/passport.svg": "/root/research/bettercap/modules/ui/ui/assets/fontawesome/svgs/solid/passport.svg",
		"ui/assets/fontawesome/svgs/solid/pastafarianism.svg": "/root/research/bettercap/modules/ui/ui/assets/fontawesome/svgs/solid/pastafarianism.svg",
		"ui/assets/fontawesome/svgs/solid/paste.svg": "/root/research/bettercap/modules/ui/ui/assets/fontawesome/svgs/solid/paste.svg",
		"ui/assets/fontawesome/svgs/solid/pause-circle.svg": "/root/research/bettercap/modules/ui/ui/assets/fontawesome/svgs/solid/pause-circle.svg",
		"ui/assets/fontawesome/svgs/solid/pause.svg": "/root/research/bettercap/modules/ui/ui/assets/fontawesome/svgs/solid/pause.svg",
		"ui/assets/fontawesome/svgs/solid/paw.svg": "/root/research/bettercap/modules/ui/ui/assets/fontawesome/svgs/solid/paw.svg",
		"ui/assets/fontawesome/svgs/solid/peace.svg": "/root/research/bettercap/modules/ui/ui/assets/fontawesome/svgs/solid/peace.svg",
		"ui/assets/fontawesome/svgs/solid/pen-alt.svg": "/root/research/bettercap/modules/ui/ui/assets/fontawesome/svgs/solid/pen-alt.svg",
		"ui/assets/fontawesome/svgs/solid/pen-fancy.svg": "/root/research/bettercap/modules/ui/ui/assets/fontawesome/svgs/solid/pen-fancy.svg",
		"ui/assets/fontawesome/svgs/solid/pen-nib.svg": "/root/research/bettercap/modules/ui/ui/assets/fontawesome/svgs/solid/pen-nib.svg",
		"ui/assets/fontawesome/svgs/solid/pen-square.svg": "/root/research/bettercap/modules/ui/ui/assets/fontawesome/svgs/solid/pen-square.svg",
		"ui/assets/fontawesome/svgs/solid/pen.svg": "/root/research/bettercap/modules/ui/ui/assets/fontawesome/svgs/solid/pen.svg",
		"ui/assets/fontawesome/svgs/solid/pencil-alt.svg": "/root/research/bettercap/modules/ui/ui/assets/fontawesome/svgs/solid/pencil-alt.svg",
		"ui/assets/fontawesome/svgs/solid/pencil-ruler.svg": "/root/research/bettercap/modules/ui/ui/assets/fontawesome/svgs/solid/pencil-ruler.svg",
		"ui/assets/fontawesome/svgs/solid/people-carry.svg": "/root/research/bettercap/modules/ui/ui/assets/fontawesome/svgs/solid/people-carry.svg",
		"ui/assets/fontawesome/svgs/solid/pepper-hot.svg": "/root/research/bettercap/modules/ui/ui/assets/fontawesome/svgs/solid/pepper-hot.svg",
		"ui/assets/fontawesome/svgs/solid/percent.svg": "/root/research/bettercap/modules/ui/ui/assets/fontawesome/svgs/solid/percent.svg",
		"ui/assets/fontawesome/svgs/solid/percentage.svg": "/root/research/bettercap/modules/ui/ui/assets/fontawesome/svgs/solid/percentage.svg",
		"ui/assets/fontawesome/svgs/solid/person-booth.svg": "/root/research/bettercap/modules/ui/ui/assets/fontawesome/svgs/solid/person-booth.svg",
		"ui/assets/fontawesome/svgs/solid/phone-slash.svg": "/root/research/bettercap/modules/ui/ui/assets/fontawesome/svgs/solid/phone-slash.svg",
		"ui/assets/fontawesome/svgs/solid/phone-square.svg": "/root/research/bettercap/modules/ui/ui/assets/fontawesome/svgs/solid/phone-square.svg",
		"ui/assets/fontawesome/svgs/solid/phone-volume.svg": "/root/research/bettercap/modules/ui/ui/assets/fontawesome/svgs/solid/phone-volume.svg",
		"ui/assets/fontawesome/svgs/solid/phone.svg": "/root/research/bettercap/modules/ui/ui/assets/fontawesome/svgs/solid/phone.svg",
		"ui/assets/fontawesome/svgs/solid/piggy-bank.svg": "/root/research/bettercap/modules/ui/ui/assets/fontawesome/svgs/solid/piggy-bank.svg",
		"ui/assets/fontawesome/svgs/solid/pills.svg": "/root/research/bettercap/modules/ui/ui/assets/fontawesome/svgs/solid/pills.svg",
		"ui/assets/fontawesome/svgs/solid/pizza-slice.svg": "/root/research/bettercap/modules/ui/ui/assets/fontawesome/svgs/solid/pizza-slice.svg",
		"ui/assets/fontawesome/svgs/solid/place-of-worship.svg": "/root/research/bettercap/modules/ui/ui/assets/fontawesome/svgs/solid/place-of-worship.svg",
		"ui/assets/fontawesome/svgs/solid/plane-arrival.svg": "/root/research/bettercap/modules/ui/ui/assets/fontawesome/svgs/solid/plane-arrival.svg",
		"ui/assets/fontawesome/svgs/solid/plane-departure.svg": "/root/research/bettercap/modules/ui/ui/assets/fontawesome/svgs/solid/plane-departure.svg",
		"ui/assets/fontawesome/svgs/solid/plane.svg": "/root/research/bettercap/modules/ui/ui/assets/fontawesome/svgs/solid/plane.svg",
		"ui/assets/fontawesome/svgs/solid/play-circle.svg": "/root/research/bettercap/modules/ui/ui/assets/fontawesome/svgs/solid/play-circle.svg",
		"ui/assets/fontawesome/svgs/solid/play.svg": "/root/research/bettercap/modules/ui/ui/assets/fontawesome/svgs/solid/play.svg",
		"ui/assets/fontawesome/svgs/solid/plug.svg": "/root/research/bettercap/modules/ui/ui/assets/fontawesome/svgs/solid/plug.svg",
		"ui/assets/fontawesome/svgs/solid/plus-circle.svg": "/root/research/bettercap/modules/ui/ui/assets/fontawesome/svgs/solid/plus-circle.svg",
		"ui/assets/fontawesome/svgs/solid/plus-square.svg": "/root/research/bettercap/modules/ui/ui/assets/fontawesome/svgs/solid/plus-square.svg",
		"ui/assets/fontawesome/svgs/solid/plus.svg": "/root/research/bettercap/modules/ui/ui/assets/fontawesome/svgs/solid/plus.svg",
		"ui/assets/fontawesome/svgs/solid/podcast.svg": "/root/research/bettercap/modules/ui/ui/assets/fontawesome/svgs/solid/podcast.svg",
		"ui/assets/fontawesome/svgs/solid/poll-h.svg": "/root/research/bettercap/modules/ui/ui/assets/fontawesome/svgs/solid/poll-h.svg",
		"ui/assets/fontawesome/svgs/solid/poll.svg": "/root/research/bettercap/modules/ui/ui/assets/fontawesome/svgs/solid/poll.svg",
		"ui/assets/fontawesome/svgs/solid/poo-storm.svg": "/root/research/bettercap/modules/ui/ui/assets/fontawesome/svgs/solid/poo-storm.svg",
		"ui/assets/fontawesome/svgs/solid/poo.svg": "/root/research/bettercap/modules/ui/ui/assets/fontawesome/svgs/solid/poo.svg",
		"ui/assets/fontawesome/svgs/solid/poop.svg": "/root/research/bettercap/modules/ui/ui/assets/fontawesome/svgs/solid/poop.svg",
		"ui/assets/fontawesome/svgs/solid/portrait.svg": "/root/research/bettercap/modules/ui/ui/assets/fontawesome/svgs/solid/portrait.svg",
		"ui/assets/fontawesome/svgs/solid/pound-sign.svg": "/root/research/bettercap/modules/ui/ui/assets/fontawesome/svgs/solid/pound-sign.svg",
		"ui/assets/fontawesome/svgs/solid/power-off.svg": "/root/research/bettercap/modules/ui/ui/assets/fontawesome/svgs/solid/power-off.svg",
		"ui/assets/fontawesome/svgs/solid/pray.svg": "/root/research/bettercap/modules/ui/ui/assets/fontawesome/svgs/solid/pray.svg",
		"ui/assets/fontawesome/svgs/solid/praying-hands.svg": "/root/research/bettercap/modules/ui/ui/assets/fontawesome/svgs/solid/praying-hands.svg",
		"ui/assets/fontawesome/svgs/solid/prescription-bottle-alt.svg": "/root/research/bettercap/modules/ui/ui/assets/fontawesome/svgs/solid/prescription-bottle-alt.svg",
		"ui/assets/fontawesome/svgs/solid/prescription-bottle.svg": "/root/research/bettercap/modules/ui/ui/assets/fontawesome/svgs/solid/prescription-bottle.svg",
		"ui/assets/fontawesome/svgs/solid/prescription.svg": "/root/research/bettercap/modules/ui/ui/assets/fontawesome/svgs/solid/prescription.svg",
		"ui/assets/fontawesome/svgs/solid/print.svg": "/root/research/bettercap/modules/ui/ui/assets/fontawesome/svgs/solid/print.svg",
		"ui/assets/fontawesome/svgs/solid/procedures.svg": "/root/research/bettercap/modules/ui/ui/assets/fontawesome/svgs/solid/procedures.svg",
		"ui/assets/fontawesome/svgs/solid/project-diagram.svg": "/root/research/bettercap/modules/ui/ui/assets/fontawesome/svgs/solid/project-diagram.svg",
		"ui/assets/fontawesome/svgs/solid/puzzle-piece.svg": "/root/research/bettercap/modules/ui/ui/assets/fontawesome/svgs/solid/puzzle-piece.svg",
		"ui/assets/fontawesome/svgs/solid/qrcode.svg": "/root/research/bettercap/modules/ui/ui/assets/fontawesome/svgs/solid/qrcode.svg",
		"ui/assets/fontawesome/svgs/solid/question-circle.svg": "/root/research/bettercap/modules/ui/ui/assets/fontawesome/svgs/solid/question-circle.svg",
		"ui/assets/fontawesome/svgs/solid/question.svg": "/root/research/bettercap/modules/ui/ui/assets/fontawesome/svgs/solid/question.svg",
		"ui/assets/fontawesome/svgs/solid/quidditch.svg": "/root/research/bettercap/modules/ui/ui/assets/fontawesome/svgs/solid/quidditch.svg",
		"ui/assets/fontawesome/svgs/solid/quote-left.svg": "/root/research/bettercap/modules/ui/ui/assets/fontawesome/svgs/solid/quote-left.svg",
		"ui/assets/fontawesome/svgs/solid/quote-right.svg": "/root/research/bettercap/modules/ui/ui/assets/fontawesome/svgs/solid/quote-right.svg",
		"ui/assets/fontawesome/svgs/solid/quran.svg": "/root/research/bettercap/modules/ui/ui/assets/fontawesome/svgs/solid/quran.svg",
		"ui/assets/fontawesome/svgs/solid/radiation-alt.svg": "/root/research/bettercap/modules/ui/ui/assets/fontawesome/svgs/solid/radiation-alt.svg",
		"ui/assets/fontawesome/svgs/solid/radiation.svg": "/root/research/bettercap/modules/ui/ui/assets/fontawesome/svgs/solid/radiation.svg",
		"ui/assets/fontawesome/svgs/solid/rainbow.svg": "/root/research/bettercap/modules/ui/ui/assets/fontawesome/svgs/solid/rainbow.svg",
		"ui/assets/fontawesome/svgs/solid/random.svg": "/root/research/bettercap/modules/ui/ui/assets/fontawesome/svgs/solid/random.svg",
		"ui/assets/fontawesome/svgs/solid/receipt.svg": "/root/research/bettercap/modules/ui/ui/assets/fontawesome/svgs/solid/receipt.svg",
		"ui/assets/fontawesome/svgs/solid/recycle.svg": "/root/research/bettercap/modules/ui/ui/assets/fontawesome/svgs/solid/recycle.svg",
		"ui/assets/fontawesome/svgs/solid/redo-alt.svg": "/root/research/bettercap/modules/ui/ui/assets/fontawesome/svgs/solid/redo-alt.svg",
		"ui/assets/fontawesome/svgs/solid/redo.svg": "/root/research/bettercap/modules/ui/ui/assets/fontawesome/svgs/solid/redo.svg",
		"ui/assets/fontawesome/svgs/solid/registered.svg": "/root/research/bettercap/modules/ui/ui/assets/fontawesome/svgs/solid/registered.svg",
		"ui/assets/fontawesome/svgs/solid/reply-all.svg": "/root/research/bettercap/modules/ui/ui/assets/fontawesome/svgs/solid/reply-all.svg",
		"ui/assets/fontawesome/svgs/solid/reply.svg": "/root/research/bettercap/modules/ui/ui/assets/fontawesome/svgs/solid/reply.svg",
		"ui/assets/fontawesome/svgs/solid/republican.svg": "/root/research/bettercap/modules/ui/ui/assets/fontawesome/svgs/solid/republican.svg",
		"ui/assets/fontawesome/svgs/solid/restroom.svg": "/root/research/bettercap/modules/ui/ui/assets/fontawesome/svgs/solid/restroom.svg",
		"ui/assets/fontawesome/svgs/solid/retweet.svg": "/root/research/bettercap/modules/ui/ui/assets/fontawesome/svgs/solid/retweet.svg",
		"ui/assets/fontawesome/svgs/solid/ribbon.svg": "/root/research/bettercap/modules/ui/ui/assets/fontawesome/svgs/solid/ribbon.svg",
		"ui/assets/fontawesome/svgs/solid/ring.svg": "/root/research/bettercap/modules/ui/ui/assets/fontawesome/svgs/solid/ring.svg",
		"ui/assets/fontawesome/svgs/solid/road.svg": "/root/research/bettercap/modules/ui/ui/assets/fontawesome/svgs/solid/road.svg",
		"ui/assets/fontawesome/svgs/solid/robot.svg": "/root/research/bettercap/modules/ui/ui/assets/fontawesome/svgs/solid/robot.svg",
		"ui/assets/fontawesome/svgs/solid/rocket.svg": "/root/research/bettercap/modules/ui/ui/assets/fontawesome/svgs/solid/rocket.svg",
		"ui/assets/fontawesome/svgs/solid/route.svg": "/root/research/bettercap/modules/ui/ui/assets/fontawesome/svgs/solid/route.svg",
		"ui/assets/fontawesome/svgs/solid/rss-square.svg": "/root/research/bettercap/modules/ui/ui/assets/fontawesome/svgs/solid/rss-square.svg",
		"ui/assets/fontawesome/svgs/solid/rss.svg": "/root/research/bettercap/modules/ui/ui/assets/fontawesome/svgs/solid/rss.svg",
		"ui/assets/fontawesome/svgs/solid/ruble-sign.svg": "/root/research/bettercap/modules/ui/ui/assets/fontawesome/svgs/solid/ruble-sign.svg",
		"ui/assets/fontawesome/svgs/solid/ruler-combined.svg": "/root/research/bettercap/modules/ui/ui/assets/fontawesome/svgs/solid/ruler-combined.svg",
		"ui/assets/fontawesome/svgs/solid/ruler-horizontal.svg": "/root/research/bettercap/modules/ui/ui/assets/fontawesome/svgs/solid/ruler-horizontal.svg",
		"ui/assets/fontawesome/svgs/solid/ruler-vertical.svg": "/root/research/bettercap/modules/ui/ui/assets/fontawesome/svgs/solid/ruler-vertical.svg",
		"ui/assets/fontawesome/svgs/solid/ruler.svg": "/root/research/bettercap/modules/ui/ui/assets/fontawesome/svgs/solid/ruler.svg",
		"ui/assets/fontawesome/svgs/solid/running.svg": "/root/research/bettercap/modules/ui/ui/assets/fontawesome/svgs/solid/running.svg",
		"ui/assets/fontawesome/svgs/solid/rupee-sign.svg": "/root/research/bettercap/modules/ui/ui/assets/fontawesome/svgs/solid/rupee-sign.svg",
		"ui/assets/fontawesome/svgs/solid/sad-cry.svg": "/root/research/bettercap/modules/ui/ui/assets/fontawesome/svgs/solid/sad-cry.svg",
		"ui/assets/fontawesome/svgs/solid/sad-tear.svg": "/root/research/bettercap/modules/ui/ui/assets/fontawesome/svgs/solid/sad-tear.svg",
		"ui/assets/fontawesome/svgs/solid/satellite-dish.svg": "/root/research/bettercap/modules/ui/ui/assets/fontawesome/svgs/solid/satellite-dish.svg",
		"ui/assets/fontawesome/svgs/solid/satellite.svg": "/root/research/bettercap/modules/ui/ui/assets/fontawesome/svgs/solid/satellite.svg",
		"ui/assets/fontawesome/svgs/solid/save.svg": "/root/research/bettercap/modules/ui/ui/assets/fontawesome/svgs/solid/save.svg",
		"ui/assets/fontawesome/svgs/solid/school.svg": "/root/research/bettercap/modules/ui/ui/assets/fontawesome/svgs/solid/school.svg",
		"ui/assets/fontawesome/svgs/solid/screwdriver.svg": "/root/research/bettercap/modules/ui/ui/assets/fontawesome/svgs/solid/screwdriver.svg",
		"ui/assets/fontawesome/svgs/solid/scroll.svg": "/root/research/bettercap/modules/ui/ui/assets/fontawesome/svgs/solid/scroll.svg",
		"ui/assets/fontawesome/svgs/solid/sd-card.svg": "/root/research/bettercap/modules/ui/ui/assets/fontawesome/svgs/solid/sd-card.svg",
		"ui/assets/fontawesome/svgs/solid/search-dollar.svg": "/root/research/bettercap/modules/ui/ui/assets/fontawesome/svgs/solid/search-dollar.svg",
		"ui/assets/fontawesome/svgs/solid/search-location.svg": "/root/research/bettercap/modules/ui/ui/assets/fontawesome/svgs/solid/search-location.svg",
		"ui/assets/fontawesome/svgs/solid/search-minus.svg": "/root/research/bettercap/modules/ui/ui/assets/fontawesome/svgs/solid/search-minus.svg",
		"ui/assets/fontawesome/svgs/solid/search-plus.svg": "/root/research/bettercap/modules/ui/ui/assets/fontawesome/svgs/solid/search-plus.svg",
		"ui/assets/fontawesome/svgs/solid/search.svg": "/root/research/bettercap/modules/ui/ui/assets/fontawesome/svgs/solid/search.svg",
		"ui/assets/fontawesome/svgs/solid/seedling.svg": "/root/research/bettercap/modules/ui/ui/assets/fontawesome/svgs/solid/seedling.svg",
		"ui/assets/fontawesome/svgs/solid/server.svg": "/root/research/bettercap/modules/ui/ui/assets/fontawesome/svgs/solid/server.svg",
		"ui/assets/fontawesome/svgs/solid/shapes.svg": "/root/research/bettercap/modules/ui/ui/assets/fontawesome/svgs/solid/shapes.svg",
		"ui/assets/fontawesome/svgs/solid/share-alt-square.svg": "/root/research/bettercap/modules/ui/ui/assets/fontawesome/svgs/solid/share-alt-square.svg",
		"ui/assets/fontawesome/svgs/solid/share-alt.svg": "/root/research/bettercap/modules/ui/ui/assets/fontawesome/svgs/solid/share-alt.svg",
		"ui/assets/fontawesome/svgs/solid/share-square.svg": "/root/research/bettercap/modules/ui/ui/assets/fontawesome/svgs/solid/share-square.svg",
		"ui/assets/fontawesome/svgs/solid/share.svg": "/root/research/bettercap/modules/ui/ui/assets/fontawesome/svgs/solid/share.svg",
		"ui/assets/fontawesome/svgs/solid/shekel-sign.svg": "/root/research/bettercap/modules/ui/ui/assets/fontawesome/svgs/solid/shekel-sign.svg",
		"ui/assets/fontawesome/svgs/solid/shield-alt.svg": "/root/research/bettercap/modules/ui/ui/assets/fontawesome/svgs/solid/shield-alt.svg",
		"ui/assets/fontawesome/svgs/solid/ship.svg": "/root/research/bettercap/modules/ui/ui/assets/fontawesome/svgs/solid/ship.svg",
		"ui/assets/fontawesome/svgs/solid/shipping-fast.svg": "/root/research/bettercap/modules/ui/ui/assets/fontawesome/svgs/solid/shipping-fast.svg",
		"ui/assets/fontawesome/svgs/solid/shoe-prints.svg": "/root/research/bettercap/modules/ui/ui/assets/fontawesome/svgs/solid/shoe-prints.svg",
		"ui/assets/fontawesome/svgs/solid/shopping-bag.svg": "/root/research/bettercap/modules/ui/ui/assets/fontawesome/svgs/solid/shopping-bag.svg",
		"ui/assets/fontawesome/svgs/solid/shopping-basket.svg": "/root/research/bettercap/modules/ui/ui/assets/fontawesome/svgs/solid/shopping-basket.svg",
		"ui/assets/fontawesome/svgs/solid/shopping-cart.svg": "/root/research/bettercap/modules/ui/ui/assets/fontawesome/svgs/solid/shopping-cart.svg",
		"ui/assets/fontawesome/svgs/solid/shower.svg": "/root/research/bettercap/modules/ui/ui/assets/fontawesome/svgs/solid/shower.svg",
		"ui/assets/fontawesome/svgs/solid/shuttle-van.svg": "/root/research/bettercap/modules/ui/ui/assets/fontawesome/svgs/solid/shuttle-van.svg",
		"ui/assets/fontawesome/svgs/solid/sign-in-alt.svg": "/root/research/bettercap/modules/ui/ui/assets/fontawesome/svgs/solid/sign-in-alt.svg",
		"ui/assets/fontawesome/svgs/solid/sign-language.svg": "/root/research/bettercap/modules/ui/ui/assets/fontawesome/svgs/solid/sign-language.svg",
		"ui/assets/fontawesome/svgs/solid/sign-out-alt.svg": "/root/research/bettercap/modules/ui/ui/assets/fontawesome/svgs/solid/sign-out-alt.svg",
		"ui/assets/fontawesome/svgs/solid/sign.svg": "/root/research/bettercap/modules/ui/ui/assets/fontawesome/svgs/solid/sign.svg",
		"ui/assets/fontawesome/svgs/solid/signal.svg": "/root/research/bettercap/modules/ui/ui/assets/fontawesome/svgs/solid/signal.svg",
		"ui/assets/fontawesome/svgs/solid/signature.svg": "/root/research/bettercap/modules/ui/ui/assets/fontawesome/svgs/solid/signature.svg",
		"ui/assets/fontawesome/svgs/solid/sim-card.svg": "/root/research/bettercap/modules/ui/ui/assets/fontawesome/svgs/solid/sim-card.svg",
		"ui/assets/fontawesome/svgs/solid/sitemap.svg": "/root/research/bettercap/modules/ui/ui/assets/fontawesome/svgs/solid/sitemap.svg",
		"ui/assets/fontawesome/svgs/solid/skating.svg": "/root/research/bettercap/modules/ui/ui/assets/fontawesome/svgs/solid/skating.svg",
		"ui/assets/fontawesome/svgs/solid/skiing-nordic.svg": "/root/research/bettercap/modules/ui/ui/assets/fontawesome/svgs/solid/skiing-nordic.svg",
		"ui/assets/fontawesome/svgs/solid/skiing.svg": "/root/research/bettercap/modules/ui/ui/assets/fontawesome/svgs/solid/skiing.svg",
		"ui/assets/fontawesome/svgs/solid/skull-crossbones.svg": "/root/research/bettercap/modules/ui/ui/assets/fontawesome/svgs/solid/skull-crossbones.svg",
		"ui/assets/fontawesome/svgs/solid/skull.svg": "/root/research/bettercap/modules/ui/ui/assets/fontawesome/svgs/solid/skull.svg",
		"ui/assets/fontawesome/svgs/solid/slash.svg": "/root/research/bettercap/modules/ui/ui/assets/fontawesome/svgs/solid/slash.svg",
		"ui/assets/fontawesome/svgs/solid/sleigh.svg": "/root/research/bettercap/modules/ui/ui/assets/fontawesome/svgs/solid/sleigh.svg",
		"ui/assets/fontawesome/svgs/solid/sliders-h.svg": "/root/research/bettercap/modules/ui/ui/assets/fontawesome/svgs/solid/sliders-h.svg",
		"ui/assets/fontawesome/svgs/solid/smile-beam.svg": "/root/research/bettercap/modules/ui/ui/assets/fontawesome/svgs/solid/smile-beam.svg",
		"ui/assets/fontawesome/svgs/solid/smile-wink.svg": "/root/research/bettercap/modules/ui/ui/assets/fontawesome/svgs/solid/smile-wink.svg",
		"ui/assets/fontawesome/svgs/solid/smile.svg": "/root/research/bettercap/modules/ui/ui/assets/fontawesome/svgs/solid/smile.svg",
		"ui/assets/fontawesome/svgs/solid/smog.svg": "/root/research/bettercap/modules/ui/ui/assets/fontawesome/svgs/solid/smog.svg",
		"ui/assets/fontawesome/svgs/solid/smoking-ban.svg": "/root/research/bettercap/modules/ui/ui/assets/fontawesome/svgs/solid/smoking-ban.svg",
		"ui/assets/fontawesome/svgs/solid/smoking.svg": "/root/research/bettercap/modules/ui/ui/assets/fontawesome/svgs/solid/smoking.svg",
		"ui/assets/fontawesome/svgs/solid/sms.svg": "/root/research/bettercap/modules/ui/ui/assets/fontawesome/svgs/solid/sms.svg",
		"ui/assets/fontawesome/svgs/solid/snowboarding.svg": "/root/research/bettercap/modules/ui/ui/assets/fontawesome/svgs/solid/snowboarding.svg",
		"ui/assets/fontawesome/svgs/solid/snowflake.svg": "/root/research/bettercap/modules/ui/ui/assets/fontawesome/svgs/solid/snowflake.svg",
		"ui/assets/fontawesome/svgs/solid/snowman.svg": "/root/research/bettercap/modules/ui/ui/assets/fontawesome/svgs/solid/snowman.svg",
		"ui/assets/fontawesome/svgs/solid/snowplow.svg": "/root/research/bettercap/modules/ui/ui/assets/fontawesome/svgs/solid/snowplow.svg",
		"ui/assets/fontawesome/svgs/solid/socks.svg": "/root/research/bettercap/modules/ui/ui/assets/fontawesome/svgs/solid/socks.svg",
		"ui/assets/fontawesome/svgs/solid/solar-panel.svg": "/root/research/bettercap/modules/ui/ui/assets/fontawesome/svgs/solid/solar-panel.svg",
		"ui/assets/fontawesome/svgs/solid/sort-alpha-down.svg": "/root/research/bettercap/modules/ui/ui/assets/fontawesome/svgs/solid/sort-alpha-down.svg",
		"ui/assets/fontawesome/svgs/solid/sort-alpha-up.svg": "/root/research/bettercap/modules/ui/ui/assets/fontawesome/svgs/solid/sort-alpha-up.svg",
		"ui/assets/fontawesome/svgs/solid/sort-amount-down.svg": "/root/research/bettercap/modules/ui/ui/assets/fontawesome/svgs/solid/sort-amount-down.svg",
		"ui/assets/fontawesome/svgs/solid/sort-amount-up.svg": "/root/research/bettercap/modules/ui/ui/assets/fontawesome/svgs/solid/sort-amount-up.svg",
		"ui/assets/fontawesome/svgs/solid/sort-down.svg": "/root/research/bettercap/modules/ui/ui/assets/fontawesome/svgs/solid/sort-down.svg",
		"ui/assets/fontawesome/svgs/solid/sort-numeric-down.svg": "/root/research/bettercap/modules/ui/ui/assets/fontawesome/svgs/solid/sort-numeric-down.svg",
		"ui/assets/fontawesome/svgs/solid/sort-numeric-up.svg": "/root/research/bettercap/modules/ui/ui/assets/fontawesome/svgs/solid/sort-numeric-up.svg",
		"ui/assets/fontawesome/svgs/solid/sort-up.svg": "/root/research/bettercap/modules/ui/ui/assets/fontawesome/svgs/solid/sort-up.svg",
		"ui/assets/fontawesome/svgs/solid/sort.svg": "/root/research/bettercap/modules/ui/ui/assets/fontawesome/svgs/solid/sort.svg",
		"ui/assets/fontawesome/svgs/solid/spa.svg": "/root/research/bettercap/modules/ui/ui/assets/fontawesome/svgs/solid/spa.svg",
		"ui/assets/fontawesome/svgs/solid/space-shuttle.svg": "/root/research/bettercap/modules/ui/ui/assets/fontawesome/svgs/solid/space-shuttle.svg",
		"ui/assets/fontawesome/svgs/solid/spider.svg": "/root/research/bettercap/modules/ui/ui/assets/fontawesome/svgs/solid/spider.svg",
		"ui/assets/fontawesome/svgs/solid/spinner.svg": "/root/research/bettercap/modules/ui/ui/assets/fontawesome/svgs/solid/spinner.svg",
		"ui/assets/fontawesome/svgs/solid/splotch.svg": "/root/research/bettercap/modules/ui/ui/assets/fontawesome/svgs/solid/splotch.svg",
		"ui/assets/fontawesome/svgs/solid/spray-can.svg": "/root/research/bettercap/modules/ui/ui/assets/fontawesome/svgs/solid/spray-can.svg",
		"ui/assets/fontawesome/svgs/solid/square-full.svg": "/root/research/bettercap/modules/ui/ui/assets/fontawesome/svgs/solid/square-full.svg",
		"ui/assets/fontawesome/svgs/solid/square-root-alt.svg": "/root/research/bettercap/modules/ui/ui/assets/fontawesome/svgs/solid/square-root-alt.svg",
		"ui/assets/fontawesome/svgs/solid/square.svg": "/root/research/bettercap/modules/ui/ui/assets/fontawesome/svgs/solid/square.svg",
		"ui/assets/fontawesome/svgs/solid/stamp.svg": "/root/research/bettercap/modules/ui/ui/assets/fontawesome/svgs/solid/stamp.svg",
		"ui/assets/fontawesome/svgs/solid/star-and-crescent.svg": "/root/research/bettercap/modules/ui/ui/assets/fontawesome/svgs/solid/star-and-crescent.svg",
		"ui/assets/fontawesome/svgs/solid/star-half-alt.svg": "/root/research/bettercap/modules/ui/ui/assets/fontawesome/svgs/solid/star-half-alt.svg",
		"ui/assets/fontawesome/svgs/solid/star-half.svg": "/root/research/bettercap/modules/ui/ui/assets/fontawesome/svgs/solid/star-half.svg",
		"ui/assets/fontawesome/svgs/solid/star-of-david.svg": "/root/research/bettercap/modules/ui/ui/assets/fontawesome/svgs/solid/star-of-david.svg",
		"ui/assets/fontawesome/svgs/solid/star-of-life.svg": "/root/research/bettercap/modules/ui/ui/assets/fontawesome/svgs/solid/star-of-life.svg",
		"ui/assets/fontawesome/svgs/solid/star.svg": "/root/research/bettercap/modules/ui/ui/assets/fontawesome/svgs/solid/star.svg",
		"ui/assets/fontawesome/svgs/solid/step-backward.svg": "/root/research/bettercap/modules/ui/ui/assets/fontawesome/svgs/solid/step-backward.svg",
		"ui/assets/fontawesome/svgs/solid/step-forward.svg": "/root/research/bettercap/modules/ui/ui/assets/fontawesome/svgs/solid/step-forward.svg",
		"ui/assets/fontawesome/svgs/solid/stethoscope.svg": "/root/research/bettercap/modules/ui/ui/assets/fontawesome/svgs/solid/stethoscope.svg",
		"ui/assets/fontawesome/svgs/solid/sticky-note.svg": "/root/research/bettercap/modules/ui/ui/assets/fontawesome/svgs/solid/sticky-note.svg",
		"ui/assets/fontawesome/svgs/solid/stop-circle.svg": "/root/research/bettercap/modules/ui/ui/assets/fontawesome/svgs/solid/stop-circle.svg",
		"ui/assets/fontawesome/svgs/solid/stop.svg": "/root/research/bettercap/modules/ui/ui/assets/fontawesome/svgs/solid/stop.svg",
		"ui/assets/fontawesome/svgs/solid/stopwatch.svg": "/root/research/bettercap/modules/ui/ui/assets/fontawesome/svgs/solid/stopwatch.svg",
		"ui/assets/fontawesome/svgs/solid/store-alt.svg": "/root/research/bettercap/modules/ui/ui/assets/fontawesome/svgs/solid/store-alt.svg",
		"ui/assets/fontawesome/svgs/solid/store.svg": "/root/research/bettercap/modules/ui/ui/assets/fontawesome/svgs/solid/store.svg",
		"ui/assets/fontawesome/svgs/solid/stream.svg": "/root/research/bettercap/modules/ui/ui/assets/fontawesome/svgs/solid/stream.svg",
		"ui/assets/fontawesome/svgs/solid/street-view.svg": "/root/research/bettercap/modules/ui/ui/assets/fontawesome/svgs/solid/street-view.svg",
		"ui/assets/fontawesome/svgs/solid/strikethrough.svg": "/root/research/bettercap/modules/ui/ui/assets/fontawesome/svgs/solid/strikethrough.svg",
		"ui/assets/fontawesome/svgs/solid/stroopwafel.svg": "/root/research/bettercap/modules/ui/ui/assets/fontawesome/svgs/solid/stroopwafel.svg",
		"ui/assets/fontawesome/svgs/solid/subscript.svg": "/root/research/bettercap/modules/ui/ui/assets/fontawesome/svgs/solid/subscript.svg",
		"ui/assets/fontawesome/svgs/solid/subway.svg": "/root/research/bettercap/modules/ui/ui/assets/fontawesome/svgs/solid/subway.svg",
		"ui/assets/fontawesome/svgs/solid/suitcase-rolling.svg": "/root/research/bettercap/modules/ui/ui/assets/fontawesome/svgs/solid/suitcase-rolling.svg",
		"ui/assets/fontawesome/svgs/solid/suitcase.svg": "/root/research/bettercap/modules/ui/ui/assets/fontawesome/svgs/solid/suitcase.svg",
		"ui/assets/fontawesome/svgs/solid/sun.svg": "/root/research/bettercap/modules/ui/ui/assets/fontawesome/svgs/solid/sun.svg",
		"ui/assets/fontawesome/svgs/solid/superscript.svg": "/root/research/bettercap/modules/ui/ui/assets/fontawesome/svgs/solid/superscript.svg",
		"ui/assets/fontawesome/svgs/solid/surprise.svg": "/root/research/bettercap/modules/ui/ui/assets/fontawesome/svgs/solid/surprise.svg",
		"ui/assets/fontawesome/svgs/solid/swatchbook.svg": "/root/research/bettercap/modules/ui/ui/assets/fontawesome/svgs/solid/swatchbook.svg",
		"ui/assets/fontawesome/svgs/solid/swimmer.svg": "/root/research/bettercap/modules/ui/ui/assets/fontawesome/svgs/solid/swimmer.svg",
		"ui/assets/fontawesome/svgs/solid/swimming-pool.svg": "/root/research/bettercap/modules/ui/ui/assets/fontawesome/svgs/solid/swimming-pool.svg",
		"ui/assets/fontawesome/svgs/solid/synagogue.svg": "/root/research/bettercap/modules/ui/ui/assets/fontawesome/svgs/solid/synagogue.svg",
		"ui/assets/fontawesome/svgs/solid/sync-alt.svg": "/root/research/bettercap/modules/ui/ui/assets/fontawesome/svgs/solid/sync-alt.svg",
		"ui/assets/fontawesome/svgs/solid/sync.svg": "/root/research/bettercap/modules/ui/ui/assets/fontawesome/svgs/solid/sync.svg",
		"ui/assets/fontawesome/svgs/solid/syringe.svg": "/root/research/bettercap/modules/ui/ui/assets/fontawesome/svgs/solid/syringe.svg",
		"ui/assets/fontawesome/svgs/solid/table-tennis.svg": "/root/research/bettercap/modules/ui/ui/assets/fontawesome/svgs/solid/table-tennis.svg",
		"ui/assets/fontawesome/svgs/solid/table.svg": "/root/research/bettercap/modules/ui/ui/assets/fontawesome/svgs/solid/table.svg",
		"ui/assets/fontawesome/svgs/solid/tablet-alt.svg": "/root/research/bettercap/modules/ui/ui/assets/fontawesome/svgs/solid/tablet-alt.svg",
		"ui/assets/fontawesome/svgs/solid/tablet.svg": "/root/research/bettercap/modules/ui/ui/assets/fontawesome/svgs/solid/tablet.svg",
		"ui/assets/fontawesome/svgs/solid/tablets.svg": "/root/research/bettercap/modules/ui/ui/assets/fontawesome/svgs/solid/tablets.svg",
		"ui/assets/fontawesome/svgs/solid/tachometer-alt.svg": "/root/research/bettercap/modules/ui/ui/assets/fontawesome/svgs/solid/tachometer-alt.svg",
		"ui/assets/fontawesome/svgs/solid/tag.svg": "/root/research/bettercap/modules/ui/ui/assets/fontawesome/svgs/solid/tag.svg",
		"ui/assets/fontawesome/svgs/solid/tags.svg": "/root/research/bettercap/modules/ui/ui/assets/fontawesome/svgs/solid/tags.svg",
		"ui/assets/fontawesome/svgs/solid/tape.svg": "/root/research/bettercap/modules/ui/ui/assets/fontawesome/svgs/solid/tape.svg",
		"ui/assets/fontawesome/svgs/solid/tasks.svg": "/root/research/bettercap/modules/ui/ui/assets/fontawesome/svgs/solid/tasks.svg",
		"ui/assets/fontawesome/svgs/solid/taxi.svg": "/root/research/bettercap/modules/ui/ui/assets/fontawesome/svgs/solid/taxi.svg",
		"ui/assets/fontawesome/svgs/solid/teeth-open.svg": "/root/research/bettercap/modules/ui/ui/assets/fontawesome/svgs/solid/teeth-open.svg",
		"ui/assets/fontawesome/svgs/solid/teeth.svg": "/root/research/bettercap/modules/ui/ui/assets/fontawesome/svgs/solid/teeth.svg",
		"ui/assets/fontawesome/svgs/solid/temperature-high.svg": "/root/research/bettercap/modules/ui/ui/assets/fontawesome/svgs/solid/temperature-high.svg",
		"ui/assets/fontawesome/svgs/solid/temperature-low.svg": "/root/research/bettercap/modules/ui/ui/assets/fontawesome/svgs/solid/temperature-low.svg",
		"ui/assets/fontawesome/svgs/solid/tenge.svg": "/root/research/bettercap/modules/ui/ui/assets/fontawesome/svgs/solid/tenge.svg",
		"ui/assets/fontawesome/svgs/solid/terminal.svg": "/root/research/bettercap/modules/ui/ui/assets/fontawesome/svgs/solid/terminal.svg",
		"ui/assets/fontawesome/svgs/solid/text-height.svg": "/root/research/bettercap/modules/ui/ui/assets/fontawesome/svgs/solid/text-height.svg",
		"ui/assets/fontawesome/svgs/solid/text-width.svg": "/root/research/bettercap/modules/ui/ui/assets/fontawesome/svgs/solid/text-width.svg",
		"ui/assets/fontawesome/svgs/solid/th-large.svg": "/root/research/bettercap/modules/ui/ui/assets/fontawesome/svgs/solid/th-large.svg",
		"ui/assets/fontawesome/svgs/solid/th-list.svg": "/root/research/bettercap/modules/ui/ui/assets/fontawesome/svgs/solid/th-list.svg",
		"ui/assets/fontawesome/svgs/solid/th.svg": "/root/research/bettercap/modules/ui/ui/assets/fontawesome/svgs/solid/th.svg",
		"ui/assets/fontawesome/svgs/solid/theater-masks.svg": "/root/research/bettercap/modules/ui/ui/assets/fontawesome/svgs/solid/theater-masks.svg",
		"ui/assets/fontawesome/svgs/solid/thermometer-empty.svg": "/root/research/bettercap/modules/ui/ui/assets/fontawesome/svgs/solid/thermometer-empty.svg",
		"ui/assets/fontawesome/svgs/solid/thermometer-full.svg": "/root/research/bettercap/modules/ui/ui/assets/fontawesome/svgs/solid/thermometer-full.svg",
		"ui/assets/fontawesome/svgs/solid/thermometer-half.svg": "/root/research/bettercap/modules/ui/ui/assets/fontawesome/svgs/solid/thermometer-half.svg",
		"ui/assets/fontawesome/svgs/solid/thermometer-quarter.svg": "/root/research/bettercap/modules/ui/ui/assets/fontawesome/svgs/solid/thermometer-quarter.svg",
		"ui/assets/fontawesome/svgs/solid/thermometer-three-quarters.svg": "/root/research/bettercap/modules/ui/ui/assets/fontawesome/svgs/solid/thermometer-three-quarters.svg",
		"ui/assets/fontawesome/svgs/solid/thermometer.svg": "/root/research/bettercap/modules/ui/ui/assets/fontawesome/svgs/solid/thermometer.svg",
		"ui/assets/fontawesome/svgs/solid/thumbs-down.svg": "/root/research/bettercap/modules/ui/ui/assets/fontawesome/svgs/solid/thumbs-down.svg",
		"ui/assets/fontawesome/svgs/solid/thumbs-up.svg": "/root/research/bettercap/modules/ui/ui/assets/fontawesome/svgs/solid/thumbs-up.svg",
		"ui/assets/fontawesome/svgs/solid/thumbtack.svg": "/root/research/bettercap/modules/ui/ui/assets/fontawesome/svgs/solid/thumbtack.svg",
		"ui/assets/fontawesome/svgs/solid/ticket-alt.svg": "/root/research/bettercap/modules/ui/ui/assets/fontawesome/svgs/solid/ticket-alt.svg",
		"ui/assets/fontawesome/svgs/solid/times-circle.svg": "/root/research/bettercap/modules/ui/ui/assets/fontawesome/svgs/solid/times-circle.svg",
		"ui/assets/fontawesome/svgs/solid/times.svg": "/root/research/bettercap/modules/ui/ui/assets/fontawesome/svgs/solid/times.svg",
		"ui/assets/fontawesome/svgs/solid/tint-slash.svg": "/root/research/bettercap/modules/ui/ui/assets/fontawesome/svgs/solid/tint-slash.svg",
		"ui/assets/fontawesome/svgs/solid/tint.svg": "/root/research/bettercap/modules/ui/ui/assets/fontawesome/svgs/solid/tint.svg",
		"ui/assets/fontawesome/svgs/solid/tired.svg": "/root/research/bettercap/modules/ui/ui/assets/fontawesome/svgs/solid/tired.svg",
		"ui/assets/fontawesome/svgs/solid/toggle-off.svg": "/root/research/bettercap/modules/ui/ui/assets/fontawesome/svgs/solid/toggle-off.svg",
		"ui/assets/fontawesome/svgs/solid/toggle-on.svg": "/root/research/bettercap/modules/ui/ui/assets/fontawesome/svgs/solid/toggle-on.svg",
		"ui/assets/fontawesome/svgs/solid/toilet-paper.svg": "/root/research/bettercap/modules/ui/ui/assets/fontawesome/svgs/solid/toilet-paper.svg",
		"ui/assets/fontawesome/svgs/solid/toilet.svg": "/root/research/bettercap/modules/ui/ui/assets/fontawesome/svgs/solid/toilet.svg",
		"ui/assets/fontawesome/svgs/solid/toolbox.svg": "/root/research/bettercap/modules/ui/ui/assets/fontawesome/svgs/solid/toolbox.svg",
		"ui/assets/fontawesome/svgs/solid/tools.svg": "/root/research/bettercap/modules/ui/ui/assets/fontawesome/svgs/solid/tools.svg",
		"ui/assets/fontawesome/svgs/solid/tooth.svg": "/root/research/bettercap/modules/ui/ui/assets/fontawesome/svgs/solid/tooth.svg",
		"ui/assets/fontawesome/svgs/solid/torah.svg": "/root/research/bettercap/modules/ui/ui/assets/fontawesome/svgs/solid/torah.svg",
		"ui/assets/fontawesome/svgs/solid/torii-gate.svg": "/root/research/bettercap/modules/ui/ui/assets/fontawesome/svgs/solid/torii-gate.svg",
		"ui/assets/fontawesome/svgs/solid/tractor.svg": "/root/research/bettercap/modules/ui/ui/assets/fontawesome/svgs/solid/tractor.svg",
		"ui/assets/fontawesome/svgs/solid/trademark.svg": "/root/research/bettercap/modules/ui/ui/assets/fontawesome/svgs/solid/trademark.svg",
		"ui/assets/fontawesome/svgs/solid/traffic-light.svg": "/root/research/bettercap/modules/ui/ui/assets/fontawesome/svgs/solid/traffic-light.svg",
		"ui/assets/fontawesome/svgs/solid/train.svg": "/root/research/bettercap/modules/ui/ui/assets/fontawesome/svgs/solid/train.svg",
		"ui/assets/fontawesome/svgs/solid/tram.svg": "/root/research/bettercap/modules/ui/ui/assets/fontawesome/svgs/solid/tram.svg",
		"ui/assets/fontawesome/svgs/solid/transgender-alt.svg": "/root/research/bettercap/modules/ui/ui/assets/fontawesome/svgs/solid/transgender-alt.svg",
		"ui/assets/fontawesome/svgs/solid/transgender.svg": "/root/research/bettercap/modules/ui/ui/assets/fontawesome/svgs/solid/transgender.svg",
		"ui/assets/fontawesome/svgs/solid/trash-alt.svg": "/root/research/bettercap/modules/ui/ui/assets/fontawesome/svgs/solid/trash-alt.svg",
		"ui/assets/fontawesome/svgs/solid/trash-restore-alt.svg": "/root/research/bettercap/modules/ui/ui/assets/fontawesome/svgs/solid/trash-restore-alt.svg",
		"ui/assets/fontawesome/svgs/solid/trash-restore.svg": "/root/research/bettercap/modules/ui/ui/assets/fontawesome/svgs/solid/trash-restore.svg",
		"ui/assets/fontawesome/svgs/solid/trash.svg": "/root/research/bettercap/modules/ui/ui/assets/fontawesome/svgs/solid/trash.svg",
		"ui/assets/fontawesome/svgs/solid/tree.svg": "/root/research/bettercap/modules/ui/ui/assets/fontawesome/svgs/solid/tree.svg",
		"ui/assets/fontawesome/svgs/solid/trophy.svg": "/root/research/bettercap/modules/ui/ui/assets/fontawesome/svgs/solid/trophy.svg",
		"ui/assets/fontawesome/svgs/solid/truck-loading.svg": "/root/research/bettercap/modules/ui/ui/assets/fontawesome/svgs/solid/truck-loading.svg",
		"ui/assets/fontawesome/svgs/solid/truck-monster.svg": "/root/research/bettercap/modules/ui/ui/assets/fontawesome/svgs/solid/truck-monster.svg",
		"ui/assets/fontawesome/svgs/solid/truck-moving.svg": "/root/research/bettercap/modules/ui/ui/assets/fontawesome/svgs/solid/truck-moving.svg",
		"ui/assets/fontawesome/svgs/solid/truck-pickup.svg": "/root/research/bettercap/modules/ui/ui/assets/fontawesome/svgs/solid/truck-pickup.svg",
		"ui/assets/fontawesome/svgs/solid/truck.svg": "/root/research/bettercap/modules/ui/ui/assets/fontawesome/svgs/solid/truck.svg",
		"ui/assets/fontawesome/svgs/solid/tshirt.svg": "/root/research/bettercap/modules/ui/ui/assets/fontawesome/svgs/solid/tshirt.svg",
		"ui/assets/fontawesome/svgs/solid/tty.svg": "/root/research/bettercap/modules/ui/ui/assets/fontawesome/svgs/solid/tty.svg",
		"ui/assets/fontawesome/svgs/solid/tv.svg": "/root/research/bettercap/modules/ui/ui/assets/fontawesome/svgs/solid/tv.svg",
		"ui/assets/fontawesome/svgs/solid/umbrella-beach.svg": "/root/research/bettercap/modules/ui/ui/assets/fontawesome/svgs/solid/umbrella-beach.svg",
		"ui/assets/fontawesome/svgs/solid/umbrella.svg": "/root/research/bettercap/modules/ui/ui/assets/fontawesome/svgs/solid/umbrella.svg",
		"ui/assets/fontawesome/svgs/solid/underline.svg": "/root/research/bettercap/modules/ui/ui/assets/fontawesome/svgs/solid/underline.svg",
		"ui/assets/fontawesome/svgs/solid/undo-alt.svg": "/root/research/bettercap/modules/ui/ui/assets/fontawesome/svgs/solid/undo-alt.svg",
		"ui/assets/fontawesome/svgs/solid/undo.svg": "/root/research/bettercap/modules/ui/ui/assets/fontawesome/svgs/solid/undo.svg",
		"ui/assets/fontawesome/svgs/solid/universal-access.svg": "/root/research/bettercap/modules/ui/ui/assets/fontawesome/svgs/solid/universal-access.svg",
		"ui/assets/fontawesome/svgs/solid/university.svg": "/root/research/bettercap/modules/ui/ui/assets/fontawesome/svgs/solid/university.svg",
		"ui/assets/fontawesome/svgs/solid/unlink.svg": "/root/research/bettercap/modules/ui/ui/assets/fontawesome/svgs/solid/unlink.svg",
		"ui/assets/fontawesome/svgs/solid/unlock-alt.svg": "/root/research/bettercap/modules/ui/ui/assets/fontawesome/svgs/solid/unlock-alt.svg",
		"ui/assets/fontawesome/svgs/solid/unlock.svg": "/root/research/bettercap/modules/ui/ui/assets/fontawesome/svgs/solid/unlock.svg",
		"ui/assets/fontawesome/svgs/solid/upload.svg": "/root/research/bettercap/modules/ui/ui/assets/fontawesome/svgs/solid/upload.svg",
		"ui/assets/fontawesome/svgs/solid/user-alt-slash.svg": "/root/research/bettercap/modules/ui/ui/assets/fontawesome/svgs/solid/user-alt-slash.svg",
		"ui/assets/fontawesome/svgs/solid/user-alt.svg": "/root/research/bettercap/modules/ui/ui/assets/fontawesome/svgs/solid/user-alt.svg",
		"ui/assets/fontawesome/svgs/solid/user-astronaut.svg": "/root/research/bettercap/modules/ui/ui/assets/fontawesome/svgs/solid/user-astronaut.svg",
		"ui/assets/fontawesome/svgs/solid/user-check.svg": "/root/research/bettercap/modules/ui/ui/assets/fontawesome/svgs/solid/user-check.svg",
		"ui/assets/fontawesome/svgs/solid/user-circle.svg": "/root/research/bettercap/modules/ui/ui/assets/fontawesome/svgs/solid/user-circle.svg",
		"ui/assets/fontawesome/svgs/solid/user-clock.svg": "/root/research/bettercap/modules/ui/ui/assets/fontawesome/svgs/solid/user-clock.svg",
		"ui/assets/fontawesome/svgs/solid/user-cog.svg": "/root/research/bettercap/modules/ui/ui/assets/fontawesome/svgs/solid/user-cog.svg",
		"ui/assets/fontawesome/svgs/solid/user-edit.svg": "/root/research/bettercap/modules/ui/ui/assets/fontawesome/svgs/solid/user-edit.svg",
		"ui/assets/fontawesome/svgs/solid/user-friends.svg": "/root/research/bettercap/modules/ui/ui/assets/fontawesome/svgs/solid/user-friends.svg",
		"ui/assets/fontawesome/svgs/solid/user-graduate.svg": "/root/research/bettercap/modules/ui/ui/assets/fontawesome/svgs/solid/user-graduate.svg",
		"ui/assets/fontawesome/svgs/solid/user-injured.svg": "/root/research/bettercap/modules/ui/ui/assets/fontawesome/svgs/solid/user-injured.svg",
		"ui/assets/fontawesome/svgs/solid/user-lock.svg": "/root/research/bettercap/modules/ui/ui/assets/fontawesome/svgs/solid/user-lock.svg",
		"ui/assets/fontawesome/svgs/solid/user-md.svg": "/root/research/bettercap/modules/ui/ui/assets/fontawesome/svgs/solid/user-md.svg",
		"ui/assets/fontawesome/svgs/solid/user-minus.svg": "/root/research/bettercap/modules/ui/ui/assets/fontawesome/svgs/solid/user-minus.svg",
		"ui/assets/fontawesome/svgs/solid/user-ninja.svg": "/root/research/bettercap/modules/ui/ui/assets/fontawesome/svgs/solid/user-ninja.svg",
		"ui/assets/fontawesome/svgs/solid/user-nurse.svg": "/root/research/bettercap/modules/ui/ui/assets/fontawesome/svgs/solid/user-nurse.svg",
		"ui/assets/fontawesome/svgs/solid/user-plus.svg": "/root/research/bettercap/modules/ui/ui/assets/fontawesome/svgs/solid/user-plus.svg",
		"ui/assets/fontawesome/svgs/solid/user-secret.svg": "/root/research/bettercap/modules/ui/ui/assets/fontawesome/svgs/solid/user-secret.svg",
		"ui/assets/fontawesome/svgs/solid/user-shield.svg": "/root/research/bettercap/modules/ui/ui/assets/fontawesome/svgs/solid/user-shield.svg",
		"ui/assets/fontawesome/svgs/solid/user-slash.svg": "/root/research/bettercap/modules/ui/ui/assets/fontawesome/svgs/solid/user-slash.svg",
		"ui/assets/fontawesome/svgs/solid/user-tag.svg": "/root/research/bettercap/modules/ui/ui/assets/fontawesome/svgs/solid/user-tag.svg",
		"ui/assets/fontawesome/svgs/solid/user-tie.svg": "/root/research/bettercap/modules/ui/ui/assets/fontawesome/svgs/solid/user-tie.svg",
		"ui/assets/fontawesome/svgs/solid/user-times.svg": "/root/research/bettercap/modules/ui/ui/assets/fontawesome/svgs/solid/user-times.svg",
		"ui/assets/fontawesome/svgs/solid/user.svg": "/root/research/bettercap/modules/ui/ui/assets/fontawesome/svgs/solid/user.svg",
		"ui/assets/fontawesome/svgs/solid/users-cog.svg": "/root/research/bettercap/modules/ui/ui/assets/fontawesome/svgs/solid/users-cog.svg",
		"ui/assets/fontawesome/svgs/solid/users.svg": "/root/research/bettercap/modules/ui/ui/assets/fontawesome/svgs/solid/users.svg",
		"ui/assets/fontawesome/svgs/solid/utensil-spoon.svg": "/root/research/bettercap/modules/ui/ui/assets/fontawesome/svgs/solid/utensil-spoon.svg",
		"ui/assets/fontawesome/svgs/solid/utensils.svg": "/root/research/bettercap/modules/ui/ui/assets/fontawesome/svgs/solid/utensils.svg",
		"ui/assets/fontawesome/svgs/solid/vector-square.svg": "/root/research/bettercap/modules/ui/ui/assets/fontawesome/svgs/solid/vector-square.svg",
		"ui/assets/fontawesome/svgs/solid/venus-double.svg": "/root/research/bettercap/modules/ui/ui/assets/fontawesome/svgs/solid/venus-double.svg",
		"ui/assets/fontawesome/svgs/solid/venus-mars.svg": "/root/research/bettercap/modules/ui/ui/assets/fontawesome/svgs/solid/venus-mars.svg",
		"ui/assets/fontawesome/svgs/solid/venus.svg": "/root/research/bettercap/modules/ui/ui/assets/fontawesome/svgs/solid/venus.svg",
		"ui/assets/fontawesome/svgs/solid/vial.svg": "/root/research/bettercap/modules/ui/ui/assets/fontawesome/svgs/solid/vial.svg",
		"ui/assets/fontawesome/svgs/solid/vials.svg": "/root/research/bettercap/modules/ui/ui/assets/fontawesome/svgs/solid/vials.svg",
		"ui/assets/fontawesome/svgs/solid/video-slash.svg": "/root/research/bettercap/modules/ui/ui/assets/fontawesome/svgs/solid/video-slash.svg",
		"ui/assets/fontawesome/svgs/solid/video.svg": "/root/research/bettercap/modules/ui/ui/assets/fontawesome/svgs/solid/video.svg",
		"ui/assets/fontawesome/svgs/solid/vihara.svg": "/root/research/bettercap/modules/ui/ui/assets/fontawesome/svgs/solid/vihara.svg",
		"ui/assets/fontawesome/svgs/solid/volleyball-ball.svg": "/root/research/bettercap/modules/ui/ui/assets/fontawesome/svgs/solid/volleyball-ball.svg",
		"ui/assets/fontawesome/svgs/solid/volume-down.svg": "/root/research/bettercap/modules/ui/ui/assets/fontawesome/svgs/solid/volume-down.svg",
		"ui/assets/fontawesome/svgs/solid/volume-mute.svg": "/root/research/bettercap/modules/ui/ui/assets/fontawesome/svgs/solid/volume-mute.svg",
		"ui/assets/fontawesome/svgs/solid/volume-off.svg": "/root/research/bettercap/modules/ui/ui/assets/fontawesome/svgs/solid/volume-off.svg",
		"ui/assets/fontawesome/svgs/solid/volume-up.svg": "/root/research/bettercap/modules/ui/ui/assets/fontawesome/svgs/solid/volume-up.svg",
		"ui/assets/fontawesome/svgs/solid/vote-yea.svg": "/root/research/bettercap/modules/ui/ui/assets/fontawesome/svgs/solid/vote-yea.svg",
		"ui/assets/fontawesome/svgs/solid/vr-cardboard.svg": "/root/research/bettercap/modules/ui/ui/assets/fontawesome/svgs/solid/vr-cardboard.svg",
		"ui/assets/fontawesome/svgs/solid/walking.svg": "/root/research/bettercap/modules/ui/ui/assets/fontawesome/svgs/solid/walking.svg",
		"ui/assets/fontawesome/svgs/solid/wallet.svg": "/root/research/bettercap/modules/ui/ui/assets/fontawesome/svgs/solid/wallet.svg",
		"ui/assets/fontawesome/svgs/solid/warehouse.svg": "/root/research/bettercap/modules/ui/ui/assets/fontawesome/svgs/solid/warehouse.svg",
		"ui/assets/fontawesome/svgs/solid/water.svg": "/root/research/bettercap/modules/ui/ui/assets/fontawesome/svgs/solid/water.svg",
		"ui/assets/fontawesome/svgs/solid/wave-square.svg": "/root/research/bettercap/modules/ui/ui/assets/fontawesome/svgs/solid/wave-square.svg",
		"ui/assets/fontawesome/svgs/solid/weight-hanging.svg": "/root/research/bettercap/modules/ui/ui/assets/fontawesome/svgs/solid/weight-hanging.svg",
		"ui/assets/fontawesome/svgs/solid/weight.svg": "/root/research/bettercap/modules/ui/ui/assets/fontawesome/svgs/solid/weight.svg",
		"ui/assets/fontawesome/svgs/solid/wheelchair.svg": "/root/research/bettercap/modules/ui/ui/assets/fontawesome/svgs/solid/wheelchair.svg",
		"ui/assets/fontawesome/svgs/solid/wifi.svg": "/root/research/bettercap/modules/ui/ui/assets/fontawesome/svgs/solid/wifi.svg",
		"ui/assets/fontawesome/svgs/solid/wind.svg": "/root/research/bettercap/modules/ui/ui/assets/fontawesome/svgs/solid/wind.svg",
		"ui/assets/fontawesome/svgs/solid/window-close.svg": "/root/research/bettercap/modules/ui/ui/assets/fontawesome/svgs/solid/window-close.svg",
		"ui/assets/fontawesome/svgs/solid/window-maximize.svg": "/root/research/bettercap/modules/ui/ui/assets/fontawesome/svgs/solid/window-maximize.svg",
		"ui/assets/fontawesome/svgs/solid/window-minimize.svg": "/root/research/bettercap/modules/ui/ui/assets/fontawesome/svgs/solid/window-minimize.svg",
		"ui/assets/fontawesome/svgs/solid/window-restore.svg": "/root/research/bettercap/modules/ui/ui/assets/fontawesome/svgs/solid/window-restore.svg",
		"ui/assets/fontawesome/svgs/solid/wine-bottle.svg": "/root/research/bettercap/modules/ui/ui/assets/fontawesome/svgs/solid/wine-bottle.svg",
		"ui/assets/fontawesome/svgs/solid/wine-glass-alt.svg": "/root/research/bettercap/modules/ui/ui/assets/fontawesome/svgs/solid/wine-glass-alt.svg",
		"ui/assets/fontawesome/svgs/solid/wine-glass.svg": "/root/research/bettercap/modules/ui/ui/assets/fontawesome/svgs/solid/wine-glass.svg",
		"ui/assets/fontawesome/svgs/solid/won-sign.svg": "/root/research/bettercap/modules/ui/ui/assets/fontawesome/svgs/solid/won-sign.svg",
		"ui/assets/fontawesome/svgs/solid/wrench.svg": "/root/research/bettercap/modules/ui/ui/assets/fontawesome/svgs/solid/wrench.svg",
		"ui/assets/fontawesome/svgs/solid/x-ray.svg": "/root/research/bettercap/modules/ui/ui/assets/fontawesome/svgs/solid/x-ray.svg",
		"ui/assets/fontawesome/svgs/solid/yen-sign.svg": "/root/research/bettercap/modules/ui/ui/assets/fontawesome/svgs/solid/yen-sign.svg",
		"ui/assets/fontawesome/svgs/solid/yin-yang.svg": "/root/research/bettercap/modules/ui/ui/assets/fontawesome/svgs/solid/yin-yang.svg",
		"ui/assets/fontawesome/webfonts/fa-brands-400.eot": "/root/research/bettercap/modules/ui/ui/assets/fontawesome/webfonts/fa-brands-400.eot",
		"ui/assets/fontawesome/webfonts/fa-brands-400.svg": "/root/research/bettercap/modules/ui/ui/assets/fontawesome/webfonts/fa-brands-400.svg",
		"ui/assets/fontawesome/webfonts/fa-brands-400.ttf": "/root/research/bettercap/modules/ui/ui/assets/fontawesome/webfonts/fa-brands-400.ttf",
		"ui/assets/fontawesome/webfonts/fa-brands-400.woff": "/root/research/bettercap/modules/ui/ui/assets/fontawesome/webfonts/fa-brands-400.woff",
		"ui/assets/fontawesome/webfonts/fa-brands-400.woff2": "/root/research/bettercap/modules/ui/ui/assets/fontawesome/webfonts/fa-brands-400.woff2",
		"ui/assets/fontawesome/webfonts/fa-regular-400.eot": "/root/research/bettercap/modules/ui/ui/assets/fontawesome/webfonts/fa-regular-400.eot",
		"ui/assets/fontawesome/webfonts/fa-regular-400.svg": "/root/research/bettercap/modules/ui/ui/assets/fontawesome/webfonts/fa-regular-400.svg",
		"ui/assets/fontawesome/webfonts/fa-regular-400.ttf": "/root/research/bettercap/modules/ui/ui/assets/fontawesome/webfonts/fa-regular-400.ttf",
		"ui/assets/fontawesome/webfonts/fa-regular-400.woff": "/root/research/bettercap/modules/ui/ui/assets/fontawesome/webfonts/fa-regular-400.woff",
		"ui/assets/fontawesome/webfonts/fa-regular-400.woff2": "/root/research/bettercap/modules/ui/ui/assets/fontawesome/webfonts/fa-regular-400.woff2",
		"ui/assets/fontawesome/webfonts/fa-solid-900.eot": "/root/research/bettercap/modules/ui/ui/assets/fontawesome/webfonts/fa-solid-900.eot",
		"ui/assets/fontawesome/webfonts/fa-solid-900.svg": "/root/research/bettercap/modules/ui/ui/assets/fontawesome/webfonts/fa-solid-900.svg",
		"ui/assets/fontawesome/webfonts/fa-solid-900.ttf": "/root/research/bettercap/modules/ui/ui/assets/fontawesome/webfonts/fa-solid-900.ttf",
		"ui/assets/fontawesome/webfonts/fa-solid-900.woff": "/root/research/bettercap/modules/ui/ui/assets/fontawesome/webfonts/fa-solid-900.woff",
		"ui/assets/fontawesome/webfonts/fa-solid-900.woff2": "/root/research/bettercap/modules/ui/ui/assets/fontawesome/webfonts/fa-solid-900.woff2",
		"ui/assets/images/android.svg": "/root/research/bettercap/modules/ui/ui/assets/images/android.svg",
		"ui/assets/images/gateway.svg": "/root/research/bettercap/modules/ui/ui/assets/images/gateway.svg",
		"ui/assets/images/logo.png": "/root/research/bettercap/modules/ui/ui/assets/images/logo.png",
		"ui/assets/openlayers/ol.css": "/root/research/bettercap/modules/ui/ui/assets/openlayers/ol.css",
		"ui/assets/openlayers/ol.js": "/root/research/bettercap/modules/ui/ui/assets/openlayers/ol.js",
		"ui/fa-brands-400.eot": "/root/research/bettercap/modules/ui/ui/fa-brands-400.eot",
		"ui/fa-brands-400.svg": "/root/research/bettercap/modules/ui/ui/fa-brands-400.svg",
		"ui/fa-brands-400.ttf": "/root/research/bettercap/modules/ui/ui/fa-brands-400.ttf",
		"ui/fa-brands-400.woff": "/root/research/bettercap/modules/ui/ui/fa-brands-400.woff",
		"ui/fa-brands-400.woff2": "/root/research/bettercap/modules/ui/ui/fa-brands-400.woff2",
		"ui/fa-regular-400.eot": "/root/research/bettercap/modules/ui/ui/fa-regular-400.eot",
		"ui/fa-regular-400.svg": "/root/research/bettercap/modules/ui/ui/fa-regular-400.svg",
		"ui/fa-regular-400.ttf": "/root/research/bettercap/modules/ui/ui/fa-regular-400.ttf",
		"ui/fa-regular-400.woff": "/root/research/bettercap/modules/ui/ui/fa-regular-400.woff",
		"ui/fa-regular-400.woff2": "/root/research/bettercap/modules/ui/ui/fa-regular-400.woff2",
		"ui/fa-solid-900.eot": "/root/research/bettercap/modules/ui/ui/fa-solid-900.eot",
		"ui/fa-solid-900.svg": "/root/research/bettercap/modules/ui/ui/fa-solid-900.svg",
		"ui/fa-solid-900.ttf": "/root/research/bettercap/modules/ui/ui/fa-solid-900.ttf",
		"ui/fa-solid-900.woff": "/root/research/bettercap/modules/ui/ui/fa-solid-900.woff",
		"ui/fa-solid-900.woff2": "/root/research/bettercap/modules/ui/ui/fa-solid-900.woff2",
		"ui/favicon.ico": "/root/research/bettercap/modules/ui/ui/favicon.ico",
		"ui/index.html": "/root/research/bettercap/modules/ui/ui/index.html",
		"ui/main.js": "/root/research/bettercap/modules/ui/ui/main.js",
		"ui/main.js.map": "/root/research/bettercap/modules/ui/ui/main.js.map",
		"ui/polyfills.js": "/root/research/bettercap/modules/ui/ui/polyfills.js",
		"ui/polyfills.js.map": "/root/research/bettercap/modules/ui/ui/polyfills.js.map",
		"ui/runtime.js": "/root/research/bettercap/modules/ui/ui/runtime.js",
		"ui/runtime.js.map": "/root/research/bettercap/modules/ui/ui/runtime.js.map",
		"ui/scripts.js": "/root/research/bettercap/modules/ui/ui/scripts.js",
		"ui/scripts.js.map": "/root/research/bettercap/modules/ui/ui/scripts.js.map",
		"ui/styles.js": "/root/research/bettercap/modules/ui/ui/styles.js",
		"ui/styles.js.map": "/root/research/bettercap/modules/ui/ui/styles.js.map",
		"ui/vendor.js": "/root/research/bettercap/modules/ui/ui/vendor.js",
		"ui/vendor.js.map": "/root/research/bettercap/modules/ui/ui/vendor.js.map"
	}
}EOF
/root/go/pkg/mod/golang.org/toolchain@v0.0.1-go1.24.4.linux-amd64/pkg/tool/linux_amd64/compile -o $WORK/b369/_pkg_.a -trimpath "$WORK/b369=>" -p github.com/bettercap/bettercap/v2/modules/ui -lang=go1.23 -complete -buildid mQP3t4LVf2UHIaFTsWeS/mQP3t4LVf2UHIaFTsWeS -goversion go1.24.4 -c=4 -shared -nolocalimports -importcfg $WORK/b369/importcfg -embedcfg $WORK/b369/embedcfg -pack ./modules/ui/ui.go
/root/go/pkg/mod/golang.org/toolchain@v0.0.1-go1.24.4.linux-amd64/pkg/tool/linux_amd64/buildid -w $WORK/b295/_pkg_.a # internal
cp $WORK/b295/_pkg_.a /root/.cache/go-build/e3/e3a3f11a2e3bae99bda9963cc80bbb4ec48d72627864fd8d3008f4242ae74c02-d # internal
github.com/bettercap/bettercap/v2/modules/events_stream
mkdir -p $WORK/b262/
github.com/bettercap/bettercap/v2/modules/graph
mkdir -p $WORK/b331/
cat >/tmp/go-build29350899/b262/importcfg << 'EOF' # internal
# import config
packagefile bytes=/root/.cache/go-build/8c/8c78606d7559108bcee9cc2c220ab1acb975eb468c7c2ffdcbe7f8fbfde5e0f2-d
packagefile compress/gzip=/root/.cache/go-build/58/585db37069083975ddbefa5d3a351217d401bba55b85997b274d72b1443ee858-d
packagefile encoding/hex=/root/.cache/go-build/88/8894c4977c5ac399a7df03ea49c420d6455b77825225b9d8ef6024dbcba4a317-d
packagefile encoding/json=/root/.cache/go-build/bd/bde971ea3855d832695652a556a597377b978eacbde032d003254128a1f19cc4-d
packagefile fmt=/root/.cache/go-build/49/4968b44b691d284d426af1baebb3b3d5752072363ef1bee827ed0f740d3a8c7e-d
packagefile github.com/antchfx/jsonquery=/root/.cache/go-build/37/377558a499955265c641c3230f6ca7a092463d8fb647315d31ea532b66af35b4-d
packagefile github.com/bettercap/bettercap/v2/modules/can=/tmp/go-build29350899/b267/_pkg_.a
packagefile github.com/bettercap/bettercap/v2/modules/net_sniff=/tmp/go-build29350899/b287/_pkg_.a
packagefile github.com/bettercap/bettercap/v2/modules/syn_scan=/tmp/go-build29350899/b288/_pkg_.a
packagefile github.com/bettercap/bettercap/v2/modules/wifi=/tmp/go-build29350899/b295/_pkg_.a
packagefile github.com/bettercap/bettercap/v2/modules/zerogod=/tmp/go-build29350899/b297/_pkg_.a
packagefile github.com/bettercap/bettercap/v2/network=/tmp/go-build29350899/b075/_pkg_.a
packagefile github.com/bettercap/bettercap/v2/session=/tmp/go-build29350899/b126/_pkg_.a
packagefile github.com/dustin/go-humanize=/root/.cache/go-build/bd/bdbee98e2175ac89b237136144df8e6b8793a901a1eb46c33ab166345b4e8318-d
packagefile github.com/evilsocket/islazy/fs=/root/.cache/go-build/30/30be4f8ab5fe5182d6e4b848bd9333ee918ad9e1034d33fdc05f808d605e1db1-d
packagefile github.com/evilsocket/islazy/ops=/root/.cache/go-build/e8/e80375a6521f58547abe9c96abc4b4fdb61fb49b9265fca8844e816c5d4b17d0-d
packagefile github.com/evilsocket/islazy/str=/root/.cache/go-build/9f/9f2d016df65d0865c72a7a459f03257b337de1d7ce40135c0001d0b47c83b456-d
packagefile github.com/evilsocket/islazy/tui=/root/.cache/go-build/d0/d0d7ac00e7634e7ee7fb092ea5bedf57881a018cf70567c895796602c7a1812b-d
packagefile github.com/evilsocket/islazy/zip=/root/.cache/go-build/63/63b5aa9e0476bad41f25e0c9238ddbce259c46ad1eb6a1216609c78c232726e6-d
packagefile github.com/google/go-github/github=/root/.cache/go-build/ea/ea747e698808840c20de70d84dbb5637d7f7b78b4c57676cb59bd8a4080c7c5b-d
packagefile io=/root/.cache/go-build/19/194487409864eb31dab0c57813b847117386f5d18b4d7d5f2ce9a1639c147f14-d
packagefile net/url=/root/.cache/go-build/14/14fe89de715018175cfd277768407d0fcd44b22f6463eda49c2a4883a6036b90-d
packagefile os=/root/.cache/go-build/a7/a7bbbbd3ff27efca31bc0028bd35c5d6308c277bde7022d8aa2046ab49d7742f-d
packagefile regexp=/root/.cache/go-build/be/bed3b499ba0d1d4d2732e9b3e9e1170f062c76346a6050691d11fac54018c80e-d
packagefile strconv=/root/.cache/go-build/e5/e5bd11f9b8c60d4473dcb1923861ef465c38a079680d0f4755d3533985e61a72-d
packagefile strings=/root/.cache/go-build/a9/a97f8a8181a9c583fc013703f277d8f35d080bc38f4420b3e9d5d5ed67b9aa42-d
packagefile sync=/root/.cache/go-build/0e/0e1a7f9e3eb922d751c6afb97f22633a331e2bba16bc1bd4e5ba1542c99f7658-d
packagefile time=/root/.cache/go-build/82/8293c45673dea5a2afe9dcfcf5d2fe013cbf1ce1f5df0b1b9feb6b7ffcc7af39-d
EOF
/root/go/pkg/mod/golang.org/toolchain@v0.0.1-go1.24.4.linux-amd64/pkg/tool/linux_amd64/compile -o $WORK/b262/_pkg_.a -trimpath "$WORK/b262=>" -p github.com/bettercap/bettercap/v2/modules/events_stream -lang=go1.23 -complete -buildid Ub951aR-G-pxA8Bwh3AA/Ub951aR-G-pxA8Bwh3AA -goversion go1.24.4 -c=4 -shared -nolocalimports -importcfg $WORK/b262/importcfg -pack ./modules/events_stream/events_rotation.go ./modules/events_stream/events_stream.go ./modules/events_stream/events_triggers.go ./modules/events_stream/events_view.go ./modules/events_stream/events_view_ble.go ./modules/events_stream/events_view_can.go ./modules/events_stream/events_view_gateway.go ./modules/events_stream/events_view_gps.go ./modules/events_stream/events_view_hid.go ./modules/events_stream/events_view_http.go ./modules/events_stream/events_view_wifi.go ./modules/events_stream/events_view_zeroconf.go ./modules/events_stream/trigger_list.go
cat >/tmp/go-build29350899/b331/importcfg << 'EOF' # internal
# import config
packagefile encoding/json=/root/.cache/go-build/bd/bde971ea3855d832695652a556a597377b978eacbde032d003254128a1f19cc4-d
packagefile fmt=/root/.cache/go-build/49/4968b44b691d284d426af1baebb3b3d5752072363ef1bee827ed0f740d3a8c7e-d
packagefile github.com/bettercap/bettercap/v2/caplets=/root/.cache/go-build/05/053764e0d17c198cd3ec656cfe74b75a153682c9a15dfd443fbe71cfd930c367-d
packagefile github.com/bettercap/bettercap/v2/log=/root/.cache/go-build/15/1587a4c7bc569e9104eed6eaa843646b15463381d1a036260c5db3dbd21acf44-d
packagefile github.com/bettercap/bettercap/v2/modules/wifi=/tmp/go-build29350899/b295/_pkg_.a
packagefile github.com/bettercap/bettercap/v2/network=/tmp/go-build29350899/b075/_pkg_.a
packagefile github.com/bettercap/bettercap/v2/session=/tmp/go-build29350899/b126/_pkg_.a
packagefile github.com/evilsocket/islazy/fs=/root/.cache/go-build/30/30be4f8ab5fe5182d6e4b848bd9333ee918ad9e1034d33fdc05f808d605e1db1-d
packagefile github.com/evilsocket/islazy/plugin=/root/.cache/go-build/24/242819aa40adc9f6d950c268dfe94ad681cde36717ebd056841ccb63ac82f69c-d
packagefile github.com/evilsocket/islazy/str=/root/.cache/go-build/9f/9f2d016df65d0865c72a7a459f03257b337de1d7ce40135c0001d0b47c83b456-d
packagefile io/ioutil=/root/.cache/go-build/15/153a4cb81e2ea154a1d11ab9f2da899742fd42fec6165b372bb8d49a69bb32df-d
packagefile os=/root/.cache/go-build/a7/a7bbbbd3ff27efca31bc0028bd35c5d6308c277bde7022d8aa2046ab49d7742f-d
packagefile path=/root/.cache/go-build/05/052da275ef56179bcfd61946639308391ee11782caacda5802d252d843fcf7f3-d
packagefile path/filepath=/root/.cache/go-build/fb/fb1423b2ddb6a228c5af3670265ac57b0d320637ba764d90e94882b0b0decb7d-d
packagefile regexp=/root/.cache/go-build/be/bed3b499ba0d1d4d2732e9b3e9e1170f062c76346a6050691d11fac54018c80e-d
packagefile sort=/root/.cache/go-build/ae/aeccec3e3d3df27feaee072f8da3b09c5242572fdb98b11f4cd1d3ffd1718418-d
packagefile strings=/root/.cache/go-build/a9/a97f8a8181a9c583fc013703f277d8f35d080bc38f4420b3e9d5d5ed67b9aa42-d
packagefile sync=/root/.cache/go-build/0e/0e1a7f9e3eb922d751c6afb97f22633a331e2bba16bc1bd4e5ba1542c99f7658-d
packagefile time=/root/.cache/go-build/82/8293c45673dea5a2afe9dcfcf5d2fe013cbf1ce1f5df0b1b9feb6b7ffcc7af39-d
packagefile unicode=/root/.cache/go-build/33/33010f55a9863f8654d91f8a4702796b544460f4f813746f9e93b2ac1fda7a7b-d
EOF
/root/go/pkg/mod/golang.org/toolchain@v0.0.1-go1.24.4.linux-amd64/pkg/tool/linux_amd64/compile -o $WORK/b331/_pkg_.a -trimpath "$WORK/b331=>" -p github.com/bettercap/bettercap/v2/modules/graph -lang=go1.23 -complete -buildid HrpSYV5PQgk-xkfLHzwu/HrpSYV5PQgk-xkfLHzwu -goversion go1.24.4 -c=4 -shared -nolocalimports -importcfg $WORK/b331/importcfg -pack ./modules/graph/create.go ./modules/graph/create_ble.go ./modules/graph/edge.go ./modules/graph/edges.go ./modules/graph/graph.go ./modules/graph/js_builtin.go ./modules/graph/module.go ./modules/graph/node.go ./modules/graph/stack.go ./modules/graph/to_dot.go ./modules/graph/to_json.go
/root/go/pkg/mod/golang.org/toolchain@v0.0.1-go1.24.4.linux-amd64/pkg/tool/linux_amd64/buildid -w $WORK/b371/_pkg_.a # internal
cp $WORK/b371/_pkg_.a /root/.cache/go-build/08/0840d25e5edf2f02e26e3b23434eac2656739cba3b77762353fccb148d1abad8-d # internal
/root/go/pkg/mod/golang.org/toolchain@v0.0.1-go1.24.4.linux-amd64/pkg/tool/linux_amd64/buildid -w $WORK/b353/_pkg_.a # internal
cp $WORK/b353/_pkg_.a /root/.cache/go-build/9f/9f6380918764f7670be81e93e2baa925948de41399d63319a490d2f36e06f126-d # internal
/root/go/pkg/mod/golang.org/toolchain@v0.0.1-go1.24.4.linux-amd64/pkg/tool/linux_amd64/buildid -w $WORK/b370/_pkg_.a # internal
cp $WORK/b370/_pkg_.a /root/.cache/go-build/d1/d1797026a5878e6cd942325e5adb9ad8ba5bf3a0309b51c21c527bd91cd39db3-d # internal
/root/go/pkg/mod/golang.org/toolchain@v0.0.1-go1.24.4.linux-amd64/pkg/tool/linux_amd64/buildid -w $WORK/b331/_pkg_.a # internal
cp $WORK/b331/_pkg_.a /root/.cache/go-build/2c/2cf10a15de44e8a2ed6d7d5cc1db496655fc2d71cf2f8a040584d5e8291a2c29-d # internal
/root/go/pkg/mod/golang.org/toolchain@v0.0.1-go1.24.4.linux-amd64/pkg/tool/linux_amd64/buildid -w $WORK/b262/_pkg_.a # internal
cp $WORK/b262/_pkg_.a /root/.cache/go-build/f6/f65b4dca705fa33176f3ba65928f174f43737eb7186fd5d7792c0cec5e178c62-d # internal
github.com/bettercap/bettercap/v2/modules/c2
mkdir -p $WORK/b260/
cat >/tmp/go-build29350899/b260/importcfg << 'EOF' # internal
# import config
packagefile bytes=/root/.cache/go-build/8c/8c78606d7559108bcee9cc2c220ab1acb975eb468c7c2ffdcbe7f8fbfde5e0f2-d
packagefile crypto/tls=/tmp/go-build29350899/b183/_pkg_.a
packagefile fmt=/root/.cache/go-build/49/4968b44b691d284d426af1baebb3b3d5752072363ef1bee827ed0f740d3a8c7e-d
packagefile github.com/acarl005/stripansi=/root/.cache/go-build/61/613e033e7487db4916a186614011b440c173a8c1632dc1845eeb1af7f13ff78a-d
packagefile github.com/bettercap/bettercap/v2/modules/events_stream=/tmp/go-build29350899/b262/_pkg_.a
packagefile github.com/bettercap/bettercap/v2/session=/tmp/go-build29350899/b126/_pkg_.a
packagefile github.com/evilsocket/islazy/log=/root/.cache/go-build/98/981d6af5b2dca89466c12de3d98aacb702d0e439a2dc66081a8796ba7c60b2c2-d
packagefile github.com/evilsocket/islazy/str=/root/.cache/go-build/9f/9f2d016df65d0865c72a7a459f03257b337de1d7ce40135c0001d0b47c83b456-d
packagefile github.com/thoj/go-ircevent=/tmp/go-build29350899/b306/_pkg_.a
packagefile strings=/root/.cache/go-build/a9/a97f8a8181a9c583fc013703f277d8f35d080bc38f4420b3e9d5d5ed67b9aa42-d
packagefile text/template=/root/.cache/go-build/d9/d9aa663d16797d0f4be333ed4361a97d230b3e98dcd6b222221e90427d6e5141-d
EOF
/root/go/pkg/mod/golang.org/toolchain@v0.0.1-go1.24.4.linux-amd64/pkg/tool/linux_amd64/compile -o $WORK/b260/_pkg_.a -trimpath "$WORK/b260=>" -p github.com/bettercap/bettercap/v2/modules/c2 -lang=go1.23 -complete -buildid 249KAZn2C1ctpL7FGZ-3/249KAZn2C1ctpL7FGZ-3 -goversion go1.24.4 -c=4 -shared -nolocalimports -importcfg $WORK/b260/importcfg -pack ./modules/c2/c2.go
/root/go/pkg/mod/golang.org/toolchain@v0.0.1-go1.24.4.linux-amd64/pkg/tool/linux_amd64/buildid -w $WORK/b369/_pkg_.a # internal
cp $WORK/b369/_pkg_.a /root/.cache/go-build/ed/ed6aeb976bcca162d9287fc5e8295dcd0c5cb74a2ed0eac616e284c050adf394-d # internal
/root/go/pkg/mod/golang.org/toolchain@v0.0.1-go1.24.4.linux-amd64/pkg/tool/linux_amd64/buildid -w $WORK/b260/_pkg_.a # internal
cp $WORK/b260/_pkg_.a /root/.cache/go-build/34/345343021df190862a961dd50b1d4ac4be4f289d0c079d6656c7de2da2984a48-d # internal
github.com/bettercap/bettercap/v2/modules
mkdir -p $WORK/b072/
cat >/tmp/go-build29350899/b072/importcfg << 'EOF' # internal
# import config
packagefile github.com/bettercap/bettercap/v2/modules/any_proxy=/tmp/go-build29350899/b073/_pkg_.a
packagefile github.com/bettercap/bettercap/v2/modules/api_rest=/tmp/go-build29350899/b250/_pkg_.a
packagefile github.com/bettercap/bettercap/v2/modules/arp_spoof=/tmp/go-build29350899/b257/_pkg_.a
packagefile github.com/bettercap/bettercap/v2/modules/ble=/tmp/go-build29350899/b258/_pkg_.a
packagefile github.com/bettercap/bettercap/v2/modules/c2=/tmp/go-build29350899/b260/_pkg_.a
packagefile github.com/bettercap/bettercap/v2/modules/can=/tmp/go-build29350899/b267/_pkg_.a
packagefile github.com/bettercap/bettercap/v2/modules/caplets=/tmp/go-build29350899/b314/_pkg_.a
packagefile github.com/bettercap/bettercap/v2/modules/dhcp6_spoof=/tmp/go-build29350899/b315/_pkg_.a
packagefile github.com/bettercap/bettercap/v2/modules/dns_proxy=/tmp/go-build29350899/b317/_pkg_.a
packagefile github.com/bettercap/bettercap/v2/modules/dns_spoof=/tmp/go-build29350899/b318/_pkg_.a
packagefile github.com/bettercap/bettercap/v2/modules/events_stream=/tmp/go-build29350899/b262/_pkg_.a
packagefile github.com/bettercap/bettercap/v2/modules/gps=/tmp/go-build29350899/b327/_pkg_.a
packagefile github.com/bettercap/bettercap/v2/modules/graph=/tmp/go-build29350899/b331/_pkg_.a
packagefile github.com/bettercap/bettercap/v2/modules/hid=/tmp/go-build29350899/b332/_pkg_.a
packagefile github.com/bettercap/bettercap/v2/modules/http_proxy=/tmp/go-build29350899/b335/_pkg_.a
packagefile github.com/bettercap/bettercap/v2/modules/http_server=/tmp/go-build29350899/b352/_pkg_.a
packagefile github.com/bettercap/bettercap/v2/modules/https_proxy=/tmp/go-build29350899/b353/_pkg_.a
packagefile github.com/bettercap/bettercap/v2/modules/https_server=/tmp/go-build29350899/b354/_pkg_.a
packagefile github.com/bettercap/bettercap/v2/modules/mac_changer=/tmp/go-build29350899/b355/_pkg_.a
packagefile github.com/bettercap/bettercap/v2/modules/mysql_server=/tmp/go-build29350899/b356/_pkg_.a
packagefile github.com/bettercap/bettercap/v2/modules/ndp_spoof=/tmp/go-build29350899/b357/_pkg_.a
packagefile github.com/bettercap/bettercap/v2/modules/net_probe=/tmp/go-build29350899/b358/_pkg_.a
packagefile github.com/bettercap/bettercap/v2/modules/net_recon=/tmp/go-build29350899/b296/_pkg_.a
packagefile github.com/bettercap/bettercap/v2/modules/net_sniff=/tmp/go-build29350899/b287/_pkg_.a
packagefile github.com/bettercap/bettercap/v2/modules/packet_proxy=/tmp/go-build29350899/b359/_pkg_.a
packagefile github.com/bettercap/bettercap/v2/modules/syn_scan=/tmp/go-build29350899/b288/_pkg_.a
packagefile github.com/bettercap/bettercap/v2/modules/tcp_proxy=/tmp/go-build29350899/b367/_pkg_.a
packagefile github.com/bettercap/bettercap/v2/modules/ticker=/tmp/go-build29350899/b368/_pkg_.a
packagefile github.com/bettercap/bettercap/v2/modules/ui=/tmp/go-build29350899/b369/_pkg_.a
packagefile github.com/bettercap/bettercap/v2/modules/update=/tmp/go-build29350899/b370/_pkg_.a
packagefile github.com/bettercap/bettercap/v2/modules/wifi=/tmp/go-build29350899/b295/_pkg_.a
packagefile github.com/bettercap/bettercap/v2/modules/wol=/tmp/go-build29350899/b371/_pkg_.a
packagefile github.com/bettercap/bettercap/v2/modules/zerogod=/tmp/go-build29350899/b297/_pkg_.a
packagefile github.com/bettercap/bettercap/v2/session=/tmp/go-build29350899/b126/_pkg_.a
EOF
/root/go/pkg/mod/golang.org/toolchain@v0.0.1-go1.24.4.linux-amd64/pkg/tool/linux_amd64/compile -o $WORK/b072/_pkg_.a -trimpath "$WORK/b072=>" -p github.com/bettercap/bettercap/v2/modules -lang=go1.23 -complete -buildid UeCu52z6lAdSr77X2Iwm/UeCu52z6lAdSr77X2Iwm -goversion go1.24.4 -c=4 -shared -nolocalimports -importcfg $WORK/b072/importcfg -pack ./modules/doc.go ./modules/modules.go
/root/go/pkg/mod/golang.org/toolchain@v0.0.1-go1.24.4.linux-amd64/pkg/tool/linux_amd64/buildid -w $WORK/b072/_pkg_.a # internal
cp $WORK/b072/_pkg_.a /root/.cache/go-build/f4/f4034e87ad9dd47de3a1b83df68e5c5cda31f4cabd0ffa2cecd1d02e8dd5d60b-d # internal
github.com/bettercap/bettercap/v2
mkdir -p $WORK/b001/
cat >/tmp/go-build29350899/b001/importcfg << 'EOF' # internal
# import config
packagefile fmt=/root/.cache/go-build/49/4968b44b691d284d426af1baebb3b3d5752072363ef1bee827ed0f740d3a8c7e-d
packagefile github.com/bettercap/bettercap/v2/core=/root/.cache/go-build/e5/e527935001e6a9fe29d8d9bfe5e20913197d4831768491672dc9dddcab97bfb4-d
packagefile github.com/bettercap/bettercap/v2/log=/root/.cache/go-build/15/1587a4c7bc569e9104eed6eaa843646b15463381d1a036260c5db3dbd21acf44-d
packagefile github.com/bettercap/bettercap/v2/modules=/tmp/go-build29350899/b072/_pkg_.a
packagefile github.com/bettercap/bettercap/v2/session=/tmp/go-build29350899/b126/_pkg_.a
packagefile github.com/evilsocket/islazy/str=/root/.cache/go-build/9f/9f2d016df65d0865c72a7a459f03257b337de1d7ce40135c0001d0b47c83b456-d
packagefile github.com/evilsocket/islazy/tui=/root/.cache/go-build/d0/d0d7ac00e7634e7ee7fb092ea5bedf57881a018cf70567c895796602c7a1812b-d
packagefile io=/root/.cache/go-build/19/194487409864eb31dab0c57813b847117386f5d18b4d7d5f2ce9a1639c147f14-d
packagefile os=/root/.cache/go-build/a7/a7bbbbd3ff27efca31bc0028bd35c5d6308c277bde7022d8aa2046ab49d7742f-d
packagefile runtime=/root/.cache/go-build/09/097865b8e64b1a60e49616b48422bd25c113108e6a4232284431b2b83b82d091-d
packagefile strings=/root/.cache/go-build/a9/a97f8a8181a9c583fc013703f277d8f35d080bc38f4420b3e9d5d5ed67b9aa42-d
EOF
/root/go/pkg/mod/golang.org/toolchain@v0.0.1-go1.24.4.linux-amd64/pkg/tool/linux_amd64/compile -o $WORK/b001/_pkg_.a -trimpath "$WORK/b001=>" -p main -lang=go1.23 -complete -buildid HzzmagqgvR14ArM0YgxE/HzzmagqgvR14ArM0YgxE -goversion go1.24.4 -c=4 -shared -nolocalimports -importcfg $WORK/b001/importcfg -pack ./main.go
/root/go/pkg/mod/golang.org/toolchain@v0.0.1-go1.24.4.linux-amd64/pkg/tool/linux_amd64/buildid -w $WORK/b001/_pkg_.a # internal
cp $WORK/b001/_pkg_.a /root/.cache/go-build/77/77577034c7b50b089e363839ed3793d6fcee77c5b8ec8b070621bee0f8283ff8-d # internal
cat >/tmp/go-build29350899/b001/importcfg.link << 'EOF' # internal
packagefile github.com/bettercap/bettercap/v2=/tmp/go-build29350899/b001/_pkg_.a
packagefile fmt=/root/.cache/go-build/49/4968b44b691d284d426af1baebb3b3d5752072363ef1bee827ed0f740d3a8c7e-d
packagefile github.com/bettercap/bettercap/v2/core=/root/.cache/go-build/e5/e527935001e6a9fe29d8d9bfe5e20913197d4831768491672dc9dddcab97bfb4-d
packagefile github.com/bettercap/bettercap/v2/log=/root/.cache/go-build/15/1587a4c7bc569e9104eed6eaa843646b15463381d1a036260c5db3dbd21acf44-d
packagefile github.com/bettercap/bettercap/v2/modules=/tmp/go-build29350899/b072/_pkg_.a
packagefile github.com/bettercap/bettercap/v2/session=/tmp/go-build29350899/b126/_pkg_.a
packagefile github.com/evilsocket/islazy/str=/root/.cache/go-build/9f/9f2d016df65d0865c72a7a459f03257b337de1d7ce40135c0001d0b47c83b456-d
packagefile github.com/evilsocket/islazy/tui=/root/.cache/go-build/d0/d0d7ac00e7634e7ee7fb092ea5bedf57881a018cf70567c895796602c7a1812b-d
packagefile io=/root/.cache/go-build/19/194487409864eb31dab0c57813b847117386f5d18b4d7d5f2ce9a1639c147f14-d
packagefile os=/root/.cache/go-build/a7/a7bbbbd3ff27efca31bc0028bd35c5d6308c277bde7022d8aa2046ab49d7742f-d
packagefile runtime=/root/.cache/go-build/09/097865b8e64b1a60e49616b48422bd25c113108e6a4232284431b2b83b82d091-d
packagefile strings=/root/.cache/go-build/a9/a97f8a8181a9c583fc013703f277d8f35d080bc38f4420b3e9d5d5ed67b9aa42-d
packagefile errors=/root/.cache/go-build/ef/ef2239267842d9814a8ed571225e5bd1dfefbc9f7396b17f96ded4ca80bb6e0d-d
packagefile internal/fmtsort=/root/.cache/go-build/61/61b08ce0fa826027d7c1f5a07e088c9c779604afc0bc2f0d515c1475d4c4ebe4-d
packagefile math=/root/.cache/go-build/7c/7c38be7a01778ab9303105d335c8729cf15159d637fa5b94ec313585a9bda2b2-d
packagefile reflect=/root/.cache/go-build/c1/c157025f0d3204241798c68cf155e24730c4a7972ff6725bbc244c2067fbb71f-d
packagefile slices=/root/.cache/go-build/42/42290b4014724d4b79544a9a096f9279665cbc3d64e4232979eccc89e6ef9b07-d
packagefile strconv=/root/.cache/go-build/e5/e5bd11f9b8c60d4473dcb1923861ef465c38a079680d0f4755d3533985e61a72-d
packagefile sync=/root/.cache/go-build/0e/0e1a7f9e3eb922d751c6afb97f22633a331e2bba16bc1bd4e5ba1542c99f7658-d
packagefile unicode/utf8=/root/.cache/go-build/b8/b8468dd4529156a244170639361b027a5ea4805ab3931117dd393d38c56539f3-d
packagefile flag=/root/.cache/go-build/8e/8ef9c42b5d89dc77092a8620395d4cc0d62a98e43402bdb2139e4fc2fb8da6fb-d
packagefile os/exec=/root/.cache/go-build/2b/2bc1cf68dbf34bbed7e72bf5d54618f44c6d9b9da48868b6de6cae6e09f431ad-d
packagefile sort=/root/.cache/go-build/ae/aeccec3e3d3df27feaee072f8da3b09c5242572fdb98b11f4cd1d3ffd1718418-d
packagefile github.com/evilsocket/islazy/log=/root/.cache/go-build/98/981d6af5b2dca89466c12de3d98aacb702d0e439a2dc66081a8796ba7c60b2c2-d
packagefile github.com/bettercap/bettercap/v2/modules/any_proxy=/tmp/go-build29350899/b073/_pkg_.a
packagefile github.com/bettercap/bettercap/v2/modules/api_rest=/tmp/go-build29350899/b250/_pkg_.a
packagefile github.com/bettercap/bettercap/v2/modules/arp_spoof=/tmp/go-build29350899/b257/_pkg_.a
packagefile github.com/bettercap/bettercap/v2/modules/ble=/tmp/go-build29350899/b258/_pkg_.a
packagefile github.com/bettercap/bettercap/v2/modules/c2=/tmp/go-build29350899/b260/_pkg_.a
packagefile github.com/bettercap/bettercap/v2/modules/can=/tmp/go-build29350899/b267/_pkg_.a
packagefile github.com/bettercap/bettercap/v2/modules/caplets=/tmp/go-build29350899/b314/_pkg_.a
packagefile github.com/bettercap/bettercap/v2/modules/dhcp6_spoof=/tmp/go-build29350899/b315/_pkg_.a
packagefile github.com/bettercap/bettercap/v2/modules/dns_proxy=/tmp/go-build29350899/b317/_pkg_.a
packagefile github.com/bettercap/bettercap/v2/modules/dns_spoof=/tmp/go-build29350899/b318/_pkg_.a
packagefile github.com/bettercap/bettercap/v2/modules/events_stream=/tmp/go-build29350899/b262/_pkg_.a
packagefile github.com/bettercap/bettercap/v2/modules/gps=/tmp/go-build29350899/b327/_pkg_.a
packagefile github.com/bettercap/bettercap/v2/modules/graph=/tmp/go-build29350899/b331/_pkg_.a
packagefile github.com/bettercap/bettercap/v2/modules/hid=/tmp/go-build29350899/b332/_pkg_.a
packagefile github.com/bettercap/bettercap/v2/modules/http_proxy=/tmp/go-build29350899/b335/_pkg_.a
packagefile github.com/bettercap/bettercap/v2/modules/http_server=/tmp/go-build29350899/b352/_pkg_.a
packagefile github.com/bettercap/bettercap/v2/modules/https_proxy=/tmp/go-build29350899/b353/_pkg_.a
packagefile github.com/bettercap/bettercap/v2/modules/https_server=/tmp/go-build29350899/b354/_pkg_.a
packagefile github.com/bettercap/bettercap/v2/modules/mac_changer=/tmp/go-build29350899/b355/_pkg_.a
packagefile github.com/bettercap/bettercap/v2/modules/mysql_server=/tmp/go-build29350899/b356/_pkg_.a
packagefile github.com/bettercap/bettercap/v2/modules/ndp_spoof=/tmp/go-build29350899/b357/_pkg_.a
packagefile github.com/bettercap/bettercap/v2/modules/net_probe=/tmp/go-build29350899/b358/_pkg_.a
packagefile github.com/bettercap/bettercap/v2/modules/net_recon=/tmp/go-build29350899/b296/_pkg_.a
packagefile github.com/bettercap/bettercap/v2/modules/net_sniff=/tmp/go-build29350899/b287/_pkg_.a
packagefile github.com/bettercap/bettercap/v2/modules/packet_proxy=/tmp/go-build29350899/b359/_pkg_.a
packagefile github.com/bettercap/bettercap/v2/modules/syn_scan=/tmp/go-build29350899/b288/_pkg_.a
packagefile github.com/bettercap/bettercap/v2/modules/tcp_proxy=/tmp/go-build29350899/b367/_pkg_.a
packagefile github.com/bettercap/bettercap/v2/modules/ticker=/tmp/go-build29350899/b368/_pkg_.a
packagefile github.com/bettercap/bettercap/v2/modules/ui=/tmp/go-build29350899/b369/_pkg_.a
packagefile github.com/bettercap/bettercap/v2/modules/update=/tmp/go-build29350899/b370/_pkg_.a
packagefile github.com/bettercap/bettercap/v2/modules/wifi=/tmp/go-build29350899/b295/_pkg_.a
packagefile github.com/bettercap/bettercap/v2/modules/wol=/tmp/go-build29350899/b371/_pkg_.a
packagefile github.com/bettercap/bettercap/v2/modules/zerogod=/tmp/go-build29350899/b297/_pkg_.a
packagefile bufio=/root/.cache/go-build/29/2913c6577785ada18c0d7f976d489b11544551a3c94b873634ed6654c1acfdf1-d
packagefile crypto/rand=/root/.cache/go-build/5e/5ef4cc951e1562697e369f6a88e941b670182ebbded7ead645aa8b805c507f4b-d
packagefile encoding/json=/root/.cache/go-build/bd/bde971ea3855d832695652a556a597377b978eacbde032d003254128a1f19cc4-d
packagefile github.com/bettercap/bettercap/v2/caplets=/root/.cache/go-build/05/053764e0d17c198cd3ec656cfe74b75a153682c9a15dfd443fbe71cfd930c367-d
packagefile github.com/bettercap/bettercap/v2/firewall=/tmp/go-build29350899/b074/_pkg_.a
packagefile github.com/bettercap/bettercap/v2/js=/tmp/go-build29350899/b155/_pkg_.a
packagefile github.com/bettercap/bettercap/v2/network=/tmp/go-build29350899/b075/_pkg_.a
packagefile github.com/bettercap/bettercap/v2/packets=/tmp/go-build29350899/b240/_pkg_.a
packagefile github.com/bettercap/bettercap/v2/routing=/root/.cache/go-build/16/16f8daafe6d3d4d50a4143a37ccdefc4d31383c39d08e30eea7c01e4f563b614-d
packagefile github.com/bettercap/readline=/tmp/go-build29350899/b244/_pkg_.a
packagefile github.com/dustin/go-humanize=/root/.cache/go-build/bd/bdbee98e2175ac89b237136144df8e6b8793a901a1eb46c33ab166345b4e8318-d
packagefile github.com/evilsocket/islazy/data=/root/.cache/go-build/27/27bd5e7a4c5c48a9b841c438aa3ec3e7694dd13b9368b55404b13dd2835fcf42-d
packagefile github.com/evilsocket/islazy/fs=/root/.cache/go-build/30/30be4f8ab5fe5182d6e4b848bd9333ee918ad9e1034d33fdc05f808d605e1db1-d
packagefile github.com/evilsocket/islazy/ops=/root/.cache/go-build/e8/e80375a6521f58547abe9c96abc4b4fdb61fb49b9265fca8844e816c5d4b17d0-d
packagefile github.com/evilsocket/islazy/plugin=/root/.cache/go-build/24/242819aa40adc9f6d950c268dfe94ad681cde36717ebd056841ccb63ac82f69c-d
packagefile github.com/robertkrimen/otto=/root/.cache/go-build/8c/8ca43cbccabb4a1b894017ad70350f91b61be403fe2376c927dd268e9885be0c-d
packagefile io/ioutil=/root/.cache/go-build/15/153a4cb81e2ea154a1d11ab9f2da899742fd42fec6165b372bb8d49a69bb32df-d
packagefile net=/tmp/go-build29350899/b097/_pkg_.a
packagefile os/signal=/root/.cache/go-build/8c/8cd8562fcb6028e30e4fc77394f60559889996f833bc32ca3fa74aedddbf167f-d
packagefile path/filepath=/root/.cache/go-build/fb/fb1423b2ddb6a228c5af3670265ac57b0d320637ba764d90e94882b0b0decb7d-d
packagefile regexp=/root/.cache/go-build/be/bed3b499ba0d1d4d2732e9b3e9e1170f062c76346a6050691d11fac54018c80e-d
packagefile runtime/pprof=/root/.cache/go-build/e7/e77114b34737e597312ecaabf9e1fe907b56e0374d55817067d41ed34bafe6e9-d
packagefile syscall=/root/.cache/go-build/9f/9fbc2784e052e081f7bb71ca8dc1412d78e1f7096e7638e201fe827884545be6-d
packagefile time=/root/.cache/go-build/82/8293c45673dea5a2afe9dcfcf5d2fe013cbf1ce1f5df0b1b9feb6b7ffcc7af39-d
packagefile internal/bytealg=/root/.cache/go-build/1c/1cdeeb2f925916985711f991aa1f7dfe370c8b27912cfa9a2aa895a41db462b2-d
packagefile internal/byteorder=/root/.cache/go-build/67/675344568ef0a9874fcf81d3d0e1ef649879e9fc215cb2aeb8a9d6ee854eb78e-d
packagefile internal/filepathlite=/root/.cache/go-build/a9/a932dd40d30ea6f08eeb152c39d5acf06268d031b7517a36de225f8364959153-d
packagefile internal/goarch=/root/.cache/go-build/3d/3d111bd5e17eecb2102a654d217b2facc017e2194e971ec80ebe13fa8fae6675-d
packagefile internal/itoa=/root/.cache/go-build/e7/e72e6da6becf04db4e1fba3261ab364f18e11ecd8ab9ad092369859afd00ed48-d
packagefile internal/poll=/root/.cache/go-build/e6/e6b396a83b7c453d9bca787979e5d778bb84c5d299805f1364029c1cc234c7f5-d
packagefile internal/stringslite=/root/.cache/go-build/af/af8f7a513005bc8ce56273900cdfe2ad4687161ea0a74da11a73769506b99660-d
packagefile internal/syscall/execenv=/root/.cache/go-build/ff/ff7f3eae2373acca907ac81516f7ec411700fd1978fcdf4ee13613dd0527e9cb-d
packagefile internal/syscall/unix=/root/.cache/go-build/33/33785ad927c1b167cb3564e0cad95af21e3dd14a86e55103420971c475b58868-d
packagefile internal/testlog=/root/.cache/go-build/61/610c7817894eea35ce41c46b47a204e04b1620e12ecc2706936baa387b740f27-d
packagefile io/fs=/root/.cache/go-build/e8/e83c2ce9c200dbec04b741d4a2b9e323e610216d7962f2e3c5bdd7e004b75fab-d
packagefile sync/atomic=/root/.cache/go-build/bd/bd313e9cacce2e07d790ca0ec028d59e0c24c9770945b7d1fea6e2aa84bb9687-d
packagefile internal/abi=/root/.cache/go-build/6d/6db03f0dfbfb1ea874b581a9862c3dcdb1e1853e52d4c73b2a0f85c26d33de9c-d
packagefile internal/chacha8rand=/root/.cache/go-build/8b/8bdc29fc4712cf9311396c87aed2b7ea345b18bcfa0858b07e28a1edab5661c8-d
packagefile internal/coverage/rtcov=/root/.cache/go-build/2e/2e9272f51991d3c3eb40f25169b6f1d69bca5fb2362d4a7ad670ee0fb8a519e8-d
packagefile internal/cpu=/root/.cache/go-build/5a/5a12a1e707588cd0bd4f8c1569cbc7c606d2d459677f20df6e2760ab434a2abe-d
packagefile internal/godebugs=/root/.cache/go-build/33/33fd841442df154fffd4e5e630c2a90e8fb5cf28cb718c12f163f2b1e345b643-d
packagefile internal/goexperiment=/root/.cache/go-build/c5/c530c2d0c894a037ef5bc6433e461940282a5a88dc73e3a03ca020879689dca4-d
packagefile internal/goos=/root/.cache/go-build/6c/6cd6cce78a7063e1b4d441c52318f28579da025001aee78534cbc8e6407b0050-d
packagefile internal/profilerecord=/root/.cache/go-build/73/73c6c4cf8d5960858f52e18ca3695bd787f60e641333477e59f20ee2188c4e47-d
packagefile internal/runtime/atomic=/root/.cache/go-build/57/5774d453124c45649fab2893773c99f6bf306c1fed3def85f9145a926638ae2e-d
packagefile internal/runtime/exithook=/root/.cache/go-build/10/107662fddc64713dec881ffba53d5e0ee775fdb0547e8052fd3b504a98308393-d
packagefile internal/runtime/maps=/root/.cache/go-build/ff/ffaedee305ef2c42cef23842449e2b57f8e8b777e00c673cb686e28b09af93f5-d
packagefile internal/runtime/math=/root/.cache/go-build/5c/5ce7c9e285b72f768ea9caa6e5ade54ffd5abdf2434bf58bb162efc560335902-d
packagefile internal/runtime/sys=/root/.cache/go-build/95/95620527f74c8e6640944ef7653cb17320249bd7761c1bfc2e4996991d887d3b-d
packagefile internal/runtime/syscall=/root/.cache/go-build/5e/5ed8a6fa691e8e5557722482bfd047ff1ea0ca76d2dcd6a5307c5798ee023d3a-d
packagefile iter=/root/.cache/go-build/55/557cc023c906dfac6e82a728f51503fb5e29b0dfaa81534b1f73082755833ec0-d
packagefile math/bits=/root/.cache/go-build/d8/d8d34bab9d6048fb5e5e48532b1b58f59017c900346a68ad3a2fd8ef9c1af6ca-d
packagefile unicode=/root/.cache/go-build/33/33010f55a9863f8654d91f8a4702796b544460f4f813746f9e93b2ac1fda7a7b-d
packagefile internal/reflectlite=/root/.cache/go-build/41/4193cefe3dd977a9c0dbdf0d6ed081b592dff9c14428a16797b7e99b71131816-d
packagefile cmp=/root/.cache/go-build/90/90612a2515affbb19a988cfe41017fe362acc32d5f48c9c6d189ea39efbf5bc7-d
packagefile internal/race=/root/.cache/go-build/f7/f71c6bdce9f50d8573b8610ce2187fbe0e47fc90ad893a78ec7a87426892cef5-d
packagefile internal/unsafeheader=/root/.cache/go-build/7c/7c2ba0eb4d5ef78a2e0184a12e5cbfb8120d60f8271a934645c27dfcd4520427-d
packagefile internal/sync=/root/.cache/go-build/61/61011b152c8061c3859396b1c9d88b00c4eee14029b9a16be35d638a59a0ca67-d
packagefile encoding=/root/.cache/go-build/c9/c9d4eb0ce97a8516502ff11ba662205cdf5788a23c2ec3496c7fdfc16f9436df-d
packagefile bytes=/root/.cache/go-build/8c/8c78606d7559108bcee9cc2c220ab1acb975eb468c7c2ffdcbe7f8fbfde5e0f2-d
packagefile context=/root/.cache/go-build/3e/3e6ab3e7831dc084ecf1e13f2cdb3a9b0c120bd0b859895935cc0b4283700dbb-d
packagefile internal/godebug=/root/.cache/go-build/c9/c9f29a458a254c07bdc46b3461d2938d20bab3ad3c1176228686c307059f8f25-d
packagefile crypto/subtle=/root/.cache/go-build/79/791cac9815dc9b1e98257d134149a47c60dbf5bb1d2e5a79351d08c9b824169b-d
packagefile github.com/bettercap/bettercap/v2/tls=/tmp/go-build29350899/b251/_pkg_.a
packagefile github.com/bettercap/recording=/root/.cache/go-build/0e/0e275148203b72a48de332053fd9687b4658601012b15f079246cc5c70cf1458-d
packagefile github.com/gorilla/mux=/root/.cache/go-build/78/78127d220bf28a201fa1822362a1d93845b9f9601cb3c82261ff33c30c0f3632-d
packagefile github.com/gorilla/websocket=/tmp/go-build29350899/b256/_pkg_.a
packagefile net/http=/tmp/go-build29350899/b181/_pkg_.a
packagefile github.com/malfunkt/iprange=/tmp/go-build29350899/b122/_pkg_.a
packagefile encoding/binary=/root/.cache/go-build/84/84f4871c348bfb24281f74a785fe339aa588228b38344877384662a8e800c694-d
packagefile encoding/hex=/root/.cache/go-build/88/8894c4977c5ac399a7df03ea49c420d6455b77825225b9d8ef6024dbcba4a317-d
packagefile github.com/bettercap/bettercap/v2/modules/utils=/tmp/go-build29350899/b259/_pkg_.a
packagefile github.com/bettercap/gatt=/tmp/go-build29350899/b082/_pkg_.a
packagefile log=/root/.cache/go-build/c4/c4bc63ea92c3c25584ec4fa5395e2d0fbd6315c3a8c220e5814f726d6d98a452-d
packagefile crypto/tls=/tmp/go-build29350899/b183/_pkg_.a
packagefile github.com/acarl005/stripansi=/root/.cache/go-build/61/613e033e7487db4916a186614011b440c173a8c1632dc1845eeb1af7f13ff78a-d
packagefile github.com/thoj/go-ircevent=/tmp/go-build29350899/b306/_pkg_.a
packagefile text/template=/root/.cache/go-build/d9/d9aa663d16797d0f4be333ed4361a97d230b3e98dcd6b222221e90427d6e5141-d
packagefile github.com/hashicorp/go-bexpr=/root/.cache/go-build/1e/1e3000aa0c6926535639fb29774ad25e91088fb6d6c81e276e61be3cd7231423-d
packagefile go.einride.tech/can=/root/.cache/go-build/13/1308bfa7a5471d432ad12535d61b3103b1749536fd0b225e8c07f53098ded897-d
packagefile go.einride.tech/can/pkg/dbc=/root/.cache/go-build/8d/8d813dc80551c4ee55a43c43e89e5a40446c69e8efbf539c6a9be67d6176e59e-d
packagefile go.einride.tech/can/pkg/descriptor=/root/.cache/go-build/7c/7c63ab9d97786b6e80e96a1ac966c961a3b0d30b1b0e2da298e083c30469b0eb-d
packagefile go.einride.tech/can/pkg/socketcan=/tmp/go-build29350899/b278/_pkg_.a
packagefile math/rand=/root/.cache/go-build/2c/2c6d12b5eefb56d9543e4c2c22b1e72638c82f52a4aec905cc6d450c5a3322b3-d
packagefile github.com/evilsocket/islazy/zip=/root/.cache/go-build/63/63b5aa9e0476bad41f25e0c9238ddbce259c46ad1eb6a1216609c78c232726e6-d
packagefile github.com/gopacket/gopacket=/tmp/go-build29350899/b112/_pkg_.a
packagefile github.com/gopacket/gopacket/layers=/tmp/go-build29350899/b113/_pkg_.a
packagefile github.com/gopacket/gopacket/pcap=/tmp/go-build29350899/b116/_pkg_.a
packagefile github.com/mdlayher/dhcp6=/root/.cache/go-build/a1/a12cb980a2c189adaa4c83358390430473decb264dc9ddedfe8cfc1a21e697c0-d
packagefile github.com/mdlayher/dhcp6/dhcp6opts=/tmp/go-build29350899/b316/_pkg_.a
packagefile crypto/x509=/tmp/go-build29350899/b221/_pkg_.a
packagefile github.com/miekg/dns=/tmp/go-build29350899/b290/_pkg_.a
packagefile math/big=/root/.cache/go-build/4b/4b278e857b15e204f2798394105096e24c2649346d393a37ae6ec1526be164d0-d
packagefile github.com/gobwas/glob=/root/.cache/go-build/a5/a5a0fde8d93b5c39de075117342c99f5c6f3cf538bf2ad1e4f6d51cb929574aa-d
packagefile compress/gzip=/root/.cache/go-build/58/585db37069083975ddbefa5d3a351217d401bba55b85997b274d72b1443ee858-d
packagefile github.com/antchfx/jsonquery=/root/.cache/go-build/37/377558a499955265c641c3230f6ca7a092463d8fb647315d31ea532b66af35b4-d
packagefile github.com/google/go-github/github=/root/.cache/go-build/ea/ea747e698808840c20de70d84dbb5637d7f7b78b4c57676cb59bd8a4080c7c5b-d
packagefile net/url=/root/.cache/go-build/14/14fe89de715018175cfd277768407d0fcd44b22f6463eda49c2a4883a6036b90-d
packagefile github.com/adrianmo/go-nmea=/root/.cache/go-build/90/903aa22cbfb276c6eb3bd6318a04120c5fcf9c182f64f70c12edc1cb9197c4c8-d
packagefile github.com/stratoberry/go-gpsd=/tmp/go-build29350899/b329/_pkg_.a
packagefile github.com/tarm/serial=/root/.cache/go-build/a4/a42b908308d6165761539db5c018528031fa3eb4ea1353c1567090a09dcd9dc5-d
packagefile path=/root/.cache/go-build/05/052da275ef56179bcfd61946639308391ee11782caacda5802d252d843fcf7f3-d
packagefile github.com/bettercap/nrf24=/tmp/go-build29350899/b333/_pkg_.a
packagefile github.com/google/gousb=/tmp/go-build29350899/b334/_pkg_.a
packagefile github.com/elazarl/goproxy=/tmp/go-build29350899/b336/_pkg_.a
packagefile github.com/inconshreveable/go-vhost=/tmp/go-build29350899/b347/_pkg_.a
packagefile github.com/jpillora/go-tld=/root/.cache/go-build/aa/aa9f1b0e207fd611cf7f404ecb97a07aae1b82a5b65b827f9e44fac701efce4b-d
packagefile golang.org/x/net/idna=/root/.cache/go-build/7a/7adf4fb1e9d00a89e8acade09c6bc9935c5a943ef2384d9762af59ee34c0086a-d
packagefile encoding/asn1=/root/.cache/go-build/7d/7d279d60d2e00b4b4f5e1ec1e86b80d7bc6c7656eae034c79a4bf7b5eb4b4319-d
packagefile github.com/gopacket/gopacket/pcapgo=/tmp/go-build29350899/b117/_pkg_.a
packagefile github.com/florianl/go-nfqueue/v2=/root/.cache/go-build/1e/1e093af9252f301b708549f067415862be58fa620132b37ff2d573bf7ddc2e14-d
packagefile plugin=/tmp/go-build29350899/b366/_pkg_.a
packagefile github.com/evilsocket/islazy/async=/root/.cache/go-build/b6/b627787ed2e969f415c38d5a17382bad2f8aa8e128774b62149ef37d828140fe-d
packagefile golang.org/x/net/html=/root/.cache/go-build/88/88103ac7a979250a6b530876f44ff66afb43ab45b8aa15962bcd3897b19b58a7-d
packagefile embed=/root/.cache/go-build/a2/a27bb79c1d89655620adccb48add73472402cd294c3d85200ab88b4f880a0c16-d
packagefile github.com/bettercap/bettercap/v2/modules/zerogod/zeroconf=/tmp/go-build29350899/b298/_pkg_.a
packagefile github.com/phin1x/go-ipp=/tmp/go-build29350899/b300/_pkg_.a
packagefile gopkg.in/yaml.v3=/root/.cache/go-build/13/13c7940b5fcac232222534ce08fece08531d85f194f70fa47af5aa3002ba56ed-d
packagefile crypto/internal/boring=/root/.cache/go-build/50/50e4fc42bb9fd08ab51d34243dbfa8f5b25aaae1ecb7fea3d0014b8220fcb949-d
packagefile crypto/internal/fips140=/root/.cache/go-build/3c/3c07877617128f42aa2eef948a490c28244cbf34d03d84eafc8e0f85f72a1a4c-d
packagefile crypto/internal/fips140/drbg=/root/.cache/go-build/0c/0c9e1a24ff61387de0eeee3fe0fd5b76330179be79f683e24474d9713213c45e-d
packagefile crypto/internal/fips140only=/root/.cache/go-build/04/04f9f1132852dca93a977397bcd747b852b8a8cb5430179681516d8166800eba-d
packagefile crypto/internal/randutil=/root/.cache/go-build/37/37b75035e6f419c52aefa2ecf1906651907aaff92922520e7c7f9e0a9fe9693a-d
packagefile crypto/internal/sysrand=/root/.cache/go-build/17/17c3811f8f8f7551c24aa00b93b6a0f525d29511412dccfdd40859d900950baa-d
packagefile encoding/base64=/root/.cache/go-build/55/5576888949e0c2d4c3bb83d2c778bf9a29afaba4d6e424249415e72073501618-d
packagefile unicode/utf16=/root/.cache/go-build/56/569632c62743144652e54a00bbf9d361c101009f92c4c1e0e66bf1564b04dd20-d
packagefile github.com/mitchellh/go-homedir=/root/.cache/go-build/97/97e0fc0e5b8c57dab5070c655df0ed2ee2af503db1e37dba956f1fba208c466c-d
packagefile crypto/sha1=/root/.cache/go-build/cd/cdf27802b7b602540eb0375edc0866e49db7b8c8e7afeaa39ca4a25728d991e6-d
packagefile container/list=/root/.cache/go-build/b9/b98d04b47bb53c16af6a732b7b2219ed12e8d95209b51fe075f79a9a1e1034c2-d
packagefile encoding/gob=/root/.cache/go-build/bd/bd004421a3d9bea862a5731cc857e0ff633714bfbf64b0e1f5b3ed05787c2bc3-d
packagefile os/user=/root/.cache/go-build/e3/e37c164ea29d830f02e1669f36d0cf654d5bc7786727f81e8af16ecaa2596a46-d
packagefile github.com/robertkrimen/otto/ast=/root/.cache/go-build/1a/1a340b29e73d1e92465dec4e3351beba447ac47d9a82f957ddba487f44fd2136-d
packagefile github.com/robertkrimen/otto/dbg=/root/.cache/go-build/5f/5f925aa7fc788d38be659eb283c46cc557c36e8d3a4fc72f643eb8d6c245cdfe-d
packagefile github.com/robertkrimen/otto/file=/root/.cache/go-build/f3/f3dc2dbb95d8c50f1b97cb72be831d0908859e817d2b32104900a5deb210ab1a-d
packagefile github.com/robertkrimen/otto/parser=/root/.cache/go-build/d0/d068c7050fa5cbf1e57eb6d81e2f33e71bdc435b2b1f3fe95b79db6ccaf10020-d
packagefile github.com/robertkrimen/otto/registry=/root/.cache/go-build/b6/b6bf66e128fe6614196b4e1bcffd44f1fa38c787b59dface9b54c04f752dd87c-d
packagefile github.com/robertkrimen/otto/token=/root/.cache/go-build/ce/ce6a8225a8824897f60be0ee406424c0a758d5113f8437b5c301431689dbe2b3-d
packagefile golang.org/x/text/language=/root/.cache/go-build/2c/2c8270084b83042eb2e09bbcaa99e2fb4fb342eeaddc53c1adc56d70e4232b0c-d
packagefile golang.org/x/text/message=/root/.cache/go-build/49/49d74514e23ceee10b412393638fdb575e7873a0a91d18bea22a7ab881d1d4a0-d
packagefile golang.org/x/text/number=/root/.cache/go-build/52/5207b09868cbbc2d20a37efc0d068530eed0acd98668cc1e72e1f6c09f8d18d7-d
packagefile vendor/golang.org/x/net/dns/dnsmessage=/root/.cache/go-build/7d/7d92d1a8b1a7a72f0562899d1905e3b5b9bbf5b569570c4c167cb155fc9bcd16-d
packagefile internal/nettrace=/root/.cache/go-build/5f/5fe27055b4ecfe7ba0e197b101bfc559023d883a137ecd5070961faedd5566c5-d
packagefile internal/singleflight=/root/.cache/go-build/0a/0a69ea1449c7a3b5b63e6672f3ec7d10daf5451dca15539a6dbc6a3f6286e1ec-d
packagefile net/netip=/root/.cache/go-build/c2/c2684a58f74f7ed7492bb395d29f3f52080f5e9d67f1bac60c976541ba21470d-d
packagefile runtime/cgo=/tmp/go-build29350899/b104/_pkg_.a
packagefile regexp/syntax=/root/.cache/go-build/0f/0f384f93f52b2b9d516982835a6aba54c099c2e8166349e1cbfc37c88c7ff3d2-d
packagefile text/tabwriter=/root/.cache/go-build/ac/ac3f2395a3598ca43ed6561b84b491c4695c82a2294499e71d2abc5ae301fc1a-d
packagefile internal/asan=/root/.cache/go-build/a8/a8a92d84e848a9de605b3f1666afd0a5f18bfd0fdf32a8edb81cc33f16def976-d
packagefile internal/msan=/root/.cache/go-build/2c/2c48947ebcf3da5eb281bd03fe6af931e3284b7252366ba2f6293273d46fb43a-d
packagefile internal/oserror=/root/.cache/go-build/dd/dd2c33767e1d717cd864837d44c53646377d8c7bcc9b36ece623f9112ba97b15-d
packagefile internal/bisect=/root/.cache/go-build/46/46e6113f499ba92b939e47a65718875ca1eba740dc537b37ea37bbb38529e2b1-d
packagefile crypto/internal/fips140/subtle=/root/.cache/go-build/7c/7c08c454fd2a2fbe8f7bc00ae01cc96058663012b750b360bcb18a06d27e4519-d
packagefile crypto/rsa=/root/.cache/go-build/3f/3fb18ac52ab1f115968784c955ced2973661b1db2cb216d8d3032bf196656c05-d
packagefile crypto/x509/pkix=/root/.cache/go-build/c9/c97dc62964ec412ea2cd82a95c6c5070e08d227d9816596153c6d733e32e00e1-d
packagefile encoding/pem=/root/.cache/go-build/ec/ec0df3f41d2f61c883af5d48974b80bf057d48bb5b77788cffc55956f925186f-d
packagefile github.com/kr/binarydist=/root/.cache/go-build/fc/fcda925692553ab2fb1b3def01e4044cc186befcbb71d676b97700eedd80d487-d
packagefile compress/flate=/root/.cache/go-build/1d/1da6970ff7f5a17e2968b9e0716b9114189e65b250df7aa0d24588f4ccf2b9db-d
packagefile net/http/httptrace=/tmp/go-build29350899/b237/_pkg_.a
packagefile vendor/golang.org/x/net/http/httpguts=/tmp/go-build29350899/b225/_pkg_.a
packagefile vendor/golang.org/x/net/http/httpproxy=/tmp/go-build29350899/b232/_pkg_.a
packagefile vendor/golang.org/x/net/http2/hpack=/root/.cache/go-build/84/84d35e67ebc019c25d2014d9b6c6aa46038a84be63a606c7255f3bcb2e2aa109-d
packagefile vendor/golang.org/x/net/idna=/root/.cache/go-build/9c/9c71dc441c2e274d3af764ff40786275d426d8b66c0352767fe208607d281d13-d
packagefile maps=/root/.cache/go-build/01/01fdd79c5e8694f1fc6f1bdeed3a0dbf679611c1d1a408b6dda690ff101d3c63-d
packagefile mime=/root/.cache/go-build/ab/ab3c78d7db536ef21cc707aed79b65c13846066276a9d5af52547b67c52ed5e2-d
packagefile mime/multipart=/root/.cache/go-build/47/47e67e578efaab1b2db391d1d0aff48e5d6f0ab066177202a99e8cb7a07a08cb-d
packagefile net/http/internal=/root/.cache/go-build/15/1599f3e1fa657b80a6194747878cc0a2b8bb67645832e6dc444b1b061b3b7fac-d
packagefile net/http/internal/ascii=/root/.cache/go-build/fc/fcab736e50e16fe45ae5d98fdb6b088fd2a151acf17479e8a005f6e8efd045af-d
packagefile net/textproto=/tmp/go-build29350899/b231/_pkg_.a
packagefile github.com/pkg/errors=/root/.cache/go-build/09/0910c3e3d7f3ce24ab34f956748095d6b7b6eab3e290dea79701e3f439d9fbe8-d
packagefile github.com/bettercap/gatt/linux=/root/.cache/go-build/bd/bd8f04c1911dcbf649cf652540491e8c4d2dc013276329c0f1c87c04134f1c26-d
packagefile github.com/bettercap/gatt/linux/cmd=/root/.cache/go-build/05/053e719ce9fb0e8f6e7a0270b74e998f77659cfb232d97b8582b849b4fc0464b-d
packagefile log/internal=/root/.cache/go-build/8e/8e0f10eecc836fd99ecacdc61953ba90bb31e95aa16a59d07fda671428f19455-d
packagefile crypto=/root/.cache/go-build/fc/fc9fc6286a8e658c42e890d44a21b9181dbaf9e752c5edb387dbc9457841addf-d
packagefile crypto/aes=/root/.cache/go-build/b0/b00dce10e39c3764808f5a1e06006bcc8ffca3624cfd9d9500f29809850e2e79-d
packagefile crypto/cipher=/root/.cache/go-build/77/77751da199b0835accf8150350a251457b8ca457219181103079ed648a072d11-d
packagefile crypto/des=/root/.cache/go-build/06/0623ca7c8f11be0fd74f250cbb5cee92adeabb4c8b2075e822c6c042798c4a43-d
packagefile crypto/ecdh=/root/.cache/go-build/9b/9b8f634920fd4d06be84fa37bb8d07cb53dccdf69a08bba0922901d98825adaa-d
packagefile crypto/ecdsa=/root/.cache/go-build/75/75c4621bb9e1ee36ab6144fea83a0035ed7e41c1e78ee7dd1582fedf27a279f2-d
packagefile crypto/ed25519=/root/.cache/go-build/6a/6a7d44aebfe8151aea5bdb5101b207a1714ce44765dbbaea652547b66139ca80-d
packagefile crypto/elliptic=/root/.cache/go-build/94/9425f04fc4e8e905bf14baf88002bf1b4b7263660e570f16a2bc358d545af11a-d
packagefile crypto/hmac=/root/.cache/go-build/24/2463210c98455e6c7d070dcbd4a65f2024c34606b778d1219cc6094bbdf79979-d
packagefile crypto/internal/fips140/aes=/root/.cache/go-build/fa/fa68b34ad4c0a902c39a8a01f85d8918d89a67fd761fa73c99257f9dba17deaa-d
packagefile crypto/internal/fips140/aes/gcm=/root/.cache/go-build/e8/e819f30be731ba6c766c8a3c9abc24fcb003b17a6856b95571ca5f23d57fcda9-d
packagefile crypto/internal/fips140/hkdf=/root/.cache/go-build/f6/f6d91a61621a8e48a52e2c53721e62a0bcf9fcd8c82bb80f3f6ca5c554eb4e57-d
packagefile crypto/internal/fips140/mlkem=/root/.cache/go-build/fa/fadfdbfba17800ec05ed95bf801ee800b499bfa039a7841a222415f16514f9c6-d
packagefile crypto/internal/fips140/tls12=/root/.cache/go-build/41/41aba326ba53fed0888a677dd62a7386d4dfc647b86433a1418a5816faad370c-d
packagefile crypto/internal/fips140/tls13=/root/.cache/go-build/9d/9dd41e01d24327c6416c52135d0fccadf122a0d3fba047a0be111abf00291a8e-d
packagefile crypto/internal/hpke=/root/.cache/go-build/46/4618f6f704ffb14dfb6b2e843a15499d20a0ff5caf216e3ce87bf5f382064d7e-d
packagefile crypto/md5=/root/.cache/go-build/a2/a22a2317bc155412d37740b678a99bc311e4244848a0734b0ed38d4f4bf111a4-d
packagefile crypto/rc4=/root/.cache/go-build/1f/1fcc121d6d3072729232a74be8e22f7fbb32d3ed7921dab3124eaceeb46e9497-d
packagefile crypto/sha256=/root/.cache/go-build/45/457fb4f65b0bfd9a22662d6c3324f7001b7b632b1a90d45d28f6a1dd4c85d577-d
packagefile crypto/sha512=/root/.cache/go-build/88/887b85b96ea1f849c2d617c8f00b318706578abbaaea75fc2b5656477c5091b5-d
packagefile crypto/tls/internal/fips140tls=/root/.cache/go-build/85/85b1461316b269838979cd84dfe2d243fc0176a08a66dc80aa653258ace6cd76-d
packagefile vendor/golang.org/x/crypto/chacha20poly1305=/root/.cache/go-build/5f/5f1912e79b3850e045555dc0d463b6533a15c3c94de3193755aeb41d4ef9e094-d
packagefile vendor/golang.org/x/crypto/cryptobyte=/root/.cache/go-build/94/94122f79ef193f64fc911c8846db4e900ac7542dd24381bdd5520492dfabe521-d
packagefile hash=/root/.cache/go-build/19/1946ec7968fbe7038a7c32113bffa74edc4b391de135f18c9b0c063d36a49287-d
packagefile golang.org/x/net/proxy=/tmp/go-build29350899/b307/_pkg_.a
packagefile golang.org/x/text/encoding=/root/.cache/go-build/0e/0ee1d0eaa453f0f5a2c91bd2cd1009d4d9f3996724ae63264317b9379e2d7808-d
packagefile text/template/parse=/root/.cache/go-build/27/2739e33656fa5999236fa88e72e5565ee60ddebb1ffc95aa69c9d1d8602f2d12-d
packagefile github.com/hashicorp/go-bexpr/grammar=/root/.cache/go-build/44/44872dba28a4998693d95d2d0c1d6510276cf14ba72806acb61da06f832c9657-d
packagefile github.com/mitchellh/pointerstructure=/root/.cache/go-build/30/3011d853ddb905d290c332b233020d222e08219eb13ae739636cfbee1725ab11-d
packagefile go.einride.tech/can/internal/reinterpret=/root/.cache/go-build/67/678731fcb18fd591760053e230c6d88033dcc93133caac76189e68cdaa9c4002-d
packagefile go.einride.tech/can/internal/identifiers=/root/.cache/go-build/32/3229e6f05caaadc63914af6196f0e3b705545283f0dc21096c573e153cb1adf4-d
packagefile text/scanner=/root/.cache/go-build/00/00ec5ffb04917d333900d92a98665d380774a1482ea743a3b5a4c6ac358a1f90-d
packagefile golang.org/x/net/ipv4=/tmp/go-build29350899/b279/_pkg_.a
packagefile golang.org/x/net/nettest=/tmp/go-build29350899/b282/_pkg_.a
packagefile golang.org/x/sync/errgroup=/root/.cache/go-build/59/593334284487f4e9e12304ed120e24329b9697e358f651735aa96295a18c1779-d
packagefile golang.org/x/sys/unix=/root/.cache/go-build/84/84db2e1bbceed4d33f43fec75e38ff45c6cf709015321aeb367c586ff98707cf-d
packagefile archive/zip=/root/.cache/go-build/72/72230b726e08006986768c25f254f67a1c6ec6c122a6f4ce57a810a4029f9283-d
packagefile runtime/debug=/root/.cache/go-build/b2/b2b2ca4245b0b1b70124750839f71d0d758cd14633af6fd672ef397092042595-d
packagefile hash/crc32=/root/.cache/go-build/84/84a9b1b0719074f178b1a6de19957e3b9a61fcfe43aec2b274fcb633a4c80f01-d
packagefile github.com/mdlayher/dhcp6/internal/buffer=/root/.cache/go-build/a4/a414ad569ce0b98d557816bfac047935d3d080ca5b6778049218b7b3f0c26e01-d
packagefile crypto/dsa=/root/.cache/go-build/69/6932954883cab9d68b7285657ef31e9af53f90b9e9a909ee8a2e5c1287c132ae-d
packagefile vendor/golang.org/x/crypto/cryptobyte/asn1=/root/.cache/go-build/f5/f5898b9ed3fc924aed086a8e2106f9449fef701ec0ae443cdbb7a52d9fd3aafe-d
packagefile encoding/base32=/root/.cache/go-build/c1/c1ffe700af053d2871fb6ea74379a033c26ad5b9492c9a1cdeb7a739367d5def-d
packagefile golang.org/x/net/ipv6=/tmp/go-build29350899/b292/_pkg_.a
packagefile github.com/gobwas/glob/compiler=/root/.cache/go-build/cc/ccd7315e00937c7488a9f39bfd48b69ea5984eda6343f05e90f7a7a27b3c06c3-d
packagefile github.com/gobwas/glob/syntax=/root/.cache/go-build/80/80a8416a4afac8ef87238925aaa8f031926c457dd7f81298e07611dada4402bb-d
packagefile github.com/antchfx/xpath=/root/.cache/go-build/ab/abd21aae87fb251930dbed7097c38b955f97afceb3ce0d84e8baf7471e000805-d
packagefile github.com/golang/groupcache/lru=/root/.cache/go-build/76/760e26e7ca5458f25af641aa2affa0d9a3980f10535779ae1f08445edad1a006-d
packagefile github.com/google/go-querystring/query=/root/.cache/go-build/25/258094ec060d47522ba8ccaca5b26db320cfff3d7c17825e96d684212dccb458-d
packagefile github.com/elazarl/goproxy/internal/http1parser=/root/.cache/go-build/69/6915612c9d6f7b64795719665ffa36ba4b57889540332dacb415855bd7ae2557-d
packagefile github.com/elazarl/goproxy/internal/signer=/tmp/go-build29350899/b338/_pkg_.a
packagefile golang.org/x/net/http2=/tmp/go-build29350899/b339/_pkg_.a
packagefile golang.org/x/net/publicsuffix=/root/.cache/go-build/54/54c4a8cde51dc374170ef14bf6ab171f9f7f0a6edd5aafbb0634f6e7bf6a4515-d
packagefile golang.org/x/text/secure/bidirule=/root/.cache/go-build/a2/a2d9f9201013f816afdd4a183221d3e83fc22438ebc45558fc984700b70ed8a4-d
packagefile golang.org/x/text/unicode/bidi=/root/.cache/go-build/8d/8def0420cdda073221f9b747c471ebb7133826dc21cc5d822e11d151e7fb6664-d
packagefile golang.org/x/text/unicode/norm=/root/.cache/go-build/45/4580362ce0a1bc6919135f5e7ce5d8eb68d514dce8fbf2d3a0d5016a509da924-d
packagefile github.com/gopacket/gopacket/htons=/root/.cache/go-build/b1/b1c0fd60df2398294eb097eb209a9ed1b37587f7d686fcdede79b68e203aea50-d
packagefile golang.org/x/net/bpf=/root/.cache/go-build/31/31192538c55d7673d181773cd1f1d160f8696f76810248b645699e1aefb2dbbf-d
packagefile github.com/florianl/go-nfqueue/v2/internal/unix=/root/.cache/go-build/b7/b7cc901ecb99f340c62fb4b5aaef19afee56247c8c3f653d159f945001b9c0cc-d
packagefile github.com/mdlayher/netlink=/tmp/go-build29350899/b362/_pkg_.a
packagefile golang.org/x/net/html/atom=/root/.cache/go-build/6e/6e6ba3e71e8cce897364fbc6cf647182bb674d25bcd53663d14ef6b92df35bd2-d
packagefile github.com/cenkalti/backoff=/root/.cache/go-build/81/818e3bc94279762992f8e09ec39fee157041fe390d4193ad8d0b39506ea63c03-d
packagefile crypto/internal/boring/sig=/root/.cache/go-build/af/af400487995dbe0ef413d77847fd013c6f95d4750845f2a9a275079ae17654f3-d
packagefile crypto/internal/fips140deps/godebug=/root/.cache/go-build/0b/0bd1f2ac00f338cf70ac7aebc230726203463462d41b3434d989212a2393dd7d-d
packagefile crypto/internal/entropy=/root/.cache/go-build/6c/6cf0b661fdc77847ca4cf8e9c0323e07a8b2374e3828e617c770e36f7951b0e2-d
packagefile crypto/internal/fips140/check=/root/.cache/go-build/a1/a1f4eef48ec2dcd1f6ef604e3390a8253f5b42323494a0149bd7885bb033937f-d
packagefile crypto/internal/fips140deps/byteorder=/root/.cache/go-build/e2/e26de7bb856b0958ce9a8a71b4a969e37600106766f330296d42d830b7088162-d
packagefile crypto/internal/fips140/sha256=/root/.cache/go-build/19/19f861f7b12757cc70b5cf7e0d8bc0de07fd077fe9723e6d72ce37c596584228-d
packagefile crypto/internal/fips140/sha3=/root/.cache/go-build/cf/cf8520a25f6dbfe969991450622ae1d31d69162533a446e42a83667b9c5acebb-d
packagefile crypto/internal/fips140/sha512=/root/.cache/go-build/43/43abffb84c31d1c8b9f187ad69c1cbd13251e9e6379addbf89cf23c81d93097f-d
packagefile math/rand/v2=/root/.cache/go-build/9c/9cf50bbd533e74801cb891dbf73a9073e8541338b6ba85804791106b556855fa-d
packagefile internal/saferio=/root/.cache/go-build/45/45823839e24b9445fc41187fb450459a8131af143d8fbda2e7cd72897de087be-d
packagefile gopkg.in/sourcemap.v1=/root/.cache/go-build/38/38fd35ebea7e4d3f0cb89c2adddf85fb70d69c915b44b3e989e2af58a0e63f47-d
packagefile golang.org/x/text/internal/language=/root/.cache/go-build/2d/2d72ac64276490b8d3112a044440fdf26674f7e7740112e13c0e2206a9090c37-d
packagefile golang.org/x/text/internal/language/compact=/root/.cache/go-build/08/081b3c8631c0375b8d2b9b40caf14f7c9a1269d463a84eed045bd7ac73b6c4ac-d
packagefile golang.org/x/text/feature/plural=/root/.cache/go-build/29/299c26a3a8f80a4af94dbf155eb507ee0a8712651b468926fe772ca4b778ea34-d
packagefile golang.org/x/text/internal/format=/root/.cache/go-build/ab/ab5538c3637a7ad819b4c5f9f6072214cdac08f030ff745341e5246f51db1a9c-d
packagefile golang.org/x/text/internal/number=/root/.cache/go-build/10/105adb268d8802f228299d51b8547f9517e1919ed954417de2f3fc8879c62876-d
packagefile golang.org/x/text/message/catalog=/root/.cache/go-build/d2/d2bc15ff4eef61ac084d2389734d0716f3d2b401ab57594660559b611db51783-d
packagefile unique=/root/.cache/go-build/21/21c99e52fb470456f61786d1e4c37d8b0a8d36267ddbe96b8070e783fa879a5f-d
packagefile crypto/internal/fips140/alias=/root/.cache/go-build/32/32e50f01d8101c349bc230e6e5a21f65bd88edb3b6cd5fdf865796deda92bff0-d
packagefile crypto/internal/boring/bbig=/root/.cache/go-build/8c/8c4bf7ef736adeea8e594158f0609cc97a9c41ff9be4037930b6f9569ba1a864-d
packagefile crypto/internal/fips140/bigmod=/root/.cache/go-build/4a/4a7dc15c297c50f67d6cce508a63faf782a63879a4b684a1d06c83dafcded956-d
packagefile crypto/internal/fips140/rsa=/root/.cache/go-build/72/720781da13bc60efc4cf266e27540ecd74759d0bbc42265af08530ed824884bc-d
packagefile crypto/internal/fips140hash=/root/.cache/go-build/53/538fe7847b73f1140d64574ef06e20ed4d782ffca75e3d1d6175bc51af707fa7-d
packagefile compress/bzip2=/root/.cache/go-build/29/296cf790ccf2dc1ca57258b832f2774b5fb074512fb6677213d9fc12150f2cf2-d
packagefile vendor/golang.org/x/text/secure/bidirule=/root/.cache/go-build/50/505f4d39af437fec73d4235931ccde791aa6530bb34be55a42d6c78304bcb32d-d
packagefile vendor/golang.org/x/text/unicode/bidi=/root/.cache/go-build/15/150b98624c880a2770c4a660614a7028804687d40d0b1f89a1979d6aff99d146-d
packagefile vendor/golang.org/x/text/unicode/norm=/root/.cache/go-build/84/842b6ae8ab2b77521382e9c3ec700814043d0447d08533df5ae8216d18418760-d
packagefile mime/quotedprintable=/root/.cache/go-build/91/9124ea23af1537fe978543b81316aaa262ab4dc7bad3cfaf384ba1263d185dda-d
packagefile github.com/bettercap/gatt/linux/evt=/root/.cache/go-build/1a/1af1dcfc22b0038f5d027d0ba9fdd1d4da65c980cd56ad693c195b386b7c90c5-d
packagefile github.com/bettercap/gatt/linux/gioctl=/root/.cache/go-build/a2/a2420c2c05ef6d29e075056a6474498218f72e8f55337607d1d57aab1adb11b2-d
packagefile github.com/bettercap/gatt/linux/socket=/root/.cache/go-build/03/033fe9e627699e408cc182b3c901c88dac7af62f1b23f94d81203d379748194a-d
packagefile github.com/bettercap/gatt/linux/util=/root/.cache/go-build/78/7819231627047b4409aba8c71b15496fa8de66dd3413a1dac645a0fdb13839a1-d
packagefile github.com/mgutz/logxi/v1=/root/.cache/go-build/c3/c3a8e827d1a01b4693e8ff525ab42189e4306c96fad44ab11c5e171fef781596-d
packagefile crypto/internal/fips140/ecdh=/root/.cache/go-build/80/802a2f686097b77fadc9f5c03a9399968123578516a085d325383e077795de29-d
packagefile crypto/internal/fips140/edwards25519/field=/root/.cache/go-build/ef/ef52bf89444979aa85e7afd16447e8eacc6627fc34ba2c4a675548f08b83499e-d
packagefile crypto/internal/fips140/ecdsa=/root/.cache/go-build/b4/b481052ec0877ca523a1de9ffe2af603bd26ad70b8a4f33bec45de72ad303eb5-d
packagefile crypto/internal/fips140/ed25519=/root/.cache/go-build/4b/4b82afe796c46e2633c276059f12ea90d1b168fb7a28d4719cc26059af6f84c1-d
packagefile crypto/internal/fips140/nistec=/root/.cache/go-build/e9/e91134c372f5f66698e6dbe5bdcecd05b0729fb568e409c8ff740c5c06ec62dd-d
packagefile crypto/internal/fips140/hmac=/root/.cache/go-build/b7/b7f907ad16511b10b3555ac168f73f9d94544962298c24d1060f11fa156e81ce-d
packagefile crypto/internal/fips140deps/cpu=/root/.cache/go-build/83/83c9e0ed9a4905ca66172747de4daae1de4351c2b8afd3d594803f944ed37689-d
packagefile crypto/internal/impl=/root/.cache/go-build/a6/a6366b4ee501ff2f7d5c11599790a5d2aadf657750347c21215a643b2880c622-d
packagefile vendor/golang.org/x/crypto/chacha20=/root/.cache/go-build/d3/d3241dc4268f28dae143ab9addbe12b40250b18f34c57e5e970b6879bc5106ed-d
packagefile vendor/golang.org/x/crypto/internal/alias=/root/.cache/go-build/74/74f1ccc90136d0bf5a359ec887f71e4e448ce7d9ca8174079352211b46ee2d97-d
packagefile vendor/golang.org/x/crypto/internal/poly1305=/root/.cache/go-build/d8/d83e4cb808910c334316d3a0567bcab64452a3b030fcf2ccae9327a0109e2feb-d
packagefile golang.org/x/net/internal/socks=/tmp/go-build29350899/b308/_pkg_.a
packagefile golang.org/x/text/encoding/internal/identifier=/root/.cache/go-build/61/61b34da4a154b9e572b5d3475949401cc004c522e2bcbb05084e97bc2013fd33-d
packagefile golang.org/x/text/transform=/root/.cache/go-build/6e/6e551b9255db309ed92fb88597c4a88c94fa1ac979710a81bd756f7b62fa688b-d
packagefile github.com/mitchellh/mapstructure=/tmp/go-build29350899/b271/_pkg_.a
packagefile golang.org/x/net/internal/iana=/root/.cache/go-build/5c/5c6f35fd9621dc8efc345f5849c83dbac1e601d0bb66bc77874f081e9a8fc1f2-d
packagefile golang.org/x/net/internal/socket=/tmp/go-build29350899/b281/_pkg_.a
packagefile testing=/root/.cache/go-build/bc/bce8f05331c24e973499d2f50e729afbbcd193a279f4cf43e983fd5a7b9722ef-d
packagefile github.com/gobwas/glob/match=/root/.cache/go-build/7a/7ad90f66f2488a4ef5da5106171d2c01d2dfc0c74b76e04b93288206507cf2a8-d
packagefile github.com/gobwas/glob/syntax/ast=/root/.cache/go-build/fe/fecf81461b8788bd3a97da3ed2b3fed609e86b9021c56b6614eaf83cd7ddcd86-d
packagefile github.com/gobwas/glob/util/runes=/root/.cache/go-build/55/55c86d6df9a7b0fd6ce849fd95789dc8087ff0e945377e3fd6a4550da0fa0d61-d
packagefile github.com/gobwas/glob/syntax/lexer=/root/.cache/go-build/e9/e99fdf5262a575d39b2c7dc97cdbb1ec33e2a2022c897b5a0ca4d958113486e5-d
packagefile hash/fnv=/root/.cache/go-build/22/2268134a76a8a15e53c64b7018bfbe421d4aed8e29e49b362abec716d1311984-d
packagefile golang.org/x/net/http/httpguts=/tmp/go-build29350899/b340/_pkg_.a
packagefile golang.org/x/net/http2/hpack=/root/.cache/go-build/a3/a330eb43d64de5b480283386f009c26623f8a572a0184cc64187c0e8e8bdf57a-d
packagefile golang.org/x/net/internal/httpcommon=/root/.cache/go-build/bf/bf1124e103e740aee2e25d6f1579afb93a76a6641a55afe36c879ec219677ef0-d
packagefile net/http/cookiejar=/tmp/go-build29350899/b351/_pkg_.a
packagefile github.com/josharian/native=/root/.cache/go-build/24/24b154662ea53d3e6e55296b494ffcad2591d27796f8d2546bcf103464bbc0f0-d
packagefile github.com/mdlayher/netlink/nlenc=/root/.cache/go-build/73/733e34019dad928d574b49110baf787b7314f4547d9917e90a7931e0721152fb-d
packagefile github.com/mdlayher/socket=/root/.cache/go-build/a3/a3f5acceac1bef1bbe91d7c9e79f6b87b787aa6640f8190f95ea90c5ec19dbf0-d
packagefile gopkg.in/sourcemap.v1/base64vlq=/root/.cache/go-build/a5/a542c457fdfc03a0c12c72cad8fc81dd1c59f0331939008defda5d65f49fc560-d
packagefile golang.org/x/text/internal/tag=/root/.cache/go-build/05/05dea3c2004c320e5a1eea5bdd283cd68c90d1cfbb1a9ce98556542faebef4c4-d
packagefile golang.org/x/text/internal/catmsg=/root/.cache/go-build/70/7082ea3b523d9562f5bb81837095d9ad0b27d42e070f3d454ab0baacaaf6d234-d
packagefile golang.org/x/text/internal/stringset=/root/.cache/go-build/45/450cb928199c9406f36c5e342268412e3175f72db324ba57b3e6c2bddf0439b4-d
packagefile golang.org/x/text/internal=/root/.cache/go-build/17/172e43e786fe945eb795b8d1bc84d9070859da8d84fb577294929cff59f984ee-d
packagefile weak=/root/.cache/go-build/da/dafa2f50002b942268a99d5230bd41fad47f2f9c0549b6506010a2ecdb204597-d
packagefile crypto/sha3=/root/.cache/go-build/40/4017e5062bd2a4b095dfc00b84a78b029ae93ce5c3cb4813e7dda689a49e477c-d
packagefile vendor/golang.org/x/text/transform=/root/.cache/go-build/7d/7d06590891a5b2eacf2854bb10ee6278fc8a35c76a663e93943856415f505d01-d
packagefile github.com/mattn/go-colorable=/root/.cache/go-build/52/52b9254fb618dcbecea3abc72f17feec672785011ab9165df35fe5556977b3b0-d
packagefile github.com/mattn/go-isatty=/root/.cache/go-build/1c/1c79f8fa13c263ea2ee7a1ac78524f340ed99a45ba925604ff98ab076fa0453e-d
packagefile github.com/mgutz/ansi=/root/.cache/go-build/f7/f717ca3eb170daab301f8884c9958145704abe7b656ad93cc90aa8a47d661c94-d
packagefile crypto/internal/fips140/edwards25519=/root/.cache/go-build/54/54fb12dc0c421624e5958b02b7c2634438ef43869076820c6270db18efcbe014-d
packagefile crypto/internal/fips140/nistec/fiat=/root/.cache/go-build/d9/d9f2849edf8c38ee32418c85ddd34d6c4a28bd7421c52b468ffb86aab4db3b37-d
packagefile internal/sysinfo=/root/.cache/go-build/dd/dd256aaecd3953bc721fce4d095896b8d587971e0e82ffdc7d4816edc9aa610b-d
packagefile runtime/trace=/root/.cache/go-build/20/2091cd962aa813af8e3a547875f3369268355f31516bd34dc21d4832c109e4a6-d
packagefile github.com/gobwas/glob/util/strings=/root/.cache/go-build/8e/8ef71c6c014112345ede8dcff911402b348e2cada87991ba3b9b7c3f704a045f-d
modinfo "0w\xaf\f\x92t\b\x02A\xe1\xc1\a\xe6\xd6\x18\xe6path\tgithub.com/bettercap/bettercap/v2\nmod\tgithub.com/bettercap/bettercap/v2\t(devel)\t\ndep\tgithub.com/acarl005/stripansi\tv0.0.0-20180116102854-5a71ef0e047d\th1:licZJFw2RwpHMqeKTCYkitsPqHNxTmd4SNR5r94FGM8=\ndep\tgithub.com/adrianmo/go-nmea\tv1.10.0\th1:L1aYaebZ4cXFCoXNSeDeQa0tApvSKvIbqMsK+iaRiCo=\ndep\tgithub.com/antchfx/jsonquery\tv1.3.6\th1:TaSfeAh7n6T11I74bsZ1FswreIfrbJ0X+OyLflx6mx4=\ndep\tgithub.com/antchfx/xpath\tv1.3.4\th1:1ixrW1VnXd4HurCj7qnqnR0jo14g8JMe20Fshg1Vgz4=\ndep\tgithub.com/bettercap/gatt\tv0.0.0-20240808115956-ec4935e8c4a0\th1:HiFUGV/7eGWG/YJAf9HcKOUmxIj+7LVzC8zD57VX1qo=\ndep\tgithub.com/bettercap/nrf24\tv0.0.0-20190219153547-aa37e6d0e0eb\th1:JWAAJk4ny+bT3VrtcX+e7mcmWtWUeUM0xVcocSAUuWc=\ndep\tgithub.com/bettercap/readline\tv0.0.0-20210228151553-655e48bcb7bf\th1:pwGPRc5PIp4KCF9QbKn0iLVMhfigUMw4IzGZEZ81m1I=\ndep\tgithub.com/bettercap/recording\tv0.0.0-20190408083647-3ce1dcf032e3\th1:pC4ZAk7UtDIbrRKzMMiIL1TVkiKlgtgcJodqKB53Rl4=\ndep\tgithub.com/cenkalti/backoff\tv2.2.1+incompatible\th1:tNowT99t7UNflLxfYYSlKYsBpXdEet03Pg2g16Swow4=\ndep\tgithub.com/dustin/go-humanize\tv1.0.1\th1:GzkhY7T5VNhEkwH0PVJgjz+fX1rhBrR7pRT3mDkpeCY=\ndep\tgithub.com/elazarl/goproxy\tv1.7.2\th1:Y2o6urb7Eule09PjlhQRGNsqRfPmYI3KKQLFpCAV3+o=\ndep\tgithub.com/evilsocket/islazy\tv1.11.0\th1:B5w6uuS6ki6iDG+aH/RFeoMb8ijQh/pGabewqp2UeJ0=\ndep\tgithub.com/florianl/go-nfqueue/v2\tv2.0.0\th1:NTCxS9b0GSbHkWv1a7oOvZn679fsyDkaSkRvOYpQ9Oo=\ndep\tgithub.com/gobwas/glob\tv0.0.0-20181002190808-e7a84e9525fe\th1:8P+/htb3mwwpeGdJg69yBF/RofK7c6Fjz5Ypa/bTqbY=\ndep\tgithub.com/golang/groupcache\tv0.0.0-20241129210726-2c02b8208cf8\th1:f+oWsMOmNPc8JmEHVZIycC7hBoQxHH9pNKQORJNozsQ=\ndep\tgithub.com/google/go-github\tv17.0.0+incompatible\th1:N0LgJ1j65A7kfXrZnUDaYCs/Sf4rEjNlfyDHW9dolSY=\ndep\tgithub.com/google/go-querystring\tv1.1.0\th1:AnCroh3fv4ZBgVIf1Iwtovgjaw/GiKJo8M8yD/fhyJ8=\ndep\tgithub.com/google/gousb\tv1.1.3\th1:xt6M5TDsGSZ+rlomz5Si5Hmd/Fvbmo2YCJHN+yGaK4o=\ndep\tgithub.com/gopacket/gopacket\tv1.3.1\th1:ZppWyLrOJNZPe5XkdjLbtuTkfQoxQ0xyMJzQCqtqaPU=\ndep\tgithub.com/gorilla/mux\tv1.8.1\th1:TuBL49tXwgrFYWhqrNgrUNEY92u81SPhu7sTdzQEiWY=\ndep\tgithub.com/gorilla/websocket\tv1.5.3\th1:saDtZ6Pbx/0u+bgYQ3q96pZgCzfhKXGPqt7kZ72aNNg=\ndep\tgithub.com/hashicorp/go-bexpr\tv0.1.14\th1:uKDeyuOhWhT1r5CiMTjdVY4Aoxdxs6EtwgTGnlosyp4=\ndep\tgithub.com/inconshreveable/go-vhost\tv1.0.0\th1:IK4VZTlXL4l9vz2IZoiSFbYaaqUW7dXJAiPriUN5Ur8=\ndep\tgithub.com/josharian/native\tv1.1.0\th1:uuaP0hAbW7Y4l0ZRQ6C9zfb7Mg1mbFKry/xzDAfmtLA=\ndep\tgithub.com/jpillora/go-tld\tv1.2.1\th1:kDKOkmXLlskqjcvNs7w5XHLep7c8WM7Xd4HQjxllVMk=\ndep\tgithub.com/kr/binarydist\tv0.1.0\th1:6kAoLA9FMMnNGSehX0s1PdjbEaACznAv/W219j2uvyo=\ndep\tgithub.com/malfunkt/iprange\tv0.9.0\th1:VCs0PKLUPotNVQTpVNszsut4lP7OCGNBwX+lOYBrnVQ=\ndep\tgithub.com/mattn/go-colorable\tv0.1.14\th1:9A9LHSqF/7dyVVX6g0U9cwm9pG3kP9gSzcuIPHPsaIE=\ndep\tgithub.com/mattn/go-isatty\tv0.0.20\th1:xfD0iDuEKnDkl03q4limB+vH+GxLEtL/jb4xVJSWWEY=\ndep\tgithub.com/mdlayher/dhcp6\tv0.0.0-20190311162359-2a67805d7d0b\th1:r12blE3QRYlW1WBiBEe007O6NrTb/P54OjR5d4WLEGk=\ndep\tgithub.com/mdlayher/netlink\tv1.7.2\th1:/UtM3ofJap7Vl4QWCPDGXY8d3GIY2UGSDbK+QWmY8/g=\ndep\tgithub.com/mdlayher/socket\tv0.5.1\th1:VZaqt6RkGkt2OE9l3GcC6nZkqD3xKeQLyfleW/uBcos=\ndep\tgithub.com/mgutz/ansi\tv0.0.0-20200706080929-d51e80ef957d\th1:5PJl274Y63IEHC+7izoQE9x6ikvDFZS2mDVS3drnohI=\ndep\tgithub.com/mgutz/logxi\tv0.0.0-20161027140823-aebf8a7d67ab\th1:n8cgpHzJ5+EDyDri2s/GC7a9+qK3/YEGnBsd0uS/8PY=\ndep\tgithub.com/miekg/dns\tv1.1.67\th1:kg0EHj0G4bfT5/oOys6HhZw4vmMlnoZ+gDu8tJ/AlI0=\ndep\tgithub.com/mitchellh/go-homedir\tv1.1.0\th1:lukF9ziXFxDFPkA1vsr5zpc1XuPDn/wFntq5mG+4E0Y=\ndep\tgithub.com/mitchellh/mapstructure\tv1.5.0\th1:jeMsZIYE/09sWLaz43PL7Gy6RuMjD2eJVyuac5Z2hdY=\ndep\tgithub.com/mitchellh/pointerstructure\tv1.2.1\th1:ZhBBeX8tSlRpu/FFhXH4RC4OJzFlqsQhoHZAz4x7TIw=\ndep\tgithub.com/phin1x/go-ipp\tv1.6.1\th1:oxJXi92BO2FZhNcG3twjnxKFH1liTQ46vbbZx+IN/80=\ndep\tgithub.com/pkg/errors\tv0.9.1\th1:FEBLx1zS214owpjy7qsBeixbURkuhQAwrK5UwLGTwt4=\ndep\tgithub.com/robertkrimen/otto\tv0.5.1\th1:avDI4ToRk8k1hppLdYFTuuzND41n37vPGJU7547dGf0=\ndep\tgithub.com/stratoberry/go-gpsd\tv1.3.0\th1:JxJOEC4SgD0QY65AE7B1CtJtweP73nqJghZeLNU9J+c=\ndep\tgithub.com/tarm/serial\tv0.0.0-20180830185346-98f6abe2eb07\th1:UyzmZLoiDWMRywV4DUYb9Fbt8uiOSooupjTq10vpvnU=\ndep\tgithub.com/thoj/go-ircevent\tv0.0.0-20210723090443-73e444401d64\th1:l/T7dYuJEQZOwVOpjIXr1180aM9PZL/d1MnMVIxefX4=\ndep\tgo.einride.tech/can\tv0.14.0\th1:OkQ0jsjCk4ijgTMjD43V1NKQyDztpX7Vo/NrvmnsAXE=\ndep\tgolang.org/x/net\tv0.42.0\th1:jzkYrhi3YQWD6MLBJcsklgQsoAcw89EcZbJw8Z614hs=\ndep\tgolang.org/x/sync\tv0.16.0\th1:ycBJEhp9p4vXvUZNszeOq0kGTPghopOL8q0fq3vstxw=\ndep\tgolang.org/x/sys\tv0.34.0\th1:H5Y5sJ2L2JRdyv7ROF1he/lPdvFsd0mJHFw2ThKHxLA=\ndep\tgolang.org/x/text\tv0.27.0\th1:4fGWRpyh641NLlecmyl4LOe6yDdfaYNrGb2zdfo4JV4=\ndep\tgopkg.in/sourcemap.v1\tv1.0.5\th1:inv58fC9f9J3TK2Y2R1NPntXEn3/wjWHkonhIUODNTI=\ndep\tgopkg.in/yaml.v3\tv3.0.1\th1:fxVm/GzAzEWqLHuvctI91KS9hhNmmWOoWu0XTYJS7CA=\nbuild\t-buildmode=exe\nbuild\t-compiler=gc\nbuild\tDefaultGODEBUG=gotestjsonbuildtext=1,multipathtcp=0,randseednop=0,rsa1024min=0,tlsmlkem=0,x509rsacrt=0,x509usepolicies=0\nbuild\tCGO_ENABLED=1\nbuild\tCGO_CFLAGS=-I/root/research/libpcap-android/include\nbuild\tCGO_CPPFLAGS=-I/root/research/libpcap-android/include\nbuild\tCGO_CXXFLAGS=\nbuild\tCGO_LDFLAGS=\"/root/research/libpcap-android/arm64-v8a/21/libpcap.a -llog\"\nbuild\tGOARCH=arm64\nbuild\tGOOS=android\nbuild\tGOARM64=v8.0\nbuild\tvcs=git\nbuild\tvcs.revision=56fb6166976bc60f0195320f116849a61b231bf0\nbuild\tvcs.time=2026-03-20T12:55:19Z\nbuild\tvcs.modified=false\n\xf92C1\x86\x18 r\x00\x82B\x10A\x16\xd8\xf2"
EOF
mkdir -p $WORK/b001/exe/
cd .
GOROOT='/root/go/pkg/mod/golang.org/toolchain@v0.0.1-go1.24.4.linux-amd64' /root/go/pkg/mod/golang.org/toolchain@v0.0.1-go1.24.4.linux-amd64/pkg/tool/linux_amd64/link -o $WORK/b001/exe/a.out -importcfg $WORK/b001/importcfg.link -X=runtime.godebugDefault=gotestjsonbuildtext=1,multipathtcp=0,randseednop=0,rsa1024min=0,tlsmlkem=0,x509rsacrt=0,x509usepolicies=0 -buildmode=pie -buildid=o3sdkch4JNsY3z4V7_7F/HzzmagqgvR14ArM0YgxE/FWnOhnqaS9_yRUqZ05sr/o3sdkch4JNsY3z4V7_7F -extld=/root/android-ndk/android-ndk-r26d/toolchains/llvm/prebuilt/linux-x86_64/bin/aarch64-linux-android21-clang $WORK/b001/_pkg_.a
# github.com/bettercap/bettercap/v2
/root/go/pkg/mod/golang.org/toolchain@v0.0.1-go1.24.4.linux-amd64/pkg/tool/linux_amd64/link: running /root/android-ndk/android-ndk-r26d/toolchains/llvm/prebuilt/linux-x86_64/bin/aarch64-linux-android21-clang failed: exit status 1
/root/android-ndk/android-ndk-r26d/toolchains/llvm/prebuilt/linux-x86_64/bin/aarch64-linux-android21-clang -Wl,-z,relro -pie -Wl,-z,now -Wl,-z,nocopyreloc -fuse-ld=lld -Wl,--build-id=0x81f3320aa7f2a55271d697b3e987572053bcf768 -o $WORK/b001/exe/a.out -rdynamic -Qunused-arguments -Wl,--compress-debug-sections=zlib /tmp/go-link-639625687/go.o /tmp/go-link-639625687/000000.o /tmp/go-link-639625687/000001.o /tmp/go-link-639625687/000002.o /tmp/go-link-639625687/000003.o /tmp/go-link-639625687/000004.o /tmp/go-link-639625687/000005.o /tmp/go-link-639625687/000006.o /tmp/go-link-639625687/000007.o /tmp/go-link-639625687/000008.o /tmp/go-link-639625687/000009.o /tmp/go-link-639625687/000010.o /tmp/go-link-639625687/000011.o /tmp/go-link-639625687/000012.o /tmp/go-link-639625687/000013.o /tmp/go-link-639625687/000014.o /tmp/go-link-639625687/000015.o /tmp/go-link-639625687/000016.o /tmp/go-link-639625687/000017.o /tmp/go-link-639625687/000018.o /tmp/go-link-639625687/000019.o /tmp/go-link-639625687/000020.o /tmp/go-link-639625687/000021.o /tmp/go-link-639625687/000022.o /tmp/go-link-639625687/000023.o /tmp/go-link-639625687/000024.o /tmp/go-link-639625687/000025.o /tmp/go-link-639625687/000026.o /tmp/go-link-639625687/000027.o /tmp/go-link-639625687/000028.o /tmp/go-link-639625687/000029.o /root/research/libpcap-android/arm64-v8a/21/libpcap.a -llog /root/research/libpcap-android/arm64-v8a/21/libpcap.a -llog -lpcap /root/research/libpcap-android/arm64-v8a/21/libpcap.a -llog -lusb-1.0 /root/research/libpcap-android/arm64-v8a/21/libpcap.a -llog -ldl /root/research/libpcap-android/arm64-v8a/21/libpcap.a -llog -llog
clang-17: error: no such file or directory: '/root/research/libpcap-android/arm64-v8a/21/libpcap.a'
clang-17: error: no such file or directory: '/root/research/libpcap-android/arm64-v8a/21/libpcap.a'
clang-17: error: no such file or directory: '/root/research/libpcap-android/arm64-v8a/21/libpcap.a'
clang-17: error: no such file or directory: '/root/research/libpcap-android/arm64-v8a/21/libpcap.a'
clang-17: error: no such file or directory: '/root/research/libpcap-android/arm64-v8a/21/libpcap.a'

